ProductId,SkuId,EAN,ISBN,Brand,Category,Imageurl1,Imageurl2,Imageurl3,StockStatus,StockQuantity,PackageWeight,Language,Title,Description,AttributeColor,AttributeSize,Attribute1,Attribute2,Attribute3,Currency,NormalPriceWithoutVAT,VATRate
AP10483378,AP10483378,8059978766175,,Coccinelle,"Apparel & Accessories > Handbags, Wallets & Cases > Handbags > Womens",https://brandsgateway-img.s3.fr-par.scw.cloud/10483375.jpeg,https://brandsgateway-img.s3.fr-par.scw.cloud/10483376.jpeg,https://brandsgateway-img.s3.fr-par.scw.cloud/10483377.jpeg,INSTOCK,8,3,en,Coccinelle Nero Pelle Women Handbag,"Coccinelle Nero Pelle Women Handbag. Elevate your accessory game with the COCCINELLE Lepaki Bag, a symphony of Italian craftsmanship and modern elegance. This exquisite piece is designed for the trendsetters, featuring a sleek black hue that exudes understated luxury. The bag comes equipped with dual shoulder handles for versatile carrying options, while the secure zip closure guards your essentials. An external pocket provides easy access, and an internal pocket coupled with dedicated phone spaces keep your items organized. Donned with the signature COCCINELLE logo, it’s not just a bag; it’s a statement. Material: 100% Pelle Country of origin: ITALIA Color: Nero Colour: Black. Dimensions: 32.0X20.0X10.0. Country of origin: IT. Manufacturer part number: E1U4A120101_NE001. Condition: new with tags.",Black,,,E1U4A120101_NE001,E1U4A120101_NE001,EUR,296.25,23
AP9928056,AP9928056,8050597739496,,Furla,"Apparel & Accessories > Handbags, Wallets & Cases > Handbags > Womens",https://brandsgateway-img.s3.fr-par.scw.cloud/9928053.jpeg,https://brandsgateway-img.s3.fr-par.scw.cloud/9928054.jpeg,https://brandsgateway-img.s3.fr-par.scw.cloud/9928055.jpeg,INSTOCK,6,3,en,Furla Nero Pelle Women Handbag,"Furla Nero Pelle Women Handbag. Indulge in the epitome of Italian elegance with this FURLA Ava L Tote. Designed for the fashion-forward individual, this tote features adjustable shoulder straps for personalized comfort and a spacious interior with a secure zip closure. The side drawstrings add a dash of flair while the sophisticated Nero hue encapsulates timeless grace. A subtle yet distinct FURLA logo ensures your style is recognized wherever you go. Material: 100% Pelle Country of Origin: CINA Color: Nero Colour: Black. Dimensions: 36.0X29.0X14.0. Country of origin: CN. Manufacturer part number: WB02059BX4329_NE3924S. Condition: new with tags.",Black,,,WB02059BX4329_NE3924S,WB02059BX4329_NE3924S,EUR,333.75,23
AP9688410,AP9688410,8059579795581,,Dolce & Gabbana,"Apparel & Accessories > Handbags, Wallets & Cases > Handbags > Womens",https://brandsgateway-img.s3.fr-par.scw.cloud/9688447.jpeg,https://brandsgateway-img.s3.fr-par.scw.cloud/9688448.jpeg,https://brandsgateway-img.s3.fr-par.scw.cloud/9688449.jpeg,INSTOCK,9,3,en,Dolce & Gabbana Green Logo Plaque Nylon Waist Fanny Pack Men's Borse Bag,"Dolce & Gabbana Green Logo Plaque Nylon Waist Fanny Pack Men's Borse Bag. DOLCE & GABBANA Gorgeous brand new, 100% Authentic Dolce & Gabbana men’s fanny pack features a sleek blue nylon design highlighted by a metal logo plaque on the front. It includes an adjustable waist strap, zip closure, and multiple compartments for practical, hands-free storage with a refined modern look. Model: Fanny pack Color: Green Material: 15%NY+80%PA+05%Calf Int.: 80%PA+20%Calf Outer pockets Zipper closure Logo details, logo engraved metal hardware Made in Italy Very exclusive and very high craftsmanship Measurements: 24cm x 16cm x 5cm Strap: 115cm x 4cm Material: 15%NY+80%PA+05lf. Colour: Green. Country of origin: IT. Condition: new with tags.",Green,,,,,EUR,505.00,23
AP10754546,AP10754546,8054034884251,,Versace,"Apparel & Accessories > Handbags, Wallets & Cases > Handbags > Womens",https://brandsgateway-img.s3.fr-par.scw.cloud/10754539.jpeg,https://brandsgateway-img.s3.fr-par.scw.cloud/10754541.jpeg,https://brandsgateway-img.s3.fr-par.scw.cloud/10754544.jpeg,INSTOCK,20,3,en,Versace Beige Fabric Handbag,"Versace Beige Fabric Handbag. Description: The product with MPN 10126461A133041KD4V and code F86757 fabric in beige is a handbags designed by Versace. It has features like front detail, removable shoulder. Colour: Beige. Country of origin: IT. Manufacturer part number: 10126461A133041KD4V. Condition: new with tags.",Beige,,,10126461A133041KD4V,10126461A133041KD4V,EUR,663.75,23
AP11172829,AP11172829,0197865145455,,Tory Burch,"Apparel & Accessories > Handbags, Wallets & Cases > Handbags > Womens",https://brandsgateway-img.s3.fr-par.scw.cloud/11172823.jpeg,https://brandsgateway-img.s3.fr-par.scw.cloud/11172825.jpeg,https://brandsgateway-img.s3.fr-par.scw.cloud/11172827.jpeg,INSTOCK,6,0,en,Tory Burch Brown Leather Crossbody Bag,Tory Burch Brown Leather Crossbody Bag. Description: The product code F87646 leather in brown is a crossbody bags designed by Tory Burch. It has features like front logo. Colour: Brown. Country of origin: KH. Condition: new with tags.,Brown,,,,,EUR,418.75,23
AP450374,AP450374,8052087565172,,Dolce & Gabbana,"Apparel & Accessories > Handbags, Wallets & Cases > Handbags > Womens",https://brandsgateway-img.s3.fr-par.scw.cloud/450375.jpg,https://brandsgateway-img.s3.fr-par.scw.cloud/450376.jpg,https://brandsgateway-img.s3.fr-par.scw.cloud/450377.jpg,OUTOFSTOCK,0,3,en,Dolce & Gabbana Beige Straw Snakeskin Pom Pom Crystal AGNESE Bag,"Dolce & Gabbana Beige Straw Snakeskin Pom Pom Crystal AGNESE Bag. Dolce & Gabbana Absolutely stunning, 100% Brand new with tags Dolce & Gabbana beige straw and snakeskin Pom Pom crystal AGNESE bag purse. Model: AGNESE, Bucket bag purse, Material: 8% PC, 8% Wool, 24% Fiber Vegetale, Straw Legno, Snakeskin, Crocodile Color: Beige and black, gold metal detailing Crystal: Black Strap: One handle Detachable crocodile iphone6 Case with crystal Pom Pom embedded detailing Black with white polka dots print inner lining Logo details, logo engraved metal hardware Made in Italy Measurements: 20cm x 13cm x 18cm Colour: Multicolor. Country of origin: IT. Condition: new with tags.",Multicolor,,,,,EUR,1112.50,23
AP6787947,AP6787947,8051043502671,,Dolce & Gabbana,"Apparel & Accessories > Handbags, Wallets & Cases > Handbags > Womens",https://brandsgateway-img.s3.fr-par.scw.cloud/6788012.jpeg,https://brandsgateway-img.s3.fr-par.scw.cloud/6788011.jpeg,https://brandsgateway-img.s3.fr-par.scw.cloud/6788013.jpeg,INSTOCK,3,3,en,Dolce & Gabbana White Rafia Leather Top Handle Crossbody Bag,"Dolce & Gabbana White Rafia Leather Top Handle Crossbody Bag. DOLCE & GABBANA bsolutely stunning, 100% Authentic brand new Dolce & Gabbana leather bag detailed with padded top handle, gold-tone hardware and magnetic closure, adjustable and removable shoulder strap and fabric lining. Model: Crossbody bag Color: White with gold-tone hardware Material: Leather, Raffia Strap: Adjustable/detachable shoulder strap Fabric inner lining Magnetic fastening Logo engraved metal hardware Made in Italy Measurements: 34cm x 28cm x 16cm Strap: 120cm x 2cm Material: Leather, Raffia. Colour: White. Country of origin: IT. Condition: new with tags.",White,,,,,EUR,3980.00,23
AP6893880,AP6893880,8057142396395,,Dolce & Gabbana,"Apparel & Accessories > Handbags, Wallets & Cases > Handbags > Womens",https://brandsgateway-img.s3.fr-par.scw.cloud/6893884.jpeg,https://brandsgateway-img.s3.fr-par.scw.cloud/6893885.jpeg,https://brandsgateway-img.s3.fr-par.scw.cloud/6893886.jpeg,INSTOCK,4,3,en,Dolce & Gabbana White Quilted Logo Plaque Belt Waist Fanny Pack Bag,"Dolce & Gabbana White Quilted Logo Plaque Belt Waist Fanny Pack Bag. DOLCE & GABBANA Gorgeous brand new, 100% Authentic Dolce & Gabbana white quilted finish gold-tone logo plaque two-way zip fastening detachable adjustable waist strap flat top handles main compartment internal patch pockets internal zip-fastening pocket. Model: Belt bag Color: White with gold-tone hardware Material: Polyester 70%, Nylon 15%, Calf Leather 10%, Polyurethane 5% Strap: Adjustable waist strap Zipper fastening Logo engraved metal hardware Made in Italy Measurements: 49cm x 29cm x 1cm Strap: 116cm Material: Polyester 70%, Nylon 15%, Calf Leather 10%, Polyurethane 5%. Colour: White. Country of origin: IT. Condition: new with tags.",White,,,,,EUR,1412.50,23
AP9910832,AP9910832,8050597728445,,Furla,"Apparel & Accessories > Handbags, Wallets & Cases > Handbags > Womens",https://brandsgateway-img.s3.fr-par.scw.cloud/9910826.jpeg,https://brandsgateway-img.s3.fr-par.scw.cloud/9910828.jpeg,https://brandsgateway-img.s3.fr-par.scw.cloud/9910831.jpeg,INSTOCK,19,3,en,Furla Nero Leather Women Bag,"Furla Nero Leather Women Bag. Unleash the essence of Italian luxury with FURLA’s B TONIE bag. Designed to epitomize elegance, this chic piece elevates any look. With its sleek black leather, a convenient removable handle, and an adjustable strap, it’s versatile enough for any occasion. Two internal pockets keep your essentials organized, while the secure zip closure and the prominent FURLA logo add both function and high-fashion flair. Perfectly crafted for the modern trendsetter. – Material: 100% Leather – Country of Origin: China – Color: Black Colour: Black. Dimensions: 28.0X22.0X10.0. Country of origin: CN. Manufacturer part number: WB01964A0023_NEO6000. Condition: new with tags.",Black,,,WB01964A0023_NEO6000,WB01964A0023_NEO6000,EUR,347.50,23
AP10195711,AP10195711,8050597707402,,Furla,"Apparel & Accessories > Handbags, Wallets & Cases > Handbags > Womens",https://brandsgateway-img.s3.fr-par.scw.cloud/10195701.jpeg,https://brandsgateway-img.s3.fr-par.scw.cloud/10195708.jpeg,https://brandsgateway-img.s3.fr-par.scw.cloud/10195710.jpeg,INSTOCK,11,3,en,Furla Nero Pelle Women Shoulder Bag,"Furla Nero Pelle Women Shoulder Bag. Elevate your ensemble with the quintessential sophistication of FURLA’s Lara shoulder bag. Crafted from the finest 100% Pelle leather in Italia, its sleek, Nero hue exudes timeless elegance. The magnetic closure secures a well-organized interior, featuring a convenient internal pocket and dedicated spaces for your phone, ensuring style meets function. The signature FURLA logo is the hallmark of luxury and craftsmanship that drapes gracefully off your shoulder. Material: 100% Pelle Country of origin: Italia Color: Nero Colour: Black. Dimensions: 35.0X30.0X13.0. Country of origin: IT. Manufacturer part number: WB01876HSF000_NEO6000. Condition: new with tags.",Black,,,WB01876HSF000_NEO6000,WB01876HSF000_NEO6000,EUR,356.25,23
AP10700215,AP10700215,8050597739151,,Furla,"Apparel & Accessories > Handbags, Wallets & Cases > Handbags > Womens",https://brandsgateway-img.s3.fr-par.scw.cloud/10700212.jpeg,https://brandsgateway-img.s3.fr-par.scw.cloud/10700213.jpeg,https://brandsgateway-img.s3.fr-par.scw.cloud/10700214.jpeg,INSTOCK,6,3,en,Furla White Leather Women's Bag,"Furla White Leather Women's Bag. Embrace elegance with the Furla Lara Shoulder Bag, a must-have in any fashion-forward wardrobe. Crafted with precision, this Italian-designed piece features a versatile single handle for effortless chic. Inside, discover an organized haven with one internal pocket and dedicated spaces for your phone, ensuring all essentials are at arm’s reach. A magnetic closure and subtle logo add the finishing touch to this timeless accessory. Make a statement every day with the vibrant white hue! Material: 100% Leather Country of origin: China Color: White Colour: White. Dimensions: 35.0X30.0X13.0. Country of origin: CN. Manufacturer part number: WB01876HSF000_BITALCO. Condition: new with tags.",White,,,WB01876HSF000_BITALCO,WB01876HSF000_BITALCO,EUR,356.25,23
AP10056149,AP10056149,8050597804941,,Furla,"Apparel & Accessories > Handbags, Wallets & Cases > Handbags > Womens",https://brandsgateway-img.s3.fr-par.scw.cloud/10056142.jpeg,https://brandsgateway-img.s3.fr-par.scw.cloud/10056144.jpeg,https://brandsgateway-img.s3.fr-par.scw.cloud/10056146.jpeg,INSTOCK,4,3,en,Furla Marrone Leather Women Handbag,"Furla Marrone Leather Women Handbag. Elevate your accessory game with the stunning FURLA Lara shoulder bag – a symbol of Italian elegance with a contemporary edge. Crafted from 100% premium leather in a rich, versatile marrone hue that complements any look. This chic carryall is more than just a statement piece; it’s a functional treasure with a magnetic closure securing your essentials and thoughtful internals, including a handy pocket and designated phone spaces. Color: Marrone Material: 100% Pelle Country of origin: China Brand: FURLA Colour: Brown. Dimensions: 35.0X30.0X13.0. Country of origin: CN. Manufacturer part number: WB01876HSF000_MAYU500. Condition: new with tags.",Brown,,,WB01876HSF000_MAYU500,WB01876HSF000_MAYU500,EUR,356.25,23
AP9239409,AP9239409,8057142158900,,Dolce & Gabbana,"Apparel & Accessories > Handbags, Wallets & Cases > Handbags > Womens",https://brandsgateway-img.s3.fr-par.scw.cloud/9239459.jpeg,https://brandsgateway-img.s3.fr-par.scw.cloud/9239460.jpeg,https://brandsgateway-img.s3.fr-par.scw.cloud/9239461.jpeg,OUTOFSTOCK,0,3,en,Dolce & Gabbana Black Leather Pearl Chain Bag Accessory Shoulder Strap,"Dolce & Gabbana Black Leather Pearl Chain Bag Accessory Shoulder Strap. DOLCE & GABBANA Gorgeous brand new, 100% Authentic Dolce & Gabbana shoulder strap. Crafted in Italy, this piece combines black leather, silver-tone chain links, and oversized pearl accents, complete with the iconic DG logo charm. A luxurious accessory to elevate any bag. Model: Shoulder StrapGender: WomenColor: Black leather with silver chain and white pearlMaterial: 40% Real Brass + 20% Plastic + 40% CalfInt.: 40% Real Brass + 20% Plastic + 40% CalfLogo detailsMade in ItalyMeasurements: 140cm Material: 40%Real Brass+20%Plastic+40lf. Colour: Black. Country of origin: SE. Condition: new with tags.",Black,,,,,EUR,830.00,23
AP10364115,AP10364115,8057142209015,,Dolce & Gabbana,"Apparel & Accessories > Handbags, Wallets & Cases > Handbags > Womens",https://brandsgateway-img.s3.fr-par.scw.cloud/10364122.jpeg,https://brandsgateway-img.s3.fr-par.scw.cloud/10364123.jpeg,https://brandsgateway-img.s3.fr-par.scw.cloud/10364124.jpeg,OUTOFSTOCK,0,3,en,Dolce & Gabbana Black Leather Silver Chain Bag Accessory Shoulder Strap,"Dolce & Gabbana Black Leather Silver Chain Bag Accessory Shoulder Strap. DOLCE & GABBANA Gorgeous brand new, 100% Authentic Dolce & Gabbana shoulder strap. Crafted in Italy, this piece combines black leather, silver-tone chain links, complete with the iconic DG logo charm. A luxurious accessory to elevate any bag.Model: SHOULDER StrapGender: WomenColor: Black leather with silver chainMaterial: 50% Lamb 10%Zamak 30%Real Brass 10%CalfLogo DetailsMade in ItalyMeasurements: 140cm x 3.5cm Material: 50% Lamb 10%Zamak 30%Real Brass 10lf. Colour: Black. Country of origin: IT. Condition: new with tags.",Black,,,,,EUR,830.00,23
AP6788423,AP6788423,8057155828036,,Dolce & Gabbana,"Apparel & Accessories > Handbags, Wallets & Cases > Handbags > Womens",https://brandsgateway-img.s3.fr-par.scw.cloud/6788425.jpeg,https://brandsgateway-img.s3.fr-par.scw.cloud/6788424.jpeg,https://brandsgateway-img.s3.fr-par.scw.cloud/6788426.jpeg,INSTOCK,3,3,en,Dolce & Gabbana Blue White Calfskin Leather Crossbody Shoulder Bag,"Dolce & Gabbana Blue White Calfskin Leather Crossbody Shoulder Bag. DOLCE & GABBANA Gorgeous brand new, 100% Authentic Dolce & Gabbana women’s calf leather shoulder two-toned bag. Model: Shoulder bag Color: Blue White Material: 70% Calfskin Leather 30% Cotton Strap: Shoulder strap Buckle closure Logo details, logo engraved metal hardware Made in Italy Very exclusive and very high craftsmanship Measurements: 42cm x 15cm x 0.5cm Strap: 121cm x 2.5cm Material: 70% Calfskin Leather 30% Cotton. Colour: Blue and White. Country of origin: IT. Condition: new with tags.",Blue and White,,,,,EUR,787.50,23
AP11185362,AP11185362,8050597794129,,Furla,"Apparel & Accessories > Handbags, Wallets & Cases > Handbags > Womens",https://brandsgateway-img.s3.fr-par.scw.cloud/11185359.jpeg,https://brandsgateway-img.s3.fr-par.scw.cloud/11185360.jpeg,https://brandsgateway-img.s3.fr-par.scw.cloud/11185361.jpeg,INSTOCK,20,3,en,Furla Black Leather Women's Bag,"Furla Black Leather Women's Bag. Step into sophistication with the FURLA Olivia L Tote Bag, a must-have for your accessory collection. This elegant tote features two durable shoulder handles for comfort and a spacious interior that includes a specialized pocket and dedicated spaces for your phone, ensuring your essentials are neatly organized. Finished with a secure zip closure and proudly displaying the iconic FURLA logo, this bag is perfect for trendsetters wanting style with functionality. Color: Black Material: 100% Leather Country of origin: China Colour: Black. Dimensions: 48.0X28.0X15.0. Country of origin: CN. Manufacturer part number: WB01940HSF000_NEO6000. Condition: new with tags.",Black,,,WB01940HSF000_NEO6000,WB01940HSF000_NEO6000,EUR,365.00,23
AP11185333,AP11185333,8050597893693,,Furla,"Apparel & Accessories > Handbags, Wallets & Cases > Handbags > Womens",https://brandsgateway-img.s3.fr-par.scw.cloud/11185330.jpeg,https://brandsgateway-img.s3.fr-par.scw.cloud/11185331.jpeg,https://brandsgateway-img.s3.fr-par.scw.cloud/11185332.jpeg,INSTOCK,18,3,en,Furla Brown Leather Women's Bag,"Furla Brown Leather Women's Bag. Get ready to elevate your style with the Furla Dora M Tote Bag – a chic blend of elegance and functionality. Perfect for the modern woman on the go, this tote offers two comfortable shoulder handles and a snap closure to secure your essentials. Inside, you’ll find a dedicated pocket and phone space to keep everything organized. The Furla logo is the mark of authentic luxury, adding a touch of sophistication to your ensemble. Color: Brown Material: 100% Leather Country of origin: China Colour: Brown. Dimensions: 33.0X23.0X12.0. Country of origin: CN. Manufacturer part number: WB02012BX4018_MA3244S. Condition: new with tags.",Brown,,,WB02012BX4018_MA3244S,WB02012BX4018_MA3244S,EUR,365.00,23
AP9910766,AP9910766,8050597702643,,Furla,"Apparel & Accessories > Handbags, Wallets & Cases > Handbags > Womens",https://brandsgateway-img.s3.fr-par.scw.cloud/9910754.jpeg,https://brandsgateway-img.s3.fr-par.scw.cloud/9910757.jpeg,https://brandsgateway-img.s3.fr-par.scw.cloud/9910763.jpeg,INSTOCK,3,3,en,Furla Nero Leather Woman Crossbody,"Furla Nero Leather Woman Crossbody. Indulge in the epitome of Italian elegance with FURLA’s Moonlight S Crossbody Round. A perfect blend of form and function, this piece boasts an adjustable shoulder strap that caters to your comfort and style. The sleek Nero hue complements the sophisticated design, and the secure snap closure ensures your essentials are always within reach. Crafted from 100% Pelle, it reflects luxury in every stitch and is complemented by a subtle yet iconic logo placement. Ideal for the fashion-forward individual on the move. Color: Nero Material: 100% Pelle Country of Origin: CINA Colour: Black. Dimensions: 22.0X16.0X5.0. Country of origin: CN. Manufacturer part number: WB01887BX3036_NEO6000. Condition: new with tags.",Black,,,WB01887BX3036_NEO6000,WB01887BX3036_NEO6000,EUR,327.50,23
AP11185323,AP11185323,8050597870748,,Furla,"Apparel & Accessories > Handbags, Wallets & Cases > Handbags > Womens",https://brandsgateway-img.s3.fr-par.scw.cloud/11185318.jpeg,https://brandsgateway-img.s3.fr-par.scw.cloud/11185320.jpeg,https://brandsgateway-img.s3.fr-par.scw.cloud/11185321.jpeg,INSTOCK,10,3,en,Furla Brown Leather Women's Bag,"Furla Brown Leather Women's Bag. Step into effortless elegance with the Furla Olivia L Tote Bag. This chic accessory features dual shoulder handles for versatile style and comfort, making it ideal for any occasion. Inside, discover a spacious pocket and phone compartments to keep your essentials organized, plus a secure zip closure. Adorned with the iconic Furla logo, this tote is both practical and stylish, a must-have for your collection. Material: 100% Leather Country of origin: China Color: Brown Colour: Brown. Dimensions: 48.0X28.0X15.0. Country of origin: CN. Manufacturer part number: WB01940HSF000_MA4284S. Condition: new with tags.",Brown,,,WB01940HSF000_MA4284S,WB01940HSF000_MA4284S,EUR,365.00,23
AP11185366,AP11185366,8050597871332,,Furla,"Apparel & Accessories > Handbags, Wallets & Cases > Handbags > Womens",https://brandsgateway-img.s3.fr-par.scw.cloud/11185363.jpeg,https://brandsgateway-img.s3.fr-par.scw.cloud/11185364.jpeg,https://brandsgateway-img.s3.fr-par.scw.cloud/11185365.jpeg,INSTOCK,13,3,en,Furla Gray Leather Women's Bag,"Furla Gray Leather Women's Bag. Introducing the Furla Primrose Tote Bag, a bold statement piece for the modern fashionista. Crafted from premium leather, this tote features twin handles, an adjustable and removable shoulder strap, and a detachable pouch to keep essentials organized. The contrasting details, paired with the zipper and snap closure, add a chic edge to any outfit. Elevate your accessory game with this versatile piece, complete with the iconic Furla logo. Color: Grey Material: 100% Leather Country of origin: China Colour: Gray. Dimensions: 30.0X25.0X11.0. Country of origin: CN. Manufacturer part number: WB02225HSF000_GR2572S. Condition: new with tags.",Gray,,,WB02225HSF000_GR2572S,WB02225HSF000_GR2572S,EUR,358.75,23
AP11185358,AP11185358,8050597794150,,Furla,"Apparel & Accessories > Handbags, Wallets & Cases > Handbags > Womens",https://brandsgateway-img.s3.fr-par.scw.cloud/11185355.jpeg,https://brandsgateway-img.s3.fr-par.scw.cloud/11185356.jpeg,https://brandsgateway-img.s3.fr-par.scw.cloud/11185357.jpeg,INSTOCK,20,3,en,Furla Black Leather Women's Bag,"Furla Black Leather Women's Bag. Elevate your style with the chic Furla Olivia M Tote Bag. Designed for those who dare to stand out, this stylish tote features two shoulder handles and a practical internal pocket with dedicated phone spaces for ultimate organization. The secure zip closure ensures your essentials are safely tucked away. Adorned with an iconic logo, it’s a timeless piece perfect for any occasion. Material: 100% Leather Country of Origin: China Color: Black Colour: Black. Dimensions: 43.0X23.0X14.0. Country of origin: CN. Manufacturer part number: WB01977HSF000_NEO6000. Condition: new with tags.",Black,,,WB01977HSF000_NEO6000,WB01977HSF000_NEO6000,EUR,347.50,23
AP9910796,AP9910796,8050597741956,,Furla,"Apparel & Accessories > Handbags, Wallets & Cases > Handbags > Womens",https://brandsgateway-img.s3.fr-par.scw.cloud/9910789.jpeg,https://brandsgateway-img.s3.fr-par.scw.cloud/9910792.jpeg,https://brandsgateway-img.s3.fr-par.scw.cloud/9910794.jpeg,OUTOFSTOCK,0,3,en,Furla Marrone Leather Woman Handbag,"Furla Marrone Leather Woman Handbag. Dare to dazzinate with the breathtaking FURLA Ava, a testament to impeccable Italian craftsmanship. This exquisite marrone piece stands as a symbol of sophistication, featuring two adjustable shoulder handles, gracefully accentuating its silhouette. A zip closure ensures your essentials are secured with elegance, while side drawstrings offer a touch of whimsy. The solitary internal pocket epitomizes functionality in luxury. It’s not just a bag – it’s a FURLA statement. Material: 100% Pelle Country of Origin: China Color: Marrone Colour: Brown. Dimensions: 30.0X25.0X14.0. Country of origin: CN. Manufacturer part number: WB02069BX4329_MA4619S. Condition: new with tags.",Brown,,,WB02069BX4329_MA4619S,WB02069BX4329_MA4619S,EUR,322.50,23
AP11185319,AP11185319,8050597871080,,Furla,"Apparel & Accessories > Handbags, Wallets & Cases > Handbags > Womens",https://brandsgateway-img.s3.fr-par.scw.cloud/11185315.jpeg,https://brandsgateway-img.s3.fr-par.scw.cloud/11185316.jpeg,https://brandsgateway-img.s3.fr-par.scw.cloud/11185317.jpeg,INSTOCK,5,3,en,Furla Green Leather Women Bag,"Furla Green Leather Women Bag. Meet the Furla Olivia M Boston Bag, your ultimate statement piece combining elegance and functionality. Crafted from 100% Leather, it features 2 chic handles and an adjustable, removable shoulder strap for versatile wear. This vibrant green bag also boasts 2 internal pockets for your essentials, a secure zip closure, and is adorned with the iconic Furla logo, showcasing sophisticated style made in China. Material: Leather Country of origin: China Color: Green Colour: Green. Dimensions: 25.0X20.0X13.0. Country of origin: CN. Manufacturer part number: WB02148A0023_VE4903S. Condition: new with tags.",Green,,,WB02148A0023_VE4903S,WB02148A0023_VE4903S,EUR,365.00,23
AP11185351,AP11185351,8050597870755,,Furla,"Apparel & Accessories > Handbags, Wallets & Cases > Handbags > Womens",https://brandsgateway-img.s3.fr-par.scw.cloud/11185344.jpeg,https://brandsgateway-img.s3.fr-par.scw.cloud/11185348.jpeg,https://brandsgateway-img.s3.fr-par.scw.cloud/11185349.jpeg,INSTOCK,4,3,en,Furla Verde Leather Women's Bag,"Furla Verde Leather Women's Bag. Unleash your inner trendsetter with the bold and chic FURLA Olivia L Tote Bag! Crafted from premium 100% leather, this sophisticated accessory embodies elegance and functionality. Featuring dual shoulder handles for effortless styling, a spacious interior with a zip closure for security, and dedicated phone spaces to keep you organized. Step out in style with this vibrant green hue, perfect for adding a splash of color to your ensemble. Material: Leather Country of origin: China Color: Green Colour: Green. Dimensions: 48.0X28.0X15.0. Country of origin: CN. Manufacturer part number: WB01940HSF000_VE4903S. Condition: new with tags.",Green,,,WB01940HSF000_VE4903S,WB01940HSF000_VE4903S,EUR,365.00,23
AP11185354,AP11185354,8050597874166,,Furla,"Apparel & Accessories > Handbags, Wallets & Cases > Handbags > Womens",https://brandsgateway-img.s3.fr-par.scw.cloud/11185350.jpeg,https://brandsgateway-img.s3.fr-par.scw.cloud/11185352.jpeg,https://brandsgateway-img.s3.fr-par.scw.cloud/11185353.jpeg,INSTOCK,10,3,en,Furla Brown Leather Womens Bag,"Furla Brown Leather Womens Bag. Step into the limelight with the FURLA Olivia M Tote Bag, a bold and trendy accessory that masterfully combines sophistication with functionality. Designed with two sturdy shoulder handles, it provides ease for your daily escapades. The spacious interior boasts an internal pocket and phone spaces, ensuring all your essentials are within arm’s reach. Secure your items with the sleek zip closure, accentuated by the elegant FURLA logo. Elevate your style game effortlessly! Material: 100% Leather Country of origin: China Color: Brown Colour: Brown. Dimensions: 43.0X23.0X14.0. Country of origin: CN. Manufacturer part number: WB01977HSF000_MA4284S. Condition: new with tags.",Brown,,,WB01977HSF000_MA4284S,WB01977HSF000_MA4284S,EUR,347.50,23
AP11185329,AP11185329,8050597874159,,Furla,"Apparel & Accessories > Handbags, Wallets & Cases > Handbags > Womens",https://brandsgateway-img.s3.fr-par.scw.cloud/11185326.jpeg,https://brandsgateway-img.s3.fr-par.scw.cloud/11185327.jpeg,https://brandsgateway-img.s3.fr-par.scw.cloud/11185328.jpeg,INSTOCK,5,3,en,Furla Green Leather Women's Bag,"Furla Green Leather Women's Bag. Step out in style with the FURLA Olivia M Tote Bag, your go-to companion for both work and play. This bold and trendy tote features two chic shoulder handles and offers practicality with one internal pocket and additional phone spaces to keep all essentials organized. A secure zip closure and the iconic FURLA logo elevate its sophisticated appeal. Crafted from 100% leather—revel in a luxurious touch that complements any ensemble. Color: Green Material: 100% Leather Country of Origin: China Colour: Green. Dimensions: 43.0X23.0X14.0. Country of origin: CN. Manufacturer part number: WB01977HSF000_VE4903S. Condition: new with tags.",Green,,,WB01977HSF000_VE4903S,WB01977HSF000_VE4903S,EUR,347.50,23
AP10366735,AP10366735,7340238203181,,Dolce & Gabbana,"Apparel & Accessories > Handbags, Wallets & Cases > Handbags > Womens",https://brandsgateway-img.s3.fr-par.scw.cloud/10366745.jpeg,https://brandsgateway-img.s3.fr-par.scw.cloud/10366739.jpeg,https://brandsgateway-img.s3.fr-par.scw.cloud/10366740.jpeg,INSTOCK,3,3,en,Dolce & Gabbana Green Polyester Animal Silhouette Waist Belt Borse Bag,"Dolce & Gabbana Green Polyester Animal Silhouette Waist Belt Borse Bag. DOLCE & GABBANA Gorgeous brand new, 100% Authentic Dolce & Gabbana waist bag featuring a striking animal silhouette motif. Crafted with premium materials and finished with high-quality hardware, this statement accessory showcases D&G’s edgy and artistic design style.Model: Waist bagGender: UnisexColor: Green with silver metal detailingMaterial: 87% Polyester 13% CalfLining: 100% NylonZipper closureLogo details, logo engraved metal hardwareMade in ItalyVery exclusive and very high craftsmanshipMeasurements: 27cm x 10cm x 13cmStrap: 140cm x 4cm Material: : 87% Polyester 13% Calf. Colour: Green. Country of origin: SE. Condition: new with tags.",Green,,,,,EUR,605.00,23
AP6787013,AP6787013,8056121178618,,Dolce & Gabbana,"Apparel & Accessories > Handbags, Wallets & Cases > Handbags > Womens",https://brandsgateway-img.s3.fr-par.scw.cloud/6787015.jpeg,https://brandsgateway-img.s3.fr-par.scw.cloud/6787014.jpeg,https://brandsgateway-img.s3.fr-par.scw.cloud/6787016.jpeg,OUTOFSTOCK,0,3,en,Dolce & Gabbana Red Quilted Devotion Crossbody Chain Phone Cover Bag,"Dolce & Gabbana Red Quilted Devotion Crossbody Chain Phone Cover Bag. DOLCE & GABBANA Absolutely stunning, 100% Authentic brand new Dolce & Gabbana medium Devotion quilted crossbody bag Model: Crossbody phone bag Color: Red with gold-tone hardware Material: 100% Lamb Leather Strap: Chain crossbody strap Leather inner lining Magnetic fastening Logo engraved metal hardware Made in Italy Measurements: 16cm x 10cm x 2cm Strap: 120cm x 1cm Material: 100% Lamb Leather. Colour: Red. Country of origin: IT. Condition: new with tags.",Red,,,,,EUR,500.00,23
AP9910791,AP9910791,8050597683119,,Furla,"Apparel & Accessories > Handbags, Wallets & Cases > Handbags > Womens",https://brandsgateway-img.s3.fr-par.scw.cloud/9910785.jpeg,https://brandsgateway-img.s3.fr-par.scw.cloud/9910788.jpeg,https://brandsgateway-img.s3.fr-par.scw.cloud/9910790.jpeg,INSTOCK,4,3,en,Furla Rosso Leather Women Handbag,"Furla Rosso Leather Women Handbag. Indulge in the epitome of Italian elegance with the FURLA Iride bag—a statement piece that exudes both sophistication and functionality. Impeccably crafted from 100% sumptuous leather, this vibrant Rosso red gem features an adjustable and removable shoulder strap tailored for versatility. Tucked within its sleek contours lies a capacious internal pocket, perfect for organizing essentials. The snap closure ensures security with a touch of FURLA’s renowned logo charm, seamlessly blending form with purpose. – Material: 100% Leather – Country of origin: China – Color: Rosso Colour: Red. Dimensions: 24.0X13.0X6.0. Country of origin: CN. Manufacturer part number: WB01826ARE000_ROCGQ00. Condition: new with tags.",Red,,,WB01826ARE000_ROCGQ00,WB01826ARE000_ROCGQ00,EUR,293.75,23
AP9910740,AP9910740,8050597705729,,Furla,"Apparel & Accessories > Handbags, Wallets & Cases > Handbags > Womens",https://brandsgateway-img.s3.fr-par.scw.cloud/9910730.jpeg,https://brandsgateway-img.s3.fr-par.scw.cloud/9910732.jpeg,https://brandsgateway-img.s3.fr-par.scw.cloud/9910736.jpeg,INSTOCK,3,3,en,Furla Beige Leather Women Bag,"Furla Beige Leather Women Bag. Elevate your ensemble with this exquisite FURLA Iride bag, crafted with the highest attention to detail. This versatile accessory boasts an adjustable and removable shoulder strap, tailored for both style and comfort. Secure your essentials in the neat internal pocket and trust the snap closure to keep everything in place. Adorned with the iconic FURLA logo for a touch of glamour, this beige masterpiece embodies luxury and practicality in equal measure. Color: Beige Material: 100% Leather Country of origin: China Brand: FURLA Colour: Beige. Dimensions: 24.0X13.0X6.0. Country of origin: CN. Manufacturer part number: WB01826ARE000_BE1257S. Condition: new with tags.",Beige,,,WB01826ARE000_BE1257S,WB01826ARE000_BE1257S,EUR,293.75,23
AP11179126,AP11179126,8050597537412,,Furla,"Apparel & Accessories > Handbags, Wallets & Cases > Handbags > Womens",https://brandsgateway-img.s3.fr-par.scw.cloud/11179123.jpeg,https://brandsgateway-img.s3.fr-par.scw.cloud/11179124.jpeg,https://brandsgateway-img.s3.fr-par.scw.cloud/11179125.jpeg,INSTOCK,4,3,en,Furla Brown Leather Women's Bag,"Furla Brown Leather Women's Bag. Elevate your accessory game with the Furla Drop M Hobo Bag, a chic fusion of style and function designed for the bold and trendy individual. This stunning piece boasts a single shoulder handle for effortless elegance and is equipped with two internal pockets for supreme organization. Its sleek weight closure adds a modern twist, while the iconic Furla logo subtly showcases luxury. Make a statement with this must-have quintessential piece in your collection. Material: 100% Leather Country of origin: China Color: Brown Colour: Brown. Dimensions: 30.0X29.0X16.0. Country of origin: CN. Manufacturer part number: WB01499BX3104_MA2460S. Condition: new with tags.",Brown,,,WB01499BX3104_MA2460S,WB01499BX3104_MA2460S,EUR,316.25,23
AP1497383,AP1497383,8052087619844,,Dolce & Gabbana,"Apparel & Accessories > Handbags, Wallets & Cases > Handbags > Womens",https://brandsgateway-img.s3.fr-par.scw.cloud/1497384.jpg,https://brandsgateway-img.s3.fr-par.scw.cloud/1497385.jpg,https://brandsgateway-img.s3.fr-par.scw.cloud/1497386.jpg,INSTOCK,3,3,en,Dolce & Gabbana Beige Wood Wicker Rattan Basket Tote Bag,"Dolce & Gabbana Beige Wood Wicker Rattan Basket Tote Bag. DOLCE & GABBANA Gorgeous brand new with tags, 100% Authentic Dolce & Gabbana basket tote bag is crafted woven wicker. Model: Basket tote bag Material: 80% Wood 10% Python 10% Leather Color: Beige Handle: One handle Logo details Made in Italy Measurements: 14cm x 13cm x 14cm Material: 80% Wood 10% Python 10% Leather. Colour: Beige. Country of origin: IT. Condition: new with tags.",Beige,,,,,EUR,855.00,23
AP11185338,AP11185338,8050597871899,,Furla,"Apparel & Accessories > Handbags, Wallets & Cases > Handbags > Womens",https://brandsgateway-img.s3.fr-par.scw.cloud/11185334.jpeg,https://brandsgateway-img.s3.fr-par.scw.cloud/11185335.jpeg,https://brandsgateway-img.s3.fr-par.scw.cloud/11185336.jpeg,INSTOCK,9,3,en,Furla Nero Leather Women's Bag,"Furla Nero Leather Women's Bag. Step up your style game with the FURLA Olivia Mini Boston Bag. This chic accessory features two handles and an adjustable, removable shoulder strap to fit your carrying preference. Keep your essentials organized with its thoughtful internal pocket. Designed for modern elegance, this bag is accentuated with a sleek zip closure and the iconic Furla logo, making it a must-have staple for any fashion-forward wardrobe. Material: 100% Leather Country of origin: China Color: Black Colour: Black. Dimensions: 20.0X12.0X9.0. Country of origin: CN. Manufacturer part number: WE00933A0023_NEO6000. Condition: new with tags.",Black,,,WE00933A0023_NEO6000,WE00933A0023_NEO6000,EUR,310.00,23
AP11185314,AP11185314,8050597813530,,Furla,"Apparel & Accessories > Handbags, Wallets & Cases > Handbags > Womens",https://brandsgateway-img.s3.fr-par.scw.cloud/11185308.jpeg,https://brandsgateway-img.s3.fr-par.scw.cloud/11185312.jpeg,https://brandsgateway-img.s3.fr-par.scw.cloud/11185313.jpeg,INSTOCK,3,3,en,Furla Green Leather Women's Bag,"Furla Green Leather Women's Bag. Step out in style with the stunning Furla Drop M Hobo Bag, an epitome of Italian elegance and versatile design. Crafted from 100% genuine leather, this trendy bag features a single shoulder handle and two practical internal pockets. Its chic weight closure ensures security while adding a sophisticated touch. Adorned with Furla’s iconic logo, this bag is a perfect blend of luxury and functionality, ideal for the modern fashionista. Material: Leather Country of Origin: China Color: Green Colour: Green. Dimensions: 30.0X29.0X16.0. Country of origin: CN. Manufacturer part number: WB01499BX3104_VE4903S. Condition: new with tags.",Green,,,WB01499BX3104_VE4903S,WB01499BX3104_VE4903S,EUR,316.25,23
AP10573702,AP10573702,8054712259074,,Versace,"Apparel & Accessories > Handbags, Wallets & Cases > Handbags > Womens",https://brandsgateway-img.s3.fr-par.scw.cloud/10788685.jpeg,https://brandsgateway-img.s3.fr-par.scw.cloud/10788687.jpeg,https://brandsgateway-img.s3.fr-par.scw.cloud/10788688.jpeg,INSTOCK,6,3,en,Versace Portuna Medusa Medium Cornflower Blue Nylon Leather Tote Bag Purse,"Versace Versace Portuna Medusa Medium Cornflower Blue Nylon Leather Tote Bag Purse. Introducing the Versace Portuna Medusa Medium Tote Bag in a stunning Cornflower Blue, a perfect fusion of luxury and functionality. This exquisite handbag is crafted from durable nylon, accented with rich calf leather for a sophisticated touch. The iconic Versace Medusa logo proudly graces the front, embodying the brand’s commitment to high fashion. With dimensions of 17″ W x 11″ H x 6″ D, this medium-sized tote offers ample space to organize your essentials while maintaining a sleek silhouette. The fabric-lined interior includes inner pockets to keep your valuables secure and easily accessible. Designed for everyday use, its lightweight construction ensures comfort, while the packable style allows for easy storage when not in use. Enjoy the ease of a zip closure and double handles made from a combination of leather and nylon, providing both durability and elegance. The tote is finished with gold hardware that adds a lustrous accent, making it a striking addition to any outfit, whether for work or leisure. This brand new, authentic Versace tote comes complete with tags and an original dust bag, ensuring that your purchase is genuine and in pristine condition. Elevate your accessory collection with this luxurious yet practical piece that defines style and sophistication. Colour: Gold. Country of origin: IT. Condition: new with tags.",Gold,,,,,EUR,853.75,23
AP10483761,AP10483761,8059978831231,,Coccinelle,"Apparel & Accessories > Handbags, Wallets & Cases > Handbags > Womens",https://brandsgateway-img.s3.fr-par.scw.cloud/10483752.jpeg,https://brandsgateway-img.s3.fr-par.scw.cloud/10483756.jpeg,https://brandsgateway-img.s3.fr-par.scw.cloud/10483759.jpeg,OUTOFSTOCK,0,3,en,Coccinelle Bianco Leather Women Handbag,"Coccinelle Bianco Leather Women Handbag. Unleash the essence of COCCINELLE’s bold elegance with the MAVERY BAG. A white beacon of trendy sophistication, this accessory is designed for the fashion-forward. Crafted from the finest 100% Pelle, it features a removable shoulder handle, an adjustable and removable strap for styling versatility. The dual compartments, external pocket, and an internal pocket meet practicality with grace. Adorned with contrasting details and secured by a magnetic and snap closure, it’s finished with the iconic COCCINELLE logo for a touch of prestige. Color: Bianco Material: 100% Pelle Country of Origin: Italia Colour: White. Dimensions: 30.0X23.0X10.0. Country of origin: IT. Manufacturer part number: E1U7F120101_BIN17. Condition: new with tags.",White,,,E1U7F120101_BIN17,E1U7F120101_BIN17,EUR,336.25,23
AP11098077,AP11098077,8059978809322,,Coccinelle,"Apparel & Accessories > Handbags, Wallets & Cases > Handbags > Womens",https://brandsgateway-img.s3.fr-par.scw.cloud/11098074.jpeg,https://brandsgateway-img.s3.fr-par.scw.cloud/11098075.jpeg,https://brandsgateway-img.s3.fr-par.scw.cloud/11098076.jpeg,INSTOCK,5,0,en,Coccinelle Red Leather Womens Bag,"Coccinelle Red Leather Womens Bag. Turn heads with this bold and beautiful handbag by COCCINELLE. The C-ME CALF BAG in vibrant red is crafted from 100% leather for a luxurious feel. Featuring a removable handle and an adjustable, removable shoulder strap, this bag effortlessly transitions from a chic clutch to a stylish crossbody. Inside, find two spacious compartments and two pockets, perfect for organizing your essentials. The bag secures with a snap closure and is finished with the iconic COCCINELLE logo for that extra touch of elegance. Color: Red Material: Leather Country of Origin: Italy Colour: Red. Dimensions: 29.0X19.0X11.0. Country of origin: IT. Manufacturer part number: E1SSK180101_ROR02. Condition: new with tags.",Red,,,E1SSK180101_ROR02,E1SSK180101_ROR02,EUR,331.25,23
AP10782480,AP10782480,8054034014252,,Versace,"Apparel & Accessories > Handbags, Wallets & Cases > Handbags > Womens",https://brandsgateway-img.s3.fr-par.scw.cloud/10788991.jpeg,https://brandsgateway-img.s3.fr-par.scw.cloud/10788993.jpeg,https://brandsgateway-img.s3.fr-par.scw.cloud/10788994.jpeg,OUTOFSTOCK,0,2.5,en,Versace Mini Chain Black Crossbody Wallet Bag,"Versace Versace Mini Chain Black Crossbody Wallet Bag. Style: Versace Mini Chain Wallet Crossbody Material: Fabric with Leather Trim Features: Crossbody Strap, Inner Card Pocket, Snap Button Closure Measures: 7.5“ L x 4.5“ H x 2“ D Colour: Gold. Country of origin: IT. Condition: new with tags.",Gold,,,,,EUR,572.50,23
AP11098149,AP11098149,8059978809315,,Coccinelle,"Apparel & Accessories > Handbags, Wallets & Cases > Handbags > Womens",https://brandsgateway-img.s3.fr-par.scw.cloud/11098146.jpeg,https://brandsgateway-img.s3.fr-par.scw.cloud/11098147.jpeg,https://brandsgateway-img.s3.fr-par.scw.cloud/11098148.jpeg,INSTOCK,3,3,en,Coccinelle White Leather Women's Bag,"Coccinelle White Leather Women's Bag. Unveiling the epitome of elegance from COCCINELLE – the C-ME Calf Bag. Crafted meticulously from 100% leather, this stunning accessory exudes sophistication. Featuring a removable handle and an adjustable, removable shoulder strap, it adapts seamlessly to your style. With its practical design of two internal pockets and two compartments, all secured by a snap closure, it’s as functional as it is fabulous. Don’t miss the iconic logo that adds a touch of luxury. Material: Leather Country of origin: Italy Color: White Colour: White. Dimensions: 29.0X19.0X11.0. Country of origin: IT. Manufacturer part number: E1SSK180101_BIN17. Condition: new with tags.",White,,,E1SSK180101_BIN17,E1SSK180101_BIN17,EUR,331.25,23
AP11098161,AP11098161,8059978756466,,Coccinelle,"Apparel & Accessories > Handbags, Wallets & Cases > Handbags > Womens",https://brandsgateway-img.s3.fr-par.scw.cloud/11098158.jpeg,https://brandsgateway-img.s3.fr-par.scw.cloud/11098159.jpeg,https://brandsgateway-img.s3.fr-par.scw.cloud/11098160.jpeg,INSTOCK,3,3,en,Coccinelle Verde Leather Women Bag,"Coccinelle Verde Leather Women Bag. Meet your new favorite arm candy – the C-ME Calf Bag by COCCINELLE. This stunning piece exudes sophistication and versatility, featuring a removable handle and an adjustable, detachable shoulder strap to suit any style. Inside, find two organized compartments and pockets perfect for on-the-go convenience. Its luxurious calf leather in a vibrant green, paired with a signature logo, ensures you’ll make a bold statement wherever you go. Crafted to perfection in Italy, this bag is your passport to chic. Color: Green Material: 100% Leather Country of origin: Italy Colour: Green. Dimensions: 29.0X19.0X11.0. Country of origin: IT. Manufacturer part number: E1SSK180101_VEG43. Condition: new with tags.",Green,,,E1SSK180101_VEG43,E1SSK180101_VEG43,EUR,331.25,23
AP7507406,AP7507406,8059978704016,,Coccinelle,"Apparel & Accessories > Handbags, Wallets & Cases > Handbags > Womens",https://brandsgateway-img.s3.fr-par.scw.cloud/7507400.jpeg,https://brandsgateway-img.s3.fr-par.scw.cloud/7507402.jpeg,https://brandsgateway-img.s3.fr-par.scw.cloud/7507404.jpeg,OUTOFSTOCK,0,3,en,Coccinelle Marrone Leather Women Handbag,"Coccinelle Marrone Leather Women Handbag. Elevate your accessory game with the COCCINELLE C-Easy Bag, a luxuriously crafted epitome of sophistication and functionality. Designed to cater to the modern woman, this caramel-hued marvel features an elegant shoulder strap, a snug internal pocket, and dedicated slots for your essential tech. Securely fastened with a sleek zip closure and embellished with a chic, understated logo, this bag is a true testament to style and practicality. Material: 100% Pelle Country of Origin: China Color: Marrone Colour: Brown. Dimensions: 35.0X26.0X8.0. Country of origin: CN. Manufacturer part number: E1SHA130201_MAW12. Condition: new with tags.",Brown,,,E1SHA130201_MAW12,E1SHA130201_MAW12,EUR,325.00,23
AP11098087,AP11098087,8059978802507,,Coccinelle,"Apparel & Accessories > Handbags, Wallets & Cases > Handbags > Womens",https://brandsgateway-img.s3.fr-par.scw.cloud/11098084.jpeg,https://brandsgateway-img.s3.fr-par.scw.cloud/11098085.jpeg,https://brandsgateway-img.s3.fr-par.scw.cloud/11098086.jpeg,INSTOCK,4,3,en,Coccinelle Black Leather Women's Bag,"Coccinelle Black Leather Women's Bag. Discover the bold elegance of the Coccinelle Double Beat Bag, a versatile creation that transforms fashionably to fit your lifestyle. With its sleek Nero exterior crafted from 100% leather, this bag boasts two chic shoulder handles and a removable external pouch that converts into a stylish bag with a chain shoulder strap. The twist closure adds a signature touch, while its internal pocket and zip closure ensure practicality without compromising on style. Color: Black Material: 100% Leather Country of origin: Italy Colour: Black. Dimensions: 27.0X20.0X13.0. Country of origin: IT. Manufacturer part number: E1T8A110301_NE001. Condition: new with tags.",Black,,,E1T8A110301_NE001,E1T8A110301_NE001,EUR,325.00,23
AP8795588,AP8795588,8054797762278,,Dolce & Gabbana,"Apparel & Accessories > Handbags, Wallets & Cases > Handbags > Womens",https://brandsgateway-img.s3.fr-par.scw.cloud/11082907.jpeg,https://brandsgateway-img.s3.fr-par.scw.cloud/11082914.jpeg,https://brandsgateway-img.s3.fr-par.scw.cloud/11082915.jpeg,OUTOFSTOCK,0,3,en,Dolce & Gabbana Black Calf Leather Bos Taurus Shoulder Bag,"Dolce & Gabbana Black Calf Leather Bos Taurus Shoulder Bag. The My Sicily Handbag by Dolce&Gabbana features leather handles and a removable and adjustable leather shoulder strap, offering versatility in carrying. It features a tuck-in closure with vintage brass electroplating details, enhanced by a monogalvanic tag and foil stamp. The interior is functional, with a zippered pocket and a flat pocket, perfect for organizing personal items in style. Season: AW25 Dimension: 38x25x16 Composition: 100% Calf Leather Bos Taurus Colour: Black. Dimensions: 38 / 25 / 16 (cm). Country of origin: IT. Manufacturer part number: BB7814B7321_80999. Condition: new with tags.",Black,,,BB7814B7321_80999,BB7814B7321_80999,EUR,2431.25,23
AP10483748,AP10483748,8059978755957,,Coccinelle,"Apparel & Accessories > Handbags, Wallets & Cases > Handbags > Womens",https://brandsgateway-img.s3.fr-par.scw.cloud/10483738.jpeg,https://brandsgateway-img.s3.fr-par.scw.cloud/10483742.jpeg,https://brandsgateway-img.s3.fr-par.scw.cloud/10483746.jpeg,INSTOCK,15,3,en,Coccinelle Nero Pelle Women Bag,"Coccinelle Nero Pelle Women Bag. Unleash the epitome of chic with COCCINELLE’s MAVERY BAG—a true testament to Italian craftsmanship. This exquisite accessory balances versatility with high-end fashion, featuring a detachable shoulder handle and an adjustable strap for your comfort. Practicality meets luxury with an external pocket and two spacious compartments, further highlighted by a singular internal pocket for your essentials. Bold contrasting details and the iconic logo closure make a statement, while the timeless black hue allows for seamless integration into any wardrobe. Material: 100% Pelle Country of origin: Italia Color: Nero Colour: Black. Dimensions: 30.0X23.0X10.0. Country of origin: IT. Manufacturer part number: E1U7F120101_NE001. Condition: new with tags.",Black,,,E1U7F120101_NE001,E1U7F120101_NE001,EUR,346.25,23
AP10541302,AP10541302,8054034684431,,Versace,"Apparel & Accessories > Handbags, Wallets & Cases > Handbags > Womens",https://brandsgateway-img.s3.fr-par.scw.cloud/10541295.jpeg,https://brandsgateway-img.s3.fr-par.scw.cloud/10541297.jpeg,https://brandsgateway-img.s3.fr-par.scw.cloud/10541299.jpeg,INSTOCK,20,3,en,Versace Pink Leather Shoulder Bag,"Versace Pink Leather Shoulder Bag. Description: The product with MPN 10234171A173381PG4PE and code F86250 leather in pink is a shoulder bags designed by Versace. It has features like front logo, adjustable handle, removable handle, removable shoulder. Colour: Pink. Country of origin: IT. Manufacturer part number: 10234171A173381PG4PE. Condition: new with tags.",Pink,,,10234171A173381PG4PE,10234171A173381PG4PE,EUR,1348.75,23
AP10564475,AP10564475,8059978746283,,Coccinelle,"Apparel & Accessories > Handbags, Wallets & Cases > Handbags > Womens",https://brandsgateway-img.s3.fr-par.scw.cloud/10564471.jpeg,https://brandsgateway-img.s3.fr-par.scw.cloud/10564472.jpeg,https://brandsgateway-img.s3.fr-par.scw.cloud/10564473.jpeg,INSTOCK,9,3,en,Coccinelle Nero Pelle Women Handbag,"Coccinelle Nero Pelle Women Handbag. Indulge in the epitome of Italian elegance with COCCINELLE’s Boheme Bag—a masterpiece of sleek functionality and timeless style. Crafted from premium Pelle leather, this sophisticated accessory boasts versatility with its adjustable and removable shoulder strap. Perfect for the modern woman on-the-go, the bag features two external pockets and a secure internal pocket, offering ample space for essentials. The refined blend of a zip and magnet closure ensures your belongings stay safe. Accentuated with the iconic COCCINELLE logo, this Nero-hued handbag is a testament to your impeccable taste in fashion. Material: 100% Pelle Country of origin: ITALIA Color: Nero Colour: Black. Dimensions: 32.0X23.0X12.0. Country of origin: IT. Manufacturer part number: E1M50190201_NE613. Condition: new with tags.",Black,,,E1M50190201_NE613,E1M50190201_NE613,EUR,351.25,23
AP11098900,AP11098900,8059978802859,,Coccinelle,"Apparel & Accessories > Handbags, Wallets & Cases > Handbags > Womens",https://brandsgateway-img.s3.fr-par.scw.cloud/11098897.jpeg,https://brandsgateway-img.s3.fr-par.scw.cloud/11098898.jpeg,https://brandsgateway-img.s3.fr-par.scw.cloud/11098899.jpeg,INSTOCK,5,0,en,Coccinelle Red Leather Handbag,"Coccinelle Red Leather Handbag. U4K C-ME LOCK BAG, DOUBLE ADJUSTABLE AND REMOVABLE SHOULDER STRAP, 2 INTERNAL POCKETS, SNAP AND ZIP CLOSURE, LOGO Colour: Red. Dimensions: 29.0X17.0X6.0. Country of origin: CN. Manufacturer part number: E1U4K120101_ROR02. Condition: new with tags.",Red,,,E1U4K120101_ROR02,E1U4K120101_ROR02,EUR,320.00,23
AP10483655,AP10483655,8059978828255,,Coccinelle,"Apparel & Accessories > Handbags, Wallets & Cases > Handbags > Womens",https://brandsgateway-img.s3.fr-par.scw.cloud/10483646.jpeg,https://brandsgateway-img.s3.fr-par.scw.cloud/10483649.jpeg,https://brandsgateway-img.s3.fr-par.scw.cloud/10483651.jpeg,INSTOCK,4,3,en,Coccinelle Verde Leather Women Handbag,"Coccinelle Verde Leather Women Handbag. Elevate your ensemble with the distinctive elegance of COCCINELLE’s Rebekka Bag. This chic accessory is not just a statement but a versatile companion with its removable shoulder handle and adjustable strap. Crafted in Italy from luxuriously soft 100% leather, its rich verde hue captures the essence of bold sophistication. Store essentials effortlessly with the internal pocket and dedicated phone spaces. Security meets style with its sleek zip closure, all while proudly displaying the COCCINELLE logo. Material: 100% Leather Country of Origin: Italy Color: Verde Colour: Green. Dimensions: 38.0X35.0X10.0. Country of origin: IT. Manufacturer part number: E1T95130101_VEG43. Condition: new with tags.",Green,,,E1T95130101_VEG43,E1T95130101_VEG43,EUR,320.00,23
AP11225880,AP11225880,8059978802811,,Coccinelle,"Apparel & Accessories > Handbags, Wallets & Cases > Handbags > Womens",https://brandsgateway-img.s3.fr-par.scw.cloud/11225877.jpeg,https://brandsgateway-img.s3.fr-par.scw.cloud/11225878.jpeg,https://brandsgateway-img.s3.fr-par.scw.cloud/11225879.jpeg,INSTOCK,4,0,en,Coccinelle Nero Leather Female Bag,"Coccinelle Nero Leather Female Bag. Step out in sophisticated style with the bold COCCINELLE U4K C-Me Lock Bag. This black beauty features a double adjustable and removable shoulder strap, making it versatile for any occasion. With two internal pockets, snap, and zip closures, it offers both security and convenience. The iconic logo adds the perfect finishing touch, highlighting its luxurious appeal. Color: Black Material: 100% Leather Country of Origin: China Colour: Black. Dimensions: 29.0X17.0X6.0. Country of origin: CN. Manufacturer part number: E1U4K120101_NE001. Condition: new with tags.",Black,,,E1U4K120101_NE001,E1U4K120101_NE001,EUR,320.00,23
AP10483382,AP10483382,8059978828279,,Coccinelle,"Apparel & Accessories > Handbags, Wallets & Cases > Handbags > Womens",https://brandsgateway-img.s3.fr-par.scw.cloud/10483379.jpeg,https://brandsgateway-img.s3.fr-par.scw.cloud/10483380.jpeg,https://brandsgateway-img.s3.fr-par.scw.cloud/10483381.jpeg,INSTOCK,3,3,en,Coccinelle Beige Leather Women Handbag,"Coccinelle Beige Leather Women Handbag. Elevate your style with the COCCINELLE Rebekka Bag – a masterpiece of Italian design, where functionality meets elegance. This beige beauty serves as both a statement piece and a practical companion for the modern fashionista. Revel in the luxury of 100% Pelle leather as you effortlessly transition from a chic shoulder bag to a sleek crossbody with its removable straps. Keep essentials secure with its zip closure and organized within an internal pocket and dedicated phone spaces. Refinement and versatility blend seamlessly in your new go-to accessory. Material: 100% Pelle Country of origin: Italia Color: Beige Strap: 1 removable shoulder handle, adjustable and removable shoulder strap Compartments: 1 internal pocket, internal phone spaces Closure: Zip Logo: Branded Colour: Beige. Dimensions: 38.0X35.0X10.0. Country of origin: IT. Manufacturer part number: E1T95130101_BEN64. Condition: new with tags.",Beige,,,E1T95130101_BEN64,E1T95130101_BEN64,EUR,320.00,23
AP11098607,AP11098607,8059978802835,,Coccinelle,"Apparel & Accessories > Handbags, Wallets & Cases > Handbags > Womens",https://brandsgateway-img.s3.fr-par.scw.cloud/11098597.jpeg,https://brandsgateway-img.s3.fr-par.scw.cloud/11098601.jpeg,https://brandsgateway-img.s3.fr-par.scw.cloud/11098605.jpeg,INSTOCK,3,3,en,Coccinelle Bianco Leather Women Bag,"Coccinelle Bianco Leather Women Bag. Elevate your style with the COCCINELLE C-Me Lock Bag, a chic companion for the modern fashionista. Crafted with 100% high-quality leather, this bag promises durability and timeless elegance. Featuring dual adjustable and removable shoulder straps, it offers versatile wear options. With its practical snap and zip closures and two convenient internal pockets, it keeps your essentials organized while making a bold style statement. Color: White Material: 100% Leather Country of origin: China Colour: White. Dimensions: 29.0X17.0X6.0. Country of origin: CN. Manufacturer part number: E1U4K120101_BIN17. Condition: new with tags.",White,,,E1U4K120101_BIN17,E1U4K120101_BIN17,EUR,320.00,23
AP11234341,AP11234341,8059978769985,,Coccinelle,"Apparel & Accessories > Handbags, Wallets & Cases > Handbags > Womens",https://brandsgateway-img.s3.fr-par.scw.cloud/11234336.jpeg,https://brandsgateway-img.s3.fr-par.scw.cloud/11234338.jpeg,https://brandsgateway-img.s3.fr-par.scw.cloud/11234339.jpeg,INSTOCK,5,0,en,Coccinelle Brown Leather Handbag,"Coccinelle Brown Leather Handbag. BOHEME BAG, ADJUSTABLE AND REMOVABLE SHOULDER STRAP, 2 EXTERNAL POCKETS, 1 INTERNAL POCKET, ZIP AND MAGNET CLOSURE, LOGO Colour: Brown. Dimensions: 32.0X23.0X12.0. Country of origin: CN. Manufacturer part number: E1M50190201_MA682. Condition: new with tags.",Brown,,,E1M50190201_MA682,E1M50190201_MA682,EUR,351.25,23
AP11234444,AP11234444,8059978814654,,Coccinelle,"Apparel & Accessories > Handbags, Wallets & Cases > Handbags > Womens",https://brandsgateway-img.s3.fr-par.scw.cloud/11234436.jpeg,https://brandsgateway-img.s3.fr-par.scw.cloud/11234439.jpeg,https://brandsgateway-img.s3.fr-par.scw.cloud/11234441.jpeg,INSTOCK,5,0,en,Coccinelle Brown Leather Handbag,"Coccinelle Brown Leather Handbag. BOHEME BAG, ADJUSTABLE AND REMOVABLE SHOULDER STRAP, 2 EXTERNAL POCKETS, 1 INTERNAL POCKET, ZIP AND MAGNET CLOSURE, LOGO Colour: Brown. Dimensions: 32.0X23.0X12.0. Country of origin: CN. Manufacturer part number: E1M50190201_MA953. Condition: new with tags.",Brown,,,E1M50190201_MA953,E1M50190201_MA953,EUR,351.25,23
AP11098053,AP11098053,8059978755346,,Coccinelle,"Apparel & Accessories > Handbags, Wallets & Cases > Handbags > Womens",https://brandsgateway-img.s3.fr-par.scw.cloud/11098050.jpeg,https://brandsgateway-img.s3.fr-par.scw.cloud/11098051.jpeg,https://brandsgateway-img.s3.fr-par.scw.cloud/11098052.jpeg,INSTOCK,6,0,en,Coccinelle Bianco Leather Women's Bag,"Coccinelle Bianco Leather Women's Bag. Elevate your style with the COCCINELLE Boheme Bag, a perfect blend of elegance and versatility. This chic accessory features an adjustable and removable shoulder strap, providing multiple styling options. Experience convenience with its 2 external pockets and 1 internal pocket, ensuring all your essentials are within reach. Finished with a zip and magnet closure and the iconic COCCINELLE logo, it’s a must-have for any fashion-forward wardrobe. Color: White Material: 100% Leather Country of origin: Italy Colour: White. Dimensions: 22.0X18.0X12.0. Country of origin: IT. Manufacturer part number: E1M50580101_BI685. Condition: new with tags.",White,,,E1M50580101_BI685,E1M50580101_BI685,EUR,313.75,23
AP11098197,AP11098197,8059978801364,,Coccinelle,"Apparel & Accessories > Handbags, Wallets & Cases > Handbags > Womens",https://brandsgateway-img.s3.fr-par.scw.cloud/11098194.jpeg,https://brandsgateway-img.s3.fr-par.scw.cloud/11098195.jpeg,https://brandsgateway-img.s3.fr-par.scw.cloud/11098196.jpeg,INSTOCK,6,0,en,Coccinelle Beige Leather Handbag,"Coccinelle Beige Leather Handbag. BOHEME BAG, ADJUSTABLE AND REMOVABLE SHOULDER STRAP, 2 EXTERNAL POCKETS, 1 INTERNAL POCKET, ZIP AND MAGNET CLOSURE, LOGO Colour: Beige. Dimensions: 22.0X18.0X12.0. Country of origin: IT. Manufacturer part number: E1M50580101_BE700. Condition: new with tags.",Beige,,,E1M50580101_BE700,E1M50580101_BE700,EUR,313.75,23
AP10483816,AP10483816,8059978828750,,Coccinelle,"Apparel & Accessories > Handbags, Wallets & Cases > Handbags > Womens",https://brandsgateway-img.s3.fr-par.scw.cloud/10483811.jpeg,https://brandsgateway-img.s3.fr-par.scw.cloud/10483813.jpeg,https://brandsgateway-img.s3.fr-par.scw.cloud/10483815.jpeg,INSTOCK,12,3,en,Coccinelle Nero Leather Woman Bag,"Coccinelle Nero Leather Woman Bag. Elevate your style with the COCCINELLE Gretel Ribbon Bag – a fashion-forward statement for the modern woman. Exquisitely crafted from premium leather, this striking accessory speaks volumes with its bold, contrasting details and iconic logo. Designed for versatility, it features a removable shoulder handle, an adjustable strap, and ample storage with external and internal pockets plus dedicated phone spaces. Seal the perfect look with its sleek zip closure. Color: Nero Material: 100% Pelle Country of Origin: Italia Colour: Black. Dimensions: 33.0X21.0X6.0. Country of origin: IT. Manufacturer part number: E1U6C130501_NE001. Condition: new with tags.",Black,,,E1U6C130501_NE001,E1U6C130501_NE001,EUR,308.75,23
AP11098141,AP11098141,8059978801388,,Coccinelle,"Apparel & Accessories > Handbags, Wallets & Cases > Handbags > Womens",https://brandsgateway-img.s3.fr-par.scw.cloud/11098138.jpeg,https://brandsgateway-img.s3.fr-par.scw.cloud/11098139.jpeg,https://brandsgateway-img.s3.fr-par.scw.cloud/11098140.jpeg,INSTOCK,4,3,en,Coccinelle Blue Leather Women Bag,"Coccinelle Blue Leather Women Bag. Introducing the Coccinelle Boheme Bag—an impeccable blend of style and versatility. This chic bag features an adjustable and removable shoulder strap, allowing you to switch from crossbody to shoulder effortlessly. It boasts two external pockets for easy access, along with an internal pocket, securing your essentials with a zip and magnet closure. Finished with the iconic logo, this piece is a testament to luxury and practicality. Elevate your ensemble with this timeless accessory. Color: Blue Material: 100% Leather Country of origin: Italy Colour: Blue. Dimensions: 22.0X18.0X12.0. Country of origin: IT. Manufacturer part number: E1M50580101_BL719. Condition: new with tags.",Blue,,,E1M50580101_BL719,E1M50580101_BL719,EUR,313.75,23
AP10573513,AP10573513,8054034045362,,Versace,"Apparel & Accessories > Handbags, Wallets & Cases > Handbags > Womens",https://brandsgateway-img.s3.fr-par.scw.cloud/10788560.jpeg,https://brandsgateway-img.s3.fr-par.scw.cloud/10788561.jpeg,https://brandsgateway-img.s3.fr-par.scw.cloud/10788562.jpeg,INSTOCK,3,2.5,en,Versace La Medusa Blue Leather Shoulder Crossbody Bag Purse,"Versace Versace La Medusa Blue Leather Shoulder Crossbody Bag Purse. Elevate your accessory collection with the Versace La Medusa Blue Leather Shoulder Crossbody Bag Purse, a stunning blend of luxury and practicality. Crafted from high-quality leather, this exquisite bag features a striking pebbled finish that exudes sophistication while remaining versatile for everyday use. The vibrant blue hue adds a splash of color, making it the perfect choice for a variety of occasions, from business meetings to casual outings and formal events. Designed with convenience in mind, the bag includes an adjustable and detachable crossbody strap, allowing you to customize the fit to your preference. The magnetic flap closure ensures your belongings are secure while providing easy access. Inside, slip pockets provide additional organization for your essentials. Measuring 8 inches in length, 5.5 inches in height, and 3 inches in depth, this small yet functional bag is perfect for carrying your necessities without weighing you down. The luxurious gold hardware accents enhance the overall design, providing a touch of elegance that pairs beautifully with any outfit. Whether you’re dressing up for a cocktail party or heading out for a weekend getaway, the Versace La Medusa Crossbody Bag is sure to make a statement. Enjoy peace of mind with the assurance of authenticity, as every bag comes brand new with tags attached. Experience the perfect fusion of style and functionality with this timeless piece from Versace. Colour: Gold. Country of origin: IT. Condition: new with tags.",Gold,,,,,EUR,878.75,23
AP11007353,AP11007353,8059978812582,,Coccinelle,"Apparel & Accessories > Handbags, Wallets & Cases > Handbags > Womens",https://brandsgateway-img.s3.fr-par.scw.cloud/11007347.jpeg,https://brandsgateway-img.s3.fr-par.scw.cloud/11007349.jpeg,https://brandsgateway-img.s3.fr-par.scw.cloud/11007351.jpeg,INSTOCK,3,3,en,Coccinelle Brown Leather Women's Bag with Removable Strap and Compartments,"Coccinelle Brown Leather Women's Bag with Removable Strap and Compartments. Unleash your style with COCCINELLE’s bold Mavery Bag. Crafted from 100% leather, this trendy piece features a removable shoulder handle and an adjustable, detachable shoulder strap for versatile wear. With contrasting details and a magnetic snap closure, this bag offers a perfect blend of functionality and fashion. Ideal for the modern woman, it boasts two compartments, one internal pocket, and one external pocket for effortless organization. Material: 100% Leather Country of Origin: China Color: Brown Colour: Brown. Dimensions: 30.0X23.0X10.0. Country of origin: CN. Manufacturer part number: E1U7F120101_MAR49. Condition: new with tags.",Brown,,,E1U7F120101_MAR49,E1U7F120101_MAR49,EUR,346.25,23
AP11098157,AP11098157,8059978809858,,Coccinelle,"Apparel & Accessories > Handbags, Wallets & Cases > Handbags > Womens",https://brandsgateway-img.s3.fr-par.scw.cloud/11098154.jpeg,https://brandsgateway-img.s3.fr-par.scw.cloud/11098155.jpeg,https://brandsgateway-img.s3.fr-par.scw.cloud/11098156.jpeg,INSTOCK,6,3,en,Coccinelle Nero Leather Women's Bag,"Coccinelle Nero Leather Women's Bag. Make a statement with the irresistibly chic Nory Bag by Coccinelle. This fabulous piece features a removable shoulder handle and an adjustable strap, offering versatile styling options. Inside, you’ll discover a thoughtfully designed interior with a pocket and dedicated spaces for your phone, all secured by a sleek zip closure. Coccinelle’s iconic logo adds a touch of signature flair. Elevate your accessory game with this sophisticated must-have. Material: 100% Leather Country of origin: Italy Color: Black Colour: Black. Dimensions: 36.0X26.0X9.0. Country of origin: IT. Manufacturer part number: E1U45130101_NE001. Condition: new with tags.",Black,,,E1U45130101_NE001,E1U45130101_NE001,EUR,308.75,23
AP10483724,AP10483724,8059978755544,,Coccinelle,"Apparel & Accessories > Handbags, Wallets & Cases > Handbags > Womens",https://brandsgateway-img.s3.fr-par.scw.cloud/10483717.jpeg,https://brandsgateway-img.s3.fr-par.scw.cloud/10483720.jpeg,https://brandsgateway-img.s3.fr-par.scw.cloud/10483723.jpeg,INSTOCK,5,3,en,Coccinelle Beige Leather Women Handbag,"Coccinelle Beige Leather Women Handbag. Elevate your ensemble with the chic elegance of COCCINELLE’s Gretel Ribbon Bag. Crafted from 100% fine Pelle leather, this beige beauty is both versatile and stylish. With a removable shoulder handle, an adjustable strap, and smartly designed pockets, it promises both comfort and organization. Contrast details and the striking COCCINELLE logo provide the perfect finishing touches to this Italian masterpiece. Dare to stand out with this trendy, bold accessory by your side. Material: 100% Pelle Country of Origin: ITALIA Color: Beige Closure: Zip Includes: 1 Removable Shoulder Handle, 1 Adjustable and Removable Shoulder Strap, 1 External Pocket, 1 Internal Pocket, Internal Phone Spaces Colour: Beige. Dimensions: 33.0X21.0X6.0. Country of origin: IT. Manufacturer part number: E1U6C130501_BEN64. Condition: new with tags.",Beige,,,E1U6C130501_BEN64,E1U6C130501_BEN64,EUR,308.75,23
AP10483775,AP10483775,8059978828774,,Coccinelle,"Apparel & Accessories > Handbags, Wallets & Cases > Handbags > Womens",https://brandsgateway-img.s3.fr-par.scw.cloud/10483769.jpeg,https://brandsgateway-img.s3.fr-par.scw.cloud/10483773.jpeg,https://brandsgateway-img.s3.fr-par.scw.cloud/10483774.jpeg,INSTOCK,5,3,en,Coccinelle Marrone Leather Women Handbag,"Coccinelle Marrone Leather Women Handbag. Elevate your accessory game with the COCCINELLE Gretel Ribbon Bag, a testament to Italian craftsmanship and sophisticated style. This versatile marrone-hued leather bag features a removable shoulder handle and an adjustable strap, offering multiple ways to wear it. Its sleek design comprises an external pocket and a spacious interior with dedicated spaces for your essentials, including a phone slot. The contrasting details and emblematic logo add a touch of elegance. Complete with a secure zip closure, it’s a chic companion for any fashion-forward individual. Material: 100% Pelle Country of Origin: ITALIA Color: Marrone Colour: Brown. Dimensions: 33.0X21.0X6.0. Country of origin: IT. Manufacturer part number: E1U6C130501_MAW11. Condition: new with tags.",Brown,,,E1U6C130501_MAW11,E1U6C130501_MAW11,EUR,308.75,23
AP11098117,AP11098117,8059978809872,,Coccinelle,"Apparel & Accessories > Handbags, Wallets & Cases > Handbags > Womens",https://brandsgateway-img.s3.fr-par.scw.cloud/11098114.jpeg,https://brandsgateway-img.s3.fr-par.scw.cloud/11098115.jpeg,https://brandsgateway-img.s3.fr-par.scw.cloud/11098116.jpeg,INSTOCK,5,0,en,Coccinelle Verde Leather Women's Bag with Adjustable Strap,"Coccinelle Verde Leather Women's Bag with Adjustable Strap. Introducing the Coccinelle Nory Bag – where elegance meets versatility. Crafted from 100% high-quality leather, this striking accessory in a vibrant green hue features a removable shoulder handle and an adjustable strap, allowing for diverse styling. Its interior is thoughtfully designed with a pocket and space for your phone, all secured by a zip closure. A subtle logo detail adds the finishing touch to this trendy must-have. Material: 100% Leather Country of origin: Italy Color: Green Colour: Green. Dimensions: 36.0X26.0X9.0. Country of origin: IT. Manufacturer part number: E1U45130101_VEG43. Condition: new with tags.",Green,,,E1U45130101_VEG43,E1U45130101_VEG43,EUR,308.75,23
AP11098165,AP11098165,8059978756602,,Coccinelle,"Apparel & Accessories > Handbags, Wallets & Cases > Handbags > Womens",https://brandsgateway-img.s3.fr-par.scw.cloud/11098162.jpeg,https://brandsgateway-img.s3.fr-par.scw.cloud/11098163.jpeg,https://brandsgateway-img.s3.fr-par.scw.cloud/11098164.jpeg,INSTOCK,5,0,en,Coccinelle White Leather Women's Bag,"Coccinelle White Leather Women's Bag. Turn heads with the sophisticated elegance of the COCCINELLE C-ME Calf Bag, a paragon of luxury and versatility. Featuring a removable handle and an adjustable, removable shoulder strap, it offers versatility for any occasion. Inside, you’ll find two practical pockets, perfect for your essentials, secured by a chic snap closure. Adorned with the iconic COCCINELLE logo, this bag is a statement of timeless style. Color: White Material: 100% Leather Country of origin: Italy Colour: White. Dimensions: 24.0X15.0X9.0. Country of origin: IT. Manufacturer part number: E1SSK180201_BIN17. Condition: new with tags.",White,,,E1SSK180201_BIN17,E1SSK180201_BIN17,EUR,308.75,23
AP11098137,AP11098137,8059978765994,,Coccinelle,"Apparel & Accessories > Handbags, Wallets & Cases > Handbags > Womens",https://brandsgateway-img.s3.fr-par.scw.cloud/11098134.jpeg,https://brandsgateway-img.s3.fr-par.scw.cloud/11098135.jpeg,https://brandsgateway-img.s3.fr-par.scw.cloud/11098136.jpeg,INSTOCK,3,3,en,Coccinelle Green Leather Womens Bag,"Coccinelle Green Leather Womens Bag. Meet the Coccinelle C-Me Calf Tric Bag – where chic design meets everyday functionality! This standout accessory features a versatile style with a removable handle and an adjustable strap, allowing for multiple carrying options. Dive inside to discover two practical internal pockets, while the contrasting green, beige, and cream details add a vibrant touch. Finished with a secure snap closure and iconic logo, this bag embodies sophistication. Color: Green Material: 100% Leather Country of origin: Italy Colour: Green. Dimensions: 24.0X15.0X9.0. Country of origin: IT. Manufacturer part number: E1U4H180201_VE808. Condition: new with tags.",Green,,,E1U4H180201_VE808,E1U4H180201_VE808,EUR,308.75,23
AP11098193,AP11098193,8059978809902,,Coccinelle,"Apparel & Accessories > Handbags, Wallets & Cases > Handbags > Womens",https://brandsgateway-img.s3.fr-par.scw.cloud/11098189.jpeg,https://brandsgateway-img.s3.fr-par.scw.cloud/11098191.jpeg,https://brandsgateway-img.s3.fr-par.scw.cloud/11098192.jpeg,INSTOCK,3,3,en,Coccinelle Rosso Leather Women's Bag,"Coccinelle Rosso Leather Women's Bag. Step into the spotlight with the COCCINELLE Nory Bag, crafted for the modern, bold fashionista. This stunning red handbag, made from premium 100% leather, offers both style and versatility with its removable shoulder handle and adjustable strap. The practical design includes an internal pocket and dedicated phone spaces, ensuring organization meets elegance, all topped off with a secure zip closure and the emblematic COCCINELLE logo. Perfect for elevating any look with sophistication. Color: Red Material: 100% Leather Country of origin: Italy Colour: Red. Dimensions: 36.0X26.0X9.0. Country of origin: IT. Manufacturer part number: E1U45130101_ROR02. Condition: new with tags.",Red,,,E1U45130101_ROR02,E1U45130101_ROR02,EUR,308.75,23
AP11098037,AP11098037,8059978809865,,Coccinelle,"Apparel & Accessories > Handbags, Wallets & Cases > Handbags > Womens",https://brandsgateway-img.s3.fr-par.scw.cloud/11098034.jpeg,https://brandsgateway-img.s3.fr-par.scw.cloud/11098035.jpeg,https://brandsgateway-img.s3.fr-par.scw.cloud/11098036.jpeg,OUTOFSTOCK,0,3,en,Coccinelle Blue Leather Womens Bag,"Coccinelle Blue Leather Womens Bag. Step up your style game with the Coccinelle Nory Bag—a perfect blend of sophistication and function. Flaunting a rich blue hue, this piece boasts a zipper closure that secures your essentials with elegance. It features a removable shoulder handle and an adjustable strap for versatile carrying options. Inside, you’ll find a dedicated space for your phone and an internal pocket, ensuring ultimate organization. An embodiment of Italian craftsmanship, this bag is a must-have for the modern fashionista. Color: Blue Material: 100% Leather Country of origin: Italy Colour: Blue. Dimensions: 36.0X26.0X9.0. Country of origin: IT. Manufacturer part number: E1U45130101_BLB27. Condition: new with tags.",Blue,,,E1U45130101_BLB27,E1U45130101_BLB27,EUR,308.75,23
AP11098061,AP11098061,8059978809896,,Coccinelle,"Apparel & Accessories > Handbags, Wallets & Cases > Handbags > Womens",https://brandsgateway-img.s3.fr-par.scw.cloud/11098058.jpeg,https://brandsgateway-img.s3.fr-par.scw.cloud/11098059.jpeg,https://brandsgateway-img.s3.fr-par.scw.cloud/11098060.jpeg,OUTOFSTOCK,0,3,en,Coccinelle Beige Leather Women's Bag,"Coccinelle Beige Leather Women's Bag. Step into elegance with the COCCINELLE Nory Bag, a perfect blend of style and functionality. This versatile bag features a removable shoulder handle and an adjustable, removable shoulder strap for exquisite styling options. Inside, discover ample storage with an internal pocket and dedicated phone spaces, secured with a seamless zip closure. The iconic COCCINELLE logo adds a touch of luxury to your ensemble. Elevate your look with this chic, timeless piece. Material: 100% Leather Country of Origin: Italy Color: Beige Colour: Beige. Dimensions: 36.0X26.0X9.0. Country of origin: IT. Manufacturer part number: E1U45130101_BEN64. Condition: new with tags.",Beige,,,E1U45130101_BEN64,E1U45130101_BEN64,EUR,308.75,23
AP11098190,AP11098190,8059978809889,,Coccinelle,"Apparel & Accessories > Handbags, Wallets & Cases > Handbags > Womens",https://brandsgateway-img.s3.fr-par.scw.cloud/11098184.jpeg,https://brandsgateway-img.s3.fr-par.scw.cloud/11098187.jpeg,https://brandsgateway-img.s3.fr-par.scw.cloud/11098188.jpeg,OUTOFSTOCK,0,3,en,Coccinelle White Leather Women's Bag,"Coccinelle White Leather Women's Bag. Embrace sophistication with the Coccinelle Nory Bag, a must-have for the style-savvy. This charming accessory features a removable shoulder handle, along with an adjustable and removable strap for versatility. Stay organized with an internal pocket and dedicated phone spaces. The zip closure ensures your essentials are secure, while the elegant Coccinelle logo adds a touch of luxury. Perfect for those who command attention. Material: 100% Leather Country of origin: Italy Color: White Colour: White. Dimensions: 36.0X26.0X9.0. Country of origin: IT. Manufacturer part number: E1U45130101_BIN17. Condition: new with tags.",White,,,E1U45130101_BIN17,E1U45130101_BIN17,EUR,308.75,23
AP10574010,AP10574010,8052045937867,,Versace,"Apparel & Accessories > Handbags, Wallets & Cases > Handbags > Womens",https://brandsgateway-img.s3.fr-par.scw.cloud/10788908.jpeg,https://brandsgateway-img.s3.fr-par.scw.cloud/10788909.jpeg,https://brandsgateway-img.s3.fr-par.scw.cloud/10788910.jpeg,OUTOFSTOCK,0,2,en,Versace Large Black Nylon Fabric Medusa Convertible Pouch Clutch Wristlet Bag,"Versace Versace Large Black Nylon Fabric Medusa Convertible Pouch Clutch Wristlet Bag. Elevate your accessory collection with the Versace Large Black Nylon Fabric Medusa Convertible Pouch Clutch Wristlet Bag, a sophisticated blend of style and practicality. Crafted from high-quality nylon, this versatile handbag showcases a sleek black finish that complements any outfit, making it the ideal choice for various occasions such as business meetings, casual outings, formal events, or travel adventures. Designed for functionality, this bag features a secure zip closure and an inner zip pocket, ensuring your essentials are kept safe while maintaining a lightweight structure. The detachable wrist strap adds an element of convenience, allowing you to carry it as a clutch or wear it as a wristlet, adapting to your preference effortlessly. Measuring 12.5 inches in width and 9 inches in height, it combines ample storage space with a chic rectangular shape. The vibrant green lining adds a touch of uniqueness to its interior, while the metal hardware in silver offers a refined finish. Perfect for the discerning woman who appreciates luxury, this piece is 100% authentic and brand new, arriving with tags attached. Invest in a Timeless Versace accessory that speaks to your sophisticated taste and makes a statement wherever you go. Shop now and enjoy fast Colour: Silver. Country of origin: IT. Condition: new with tags.",Silver,,,,,EUR,608.75,23
AP11098145,AP11098145,8059978809926,,Coccinelle,"Apparel & Accessories > Handbags, Wallets & Cases > Handbags > Womens",https://brandsgateway-img.s3.fr-par.scw.cloud/11098142.jpeg,https://brandsgateway-img.s3.fr-par.scw.cloud/11098143.jpeg,https://brandsgateway-img.s3.fr-par.scw.cloud/11098144.jpeg,INSTOCK,21,3,en,Coccinelle Black Leather Women's Bag,"Coccinelle Black Leather Women's Bag. Unveil timeless sophistication with the Coccinelle Nory Bag—where Italian craftsmanship meets everyday elegance. This chic Nero handbag is crafted from 100% premium leather, embodying a sleek design with a modern edge. Featuring a removable shoulder handle, an adjustable and detachable strap, and smart internal organization for your essentials, this bag seamlessly blends style with functionality. Accentuated by a zip closure and the iconic logo, it’s a staple for dynamic women. Color: Black Material: 100% Leather Country of origin: Italy Colour: Black. Dimensions: 30.0X21.0X8.0. Country of origin: IT. Manufacturer part number: E1U45130201_NE001. Condition: new with tags.",Black,,,E1U45130201_NE001,E1U45130201_NE001,EUR,292.50,23
AP10573507,AP10573507,8054034045355,,Versace,"Apparel & Accessories > Handbags, Wallets & Cases > Handbags > Womens",https://brandsgateway-img.s3.fr-par.scw.cloud/10788556.jpeg,https://brandsgateway-img.s3.fr-par.scw.cloud/10788557.jpeg,https://brandsgateway-img.s3.fr-par.scw.cloud/10788558.jpeg,INSTOCK,12,2.5,en,Versace La Medusa Pink Leather Shoulder Crossbody Bag Purse,"Versace Versace La Medusa Pink Leather Shoulder Crossbody Bag Purse. Elevate your accessory game with the Versace La Medusa Pink Leather Shoulder Crossbody Bag Purse, a sophisticated blend of luxury and functionality. Crafted from high-quality leather, this exquisite bag features a stunning pink hue that adds a touch of elegance to any outfit. Designed with versatility in mind, it includes an adjustable and detachable crossbody strap, allowing for easy transitions from a casual day out to an upscale evening event. The bag’s magnetic flap closure secures your essentials while providing easy access, and the thoughtfully designed slip pockets inside offer organization for your belongings. Ideal for various occasions such as business meetings, formal gatherings, or casual outings, this chic purse accommodates your lifestyle seamlessly. Measuring 8“ L x 5.5“ H x 3“ D, it is the perfect size for carrying everyday essentials without compromising style. Complete with original tags and packaging, this brand new accessory promises an authentic luxury experience. With its pebbled finish and gold hardware, the Versace La Medusa bag is a statement piece that reflects both contemporary fashion and timeless elegance. Make this stunning bag a staple in your wardrobe and enjoy the confidence it brings to your ensemble. Colour: Gold. Country of origin: IT. Condition: new with tags.",Gold,,,,,EUR,915.00,23
AP11234375,AP11234375,8059978851765,,Coccinelle,"Apparel & Accessories > Handbags, Wallets & Cases > Handbags > Womens",https://brandsgateway-img.s3.fr-par.scw.cloud/11234371.jpeg,https://brandsgateway-img.s3.fr-par.scw.cloud/11234372.jpeg,https://brandsgateway-img.s3.fr-par.scw.cloud/11234373.jpeg,INSTOCK,8,0,en,Coccinelle Brown Leather Handbag,"Coccinelle Brown Leather Handbag. NELL BAG, 2 HANDLES, ADJUSTABLE AND REMOVABLE SHOULDER STRAP, 2 EXTERNAL POCKETS, 2 INTERNAL POCKETS, ZIP AND MAGNET CLOSURE, LOGO Colour: Brown. Dimensions: 32.0X18.0X13.0. Country of origin: CN. Manufacturer part number: E1VOF180101_MAR49. Condition: new with tags.",Brown,,,E1VOF180101_MAR49,E1VOF180101_MAR49,EUR,328.75,23
AP11234600,AP11234600,8059978813152,,Coccinelle,"Apparel & Accessories > Handbags, Wallets & Cases > Handbags > Womens",https://brandsgateway-img.s3.fr-par.scw.cloud/11234596.jpeg,https://brandsgateway-img.s3.fr-par.scw.cloud/11234598.jpeg,https://brandsgateway-img.s3.fr-par.scw.cloud/11234599.jpeg,INSTOCK,7,3,en,Coccinelle Pink Leather Women's Bag,"Coccinelle Pink Leather Women's Bag. Redefine your accessory game with the bold and trendy Coccinelle C-Me Lock Bag. This bag features an adjustable and removable shoulder strap for versatile styling and boasts two internal pockets for organized storage. With secure zip and snap closures and eye-catching contrasting details, it’s a chic essential. The iconic logo completes this must-have piece. Color: Pink Material: 100% Leather Country of origin: China Colour: Pink. Dimensions: 24.0X12.0X6.0. Country of origin: CN. Manufacturer part number: E1V5S120201_RS556. Condition: new with tags.",Pink,,,E1V5S120201_RS556,E1V5S120201_RS556,EUR,328.75,23
AP10483386,AP10483386,8059978802408,,Coccinelle,"Apparel & Accessories > Handbags, Wallets & Cases > Handbags > Womens",https://brandsgateway-img.s3.fr-par.scw.cloud/10483383.jpeg,https://brandsgateway-img.s3.fr-par.scw.cloud/10483384.jpeg,https://brandsgateway-img.s3.fr-par.scw.cloud/10483385.jpeg,INSTOCK,9,3,en,Coccinelle Nero Pelle Women Bag,"Coccinelle Nero Pelle Women Bag. Elevate your accessory game with the COCCINELLE Lepaki Bag, a paragon of sophistication blended with practical design. Crafted from luxe 100% Pelle leather, this Italian-made bag boasts an adjustable handle and a detachable shoulder strap for versatile styling. Organize effortlessly with one external pocket and two internal compartments. The zip closure secures your essentials, while contrasting details add a bold edge to this classic piece. Adorned with the discernable COCCINELLE logo, it’s a must-have for the fashion-forward. Material: 100% Pelle Country of Origin: Italia Color: Nero Colour: Black. Dimensions: 36.0X19.0X7.0. Country of origin: IT. Manufacturer part number: E1U4A150201_NE001. Condition: new with tags.",Black,,,E1U4A150201_NE001,E1U4A150201_NE001,EUR,296.25,23
AP11005694,AP11005694,8059978745705,,Coccinelle,"Apparel & Accessories > Handbags, Wallets & Cases > Handbags > Womens",https://brandsgateway-img.s3.fr-par.scw.cloud/11005691.jpeg,https://brandsgateway-img.s3.fr-par.scw.cloud/11005692.jpeg,https://brandsgateway-img.s3.fr-par.scw.cloud/11005693.jpeg,INSTOCK,11,3,en,Coccinelle Black Leather Women Backpack,"Coccinelle Black Leather Women Backpack. Elevate your style game with the Coccinelle Beat Generation Backpack, where functionality meets elegance. This sleek black leather pack boasts an external pocket secured with a distinctive twist closure, complementing the main compartment’s zippered security. Its adjustable straps and singular handle ensure comfort without compromising on chic. Make a statement, whether you’re navigating the urban jungle or enjoying a casual day out. – Material: Leather – Country of Origin: IT – Color: Black – Brand: Coccinelle – Features: 1 handle, Adjustable shoulder straps, 1 external pocket with twist closure, 1 internal pocket, Zip closure, Printed logo Colour: Black. Dimensions: 25.0X29.0X13.0. Country of origin: IT. Manufacturer part number: E1TFK140201_NE001. Condition: new with tags.",Black,,,E1TFK140201_NE001,E1TFK140201_NE001,EUR,322.50,23
AP11234400,AP11234400,8059978851772,,Coccinelle,"Apparel & Accessories > Handbags, Wallets & Cases > Handbags > Womens",https://brandsgateway-img.s3.fr-par.scw.cloud/11234396.jpeg,https://brandsgateway-img.s3.fr-par.scw.cloud/11234398.jpeg,https://brandsgateway-img.s3.fr-par.scw.cloud/11234399.jpeg,INSTOCK,6,0,en,Coccinelle Brown Leather Handbag,"Coccinelle Brown Leather Handbag. NELL BAG, 2 HANDLES, ADJUSTABLE AND REMOVABLE SHOULDER STRAP, 2 EXTERNAL POCKETS, 2 INTERNAL POCKETS, ZIP AND MAGNET CLOSURE, LOGO Colour: Brown. Dimensions: 32.0X18.0X13.0. Country of origin: CN. Manufacturer part number: E1VOF180101_MAW11. Condition: new with tags.",Brown,,,E1VOF180101_MAW11,E1VOF180101_MAW11,EUR,328.75,23
AP9346201,AP9346201,8059978745538,,Coccinelle,"Apparel & Accessories > Handbags, Wallets & Cases > Handbags > Womens",https://brandsgateway-img.s3.fr-par.scw.cloud/9346198.jpeg,https://brandsgateway-img.s3.fr-par.scw.cloud/9346199.jpeg,https://brandsgateway-img.s3.fr-par.scw.cloud/9346200.jpeg,INSTOCK,7,3,en,Coccinelle Nero Leather Women Handbag,"Coccinelle Nero Leather Women Handbag. Embrace the essence of sophisticated charm with COCCINELLE’s Beat Generatio bag. A sleek fusion of style and versatility, this must-have accessory features an elegant removable chain shoulder handle paired with an adjustable strap for tailored comfort. Secure your essentials with a stylish twist closure on the external pocket, while an additional internal pocket assures your items are organized. A quintessential zip closure edged with iconic COCCINELLE print and logo detail rounds off this timeless piece with a signature touch. Material: 100% Pelle Country of origin: ITALIA Color: Nero Colour: Black. Dimensions: 28.0X18.0X6.0. Country of origin: IT. Manufacturer part number: E1TFK120101_NE001. Condition: new with tags.",Black,,,E1TFK120101_NE001,E1TFK120101_NE001,EUR,296.25,23
AP11025484,AP11025484,8059978850607,,Coccinelle,"Apparel & Accessories > Handbags, Wallets & Cases > Handbags > Womens",https://brandsgateway-img.s3.fr-par.scw.cloud/11025481.jpeg,https://brandsgateway-img.s3.fr-par.scw.cloud/11025482.jpeg,https://brandsgateway-img.s3.fr-par.scw.cloud/11025483.jpeg,INSTOCK,4,3,en,Coccinelle Nero Leather Women's Backpack,"Coccinelle Nero Leather Women's Backpack. Upgrade your style with the bold and trendy COCCINELLE Mavery Pocket Backpack. This chic accessory boasts a singular handle and adjustable shoulder straps for ultimate comfort and versatility. Featuring three magnetic closure external pockets for easy access, alongside two practical internal pockets to secure your essentials. Its sleek drawstring and automatic closure add a touch of sophistication, complemented by contrasting details and the iconic COCCINELLE logo. Color: Black Material: 100% Leather Country of Origin: China Colour: Black. Dimensions: 24.0X24.0X13.0. Country of origin: CN. Manufacturer part number: E1VGK140101_NE001. Condition: new with tags.",Black,,,E1VGK140101_NE001,E1VGK140101_NE001,EUR,328.75,23
AP10483402,AP10483402,8059978802446,,Coccinelle,"Apparel & Accessories > Handbags, Wallets & Cases > Handbags > Womens",https://brandsgateway-img.s3.fr-par.scw.cloud/10483399.jpeg,https://brandsgateway-img.s3.fr-par.scw.cloud/10483400.jpeg,https://brandsgateway-img.s3.fr-par.scw.cloud/10483401.jpeg,INSTOCK,6,3,en,Coccinelle Beige Leather Women Handbag,"Coccinelle Beige Leather Women Handbag. Elevate your ensemble with the COCCINELLE Lepaki Bag, a harmony of style and functionality. Designed for the modern trendsetter, the bag features an adjustable handle, offering versatility and comfort. Its removable shoulder strap adds to its adaptability, perfect for transitioning from a day at the office to an evening out. The exterior pocket provides quick access while two internal pockets keep essentials organized. Contrasting details and the signature logo underscore its luxurious allure, sealed with a secure zip closure. Crafted in Italy, this 100% Pelle piece in a chic beige is a testament to exquisite craftsmanship. Material: 100% Pelle Country of origin: Italia Color: Beige Brand: COCCINELLE Colour: Beige. Dimensions: 36.0X19.0X7.0. Country of origin: IT. Manufacturer part number: E1U4A150201_BEN64. Condition: new with tags.",Beige,,,E1U4A150201_BEN64,E1U4A150201_BEN64,EUR,296.25,23
AP10483612,AP10483612,8059978802439,,Coccinelle,"Apparel & Accessories > Handbags, Wallets & Cases > Handbags > Womens",https://brandsgateway-img.s3.fr-par.scw.cloud/10483606.jpeg,https://brandsgateway-img.s3.fr-par.scw.cloud/10483608.jpeg,https://brandsgateway-img.s3.fr-par.scw.cloud/10483610.jpeg,INSTOCK,6,3,en,Coccinelle Bianco Leather Women Handbag,"Coccinelle Bianco Leather Women Handbag. Embrace the epitome of Italian elegance with COCCINELLE’s Lepaki Bag, a true statement piece for the fashion-forward individual. Crafted with meticulous attention to detail, this pristine Bianco bag features a voguish adjustable handle and a versatile detachable shoulder strap, offering multiple ways to flaunt your style. An external pocket keeps your essentials within reach, while the two internal pockets ensure your belongings are neatly organized. Accented with contrasting details and the iconic COCCINELLE logo, this bag secures your items with a sleek zip closure, marrying functionality with sophistication. Material: 100% Pelle Country of origin: Italia Color: Bianco Colour: White. Dimensions: 36.0X19.0X7.0. Country of origin: IT. Manufacturer part number: E1U4A150201_BIN17. Condition: new with tags.",White,,,E1U4A150201_BIN17,E1U4A150201_BIN17,EUR,296.25,23
AP11007377,AP11007377,8059978850621,,Coccinelle,"Apparel & Accessories > Handbags, Wallets & Cases > Handbags > Womens",https://brandsgateway-img.s3.fr-par.scw.cloud/11007371.jpeg,https://brandsgateway-img.s3.fr-par.scw.cloud/11007373.jpeg,https://brandsgateway-img.s3.fr-par.scw.cloud/11007376.jpeg,INSTOCK,3,3,en,Coccinelle Brown Leather Women's Backpack,"Coccinelle Brown Leather Women's Backpack. Step up your style game with the COCCINELLE Mavery Pocket Backpack, a bold statement in modern fashion. Featuring a convenient handle and adjustable shoulder straps, it ensures comfort and versatility for any occasion. With three external pockets boasting magnetic closures and two internal compartments, it’s as functional as it is chic. The contrasting details, drawstring, and automatic closure add an edgy twist to its design. Adorned with the signature logo, this backpack is a must-have. Material: 100% Leather Country of origin: China Color: Brown Colour: Brown. Dimensions: 24.0X24.0X13.0. Country of origin: CN. Manufacturer part number: E1VGK140101_MAW25. Condition: new with tags.",Brown,,,E1VGK140101_MAW25,E1VGK140101_MAW25,EUR,328.75,23
AP11007399,AP11007399,8059978820464,,Coccinelle,"Apparel & Accessories > Handbags, Wallets & Cases > Handbags > Womens",https://brandsgateway-img.s3.fr-par.scw.cloud/11007391.jpeg,https://brandsgateway-img.s3.fr-par.scw.cloud/11007393.jpeg,https://brandsgateway-img.s3.fr-par.scw.cloud/11007397.jpeg,INSTOCK,3,3,en,Coccinelle Black Leather Women's Bag,"Coccinelle Black Leather Women's Bag. Meet your new style hero: the bold and trendy COCCINELLE Beat Generation Bag. With its sleek design and adaptable features, this statement piece offers two sturdy handles, an adjustable, removable shoulder strap, and a chic external pocket with a twist closure. Stay organized with an internal pocket and document holder spaces, secured by a reliable zip closure. The bag is crafted from 100% leather in a classic black hue, showcasing the COCCINELLE logo print for an iconic finish. Material: 100% Leather Country of origin: China Color: Black Colour: Black. Dimensions: 30.0X21.0X15.0. Country of origin: CN. Manufacturer part number: E1TFK180101_NE001. Condition: new with tags.",Black,,,E1TFK180101_NE001,E1TFK180101_NE001,EUR,328.75,23
AP10483713,AP10483713,8059978766182,,Coccinelle,"Apparel & Accessories > Handbags, Wallets & Cases > Handbags > Womens",https://brandsgateway-img.s3.fr-par.scw.cloud/10483708.jpeg,https://brandsgateway-img.s3.fr-par.scw.cloud/10483711.jpeg,https://brandsgateway-img.s3.fr-par.scw.cloud/10483712.jpeg,INSTOCK,5,3,en,Coccinelle Bianco Pelle Women Handbag,"Coccinelle Bianco Pelle Women Handbag. Unveil your chic side with the COCCINELLE Lepaki Bag, an embodiment of sophistication and functionality. Its pristine Bianco hue complements any ensemble, while dual shoulder handles offer versatility. Organize essentials effortlessly with an external pocket, an internal pocket, and dedicated spaces for your phone. Secure your belongings with the sleek zip closure, and let the iconic logo proclaim your taste for luxury. Perfect for the fashion-forward trendsetter! Material: 100% Pelle Country of Origin: Italia Color: Bianco Closure: Zip Handles: 2 Shoulder Pockets: 1 External, 1 Internal Colour: White. Dimensions: 32.0X20.0X10.0. Country of origin: IT. Manufacturer part number: E1U4A120101_BIN17. Condition: new with tags.",White,,,E1U4A120101_BIN17,E1U4A120101_BIN17,EUR,296.25,23
AP11098025,AP11098025,8059978800442,,Coccinelle,"Apparel & Accessories > Handbags, Wallets & Cases > Handbags > Womens",https://brandsgateway-img.s3.fr-par.scw.cloud/11098022.jpeg,https://brandsgateway-img.s3.fr-par.scw.cloud/11098023.jpeg,https://brandsgateway-img.s3.fr-par.scw.cloud/11098024.jpeg,INSTOCK,5,0,en,Coccinelle Rosso Leather Women's Bag,"Coccinelle Rosso Leather Women's Bag. Step into bold elegance with the COCCINELLE Beat Generation Bag, fashioned to add a spirited touch to your ensemble. This irresistible piece features a removable chain handle and an adjustable strap, offering versatility for any occasion. Roomy yet sophisticated, it boasts an external pocket with a chic twist closure, a secure zip closure, and an internal pocket for your essentials—perfectly paired for the vibrant trendsetter. Color: Red Material: 100% Leather Country of origin: Italy Colour: Red. Dimensions: 28.0X18.0X6.0. Country of origin: IT. Manufacturer part number: E1TFK120101_ROR02. Condition: new with tags.",Red,,,E1TFK120101_ROR02,E1TFK120101_ROR02,EUR,296.25,23
AP11098041,AP11098041,8059978810083,,Coccinelle,"Apparel & Accessories > Handbags, Wallets & Cases > Handbags > Womens",https://brandsgateway-img.s3.fr-par.scw.cloud/11098038.jpeg,https://brandsgateway-img.s3.fr-par.scw.cloud/11098039.jpeg,https://brandsgateway-img.s3.fr-par.scw.cloud/11098040.jpeg,INSTOCK,5,0,en,Coccinelle Red Leather Women's Backpack,"Coccinelle Red Leather Women's Backpack. Unleash your vibrant spirit with the COCCINELLE Nory Backpack! Crafted with 100% luxurious leather, this bold red backpack is the ultimate statement piece. Featuring a single handle and adjustable shoulder straps, it effortlessly combines style and functionality. The contrasting details, along with external and internal pockets, provide practical elegance, while the secure zip closure keeps your essentials safe. Elevate your look and turn heads wherever you go! Color: Red Material: 100% Leather Country of Origin: Italy Colour: Red. Dimensions: 24.0X28.0X11.0. Country of origin: IT. Manufacturer part number: E1U45140201_ROR02. Condition: new with tags.",Red,,,E1U45140201_ROR02,E1U45140201_ROR02,EUR,296.25,23
AP11098858,AP11098858,8059978802910,,Coccinelle,"Apparel & Accessories > Handbags, Wallets & Cases > Handbags > Womens",https://brandsgateway-img.s3.fr-par.scw.cloud/11098850.jpeg,https://brandsgateway-img.s3.fr-par.scw.cloud/11098852.jpeg,https://brandsgateway-img.s3.fr-par.scw.cloud/11098855.jpeg,INSTOCK,5,0,en,Coccinelle Blue Leather Handbag,"Coccinelle Blue Leather Handbag. U4K C-ME LOCK BAG, DOUBLE ADJUSTABLE AND REMOVABLE SHOULDER STRAP, 2 INTERNAL POCKETS, SNAP AND ZIP CLOSURE, LOGO Colour: Blue. Dimensions: 25.0X12.0X5.0. Country of origin: CN. Manufacturer part number: E1U4K120201_BLB27. Condition: new with tags.",Blue,,,E1U4K120201_BLB27,E1U4K120201_BLB27,EUR,296.25,23
AP11052544,AP11052544,8059978875693,,Coccinelle,"Apparel & Accessories > Handbags, Wallets & Cases > Handbags > Womens",https://brandsgateway-img.s3.fr-par.scw.cloud/11052541.jpeg,https://brandsgateway-img.s3.fr-par.scw.cloud/11052542.jpeg,https://brandsgateway-img.s3.fr-par.scw.cloud/11052543.jpeg,OUTOFSTOCK,0,3,en,Coccinelle Brown Leather Women's Bag,"Coccinelle Brown Leather Women's Bag. Turn heads with the stunning Coccinelle Beat Generation Bag, designed for the bold and trendy fashionista. This chic accessory combines functionality with style, featuring dual handles and an adjustable, removable shoulder strap for versatile wear. The external pocket with a twist lock provides easy access, while interior compartments keep your essentials organized. Finished with a luxurious brown leather and signature Coccinelle logo—it’s a must-have statement piece. Material: 100% Leather Country of origin: China Color: Brown Colour: Brown. Dimensions: 30.0X21.0X15.0. Country of origin: CN. Manufacturer part number: E1TFK180101_MAW25. Condition: new with tags.",Brown,,,E1TFK180101_MAW25,E1TFK180101_MAW25,EUR,328.75,23
AP11087067,AP11087067,8059978800572,,Coccinelle,"Apparel & Accessories > Handbags, Wallets & Cases > Handbags > Womens",https://brandsgateway-img.s3.fr-par.scw.cloud/11087064.jpeg,https://brandsgateway-img.s3.fr-par.scw.cloud/11087065.jpeg,https://brandsgateway-img.s3.fr-par.scw.cloud/11087066.jpeg,INSTOCK,4,3,en,Coccinelle Red Leather Women's Bag,"Coccinelle Red Leather Women's Bag. Step into the spotlight with the COCCINELLE Beat Generation Bucket Bag, a true emblem of bold style and functionality. Crafted from 100% leather, this trendy bag boasts an adjustable and removable shoulder strap for versatile wear. Featuring a convenient external pocket with a chic twist closure, an internal pocket for essentials, and a secure drawstring closure, this bag is a must-have accessory. Make a statement with its vibrant red hue and iconic logo! Material: 100% Leather Country of origin: Italy Color: Red Colour: Red. Dimensions: 21.0X27.0X14.0. Country of origin: IT. Manufacturer part number: E1TFK230201_ROR02. Condition: new with tags.",Red,,,E1TFK230201_ROR02,E1TFK230201_ROR02,EUR,296.25,23
AP11098029,AP11098029,8059978800428,,Coccinelle,"Apparel & Accessories > Handbags, Wallets & Cases > Handbags > Womens",https://brandsgateway-img.s3.fr-par.scw.cloud/11098026.jpeg,https://brandsgateway-img.s3.fr-par.scw.cloud/11098027.jpeg,https://brandsgateway-img.s3.fr-par.scw.cloud/11098028.jpeg,INSTOCK,4,3,en,Coccinelle Bianco Leather Women's Bag,"Coccinelle Bianco Leather Women's Bag. Step into luxury with the COCCINELLE Beat Generation Bag, where style meets functionality. This classic beauty in pristine white is designed to make you stand out. It features a chic removable chain shoulder handle and an adjustable strap, offering versatile wear options. Stay organized with its external twist closure pocket and internal zip pocket. Elevate your fashion game and own this bold statement piece today. Color: White Material: 100% Leather Country of origin: Italy Colour: White. Dimensions: 28.0X18.0X6.0. Country of origin: IT. Manufacturer part number: E1TFK120101_BIN17. Condition: new with tags.",White,,,E1TFK120101_BIN17,E1TFK120101_BIN17,EUR,296.25,23
AP11098703,AP11098703,8059978799470,,Coccinelle,"Apparel & Accessories > Handbags, Wallets & Cases > Handbags > Womens",https://brandsgateway-img.s3.fr-par.scw.cloud/11098693.jpeg,https://brandsgateway-img.s3.fr-par.scw.cloud/11098697.jpeg,https://brandsgateway-img.s3.fr-par.scw.cloud/11098700.jpeg,INSTOCK,4,3,en,Coccinelle Verde Leather Women Bag,"Coccinelle Verde Leather Women Bag. Introducing the bold & trendy COCCINELLE U4K C-ME Lock Bag, a sophisticated must-have for any fashion-forward individual. Crafted from 100% premium Leather, this bag pairs style with versatility. It features a double adjustable and removable shoulder strap for easy carrying, two internal pockets for organization, and secure snap and zip closures. Elevate your style with this chic accessory that proudly displays the COCCINELLE logo. Color: Green Material: 100% Leather Country of origin: China Colour: Green. Dimensions: 25.0X12.0X5.0. Country of origin: CN. Manufacturer part number: E1U4K120201_VEG43. Condition: new with tags.",Green,,,E1U4K120201_VEG43,E1U4K120201_VEG43,EUR,296.25,23
AP11234348,AP11234348,8059978848376,,Coccinelle,"Apparel & Accessories > Handbags, Wallets & Cases > Handbags > Womens",https://brandsgateway-img.s3.fr-par.scw.cloud/11234345.jpeg,https://brandsgateway-img.s3.fr-par.scw.cloud/11234346.jpeg,https://brandsgateway-img.s3.fr-par.scw.cloud/11234347.jpeg,INSTOCK,6,0,en,Coccinelle Pink Leather Handbag,"Coccinelle Pink Leather Handbag. BOHEME BAG, ADJUSTABLE AND REMOVABLE SHOULDER STRAP, 2 EXTERNAL POCKETS, 1 INTERNAL POCKET, ZIP AND MAGNET CLOSURE, LOGO Colour: Pink. Dimensions: 22.0X18.0X12.0. Country of origin: CN. Manufacturer part number: E1M50580101_RS948. Condition: new with tags.",Pink,,,E1M50580101_RS948,E1M50580101_RS948,EUR,322.50,23
AP10483418,AP10483418,8059978802309,,Coccinelle,"Apparel & Accessories > Handbags, Wallets & Cases > Handbags > Womens",https://brandsgateway-img.s3.fr-par.scw.cloud/10483415.jpeg,https://brandsgateway-img.s3.fr-par.scw.cloud/10483416.jpeg,https://brandsgateway-img.s3.fr-par.scw.cloud/10483417.jpeg,INSTOCK,3,3,en,Coccinelle Beige Leather Women Handbag,"Coccinelle Beige Leather Women Handbag. Indulge in the timeless elegance of COCCINELLE with the sophisticated LEPAKI bag. A true testament to Italian craftsmanship, this beige beauty boasts a sleek design accented with two shoulder handles for a chic carry. Functional as it is stylish, it features an external pocket for quick access, a secure zip closure, and an internal pocket alongside spaces designed to cradle your phone. Embellished with the understated COCCINELLE logo, this bag is not just an accessory but a statement. Color: Beige Material: 100% Pelle Country of origin: ITALIA Colour: Beige. Dimensions: 32.0X20.0X10.0. Country of origin: IT. Manufacturer part number: E1U4A120101_BEN64. Condition: new with tags.",Beige,,,E1U4A120101_BEN64,E1U4A120101_BEN64,EUR,296.25,23
AP11098091,AP11098091,8059978810076,,Coccinelle,"Apparel & Accessories > Handbags, Wallets & Cases > Handbags > Womens",https://brandsgateway-img.s3.fr-par.scw.cloud/11098088.jpeg,https://brandsgateway-img.s3.fr-par.scw.cloud/11098089.jpeg,https://brandsgateway-img.s3.fr-par.scw.cloud/11098090.jpeg,INSTOCK,3,3,en,Coccinelle Beige Leather Womens Backpack,"Coccinelle Beige Leather Womens Backpack. Turn heads with the chic and sophisticated Nory Backpack by COCCINELLE. Crafted from premium 100% leather, this piece combines functionality with style, featuring adjustable shoulder straps and a handy external pocket for on-the-go essentials. The contrasting details and zip closure add a bold touch, while the iconic logo completes its trendy allure. A perfect companion for the modern woman who values both elegance and practicality. Color: Beige Material: 100% Leather Country of origin: Italy Colour: Beige. Dimensions: 24.0X28.0X11.0. Country of origin: IT. Manufacturer part number: E1U45140201_BEN64. Condition: new with tags.",Beige,,,E1U45140201_BEN64,E1U45140201_BEN64,EUR,296.25,23
AP11098153,AP11098153,8059978810045,,Coccinelle,"Apparel & Accessories > Handbags, Wallets & Cases > Handbags > Womens",https://brandsgateway-img.s3.fr-par.scw.cloud/11098150.jpeg,https://brandsgateway-img.s3.fr-par.scw.cloud/11098151.jpeg,https://brandsgateway-img.s3.fr-par.scw.cloud/11098152.jpeg,INSTOCK,3,3,en,Coccinelle Blue Leather Womens Backpack,"Coccinelle Blue Leather Womens Backpack. Step up your style game with the bold and trendy NORY Backpack by COCCINELLE. Expertly crafted in Italy, this fashionable accessory boasts a chic design with its contrasting details and sleek zip closure. Featuring an adjustable handle and shoulder straps, it ensures comfort without compromising on style. The external and internal pockets provide ample space for essentials, while the iconic brand logo adds a touch of elegance to your look. Elevate your everyday ensemble with this must-have fashion staple. Material: 100% Leather Country of origin: Italy Color: Blue Colour: Blue. Dimensions: 24.0X28.0X11.0. Country of origin: IT. Manufacturer part number: E1U45140201_BLB27. Condition: new with tags.",Blue,,,E1U45140201_BLB27,E1U45140201_BLB27,EUR,296.25,23
AP11098183,AP11098183,8059978755230,,Coccinelle,"Apparel & Accessories > Handbags, Wallets & Cases > Handbags > Womens",https://brandsgateway-img.s3.fr-par.scw.cloud/11098176.jpeg,https://brandsgateway-img.s3.fr-par.scw.cloud/11098179.jpeg,https://brandsgateway-img.s3.fr-par.scw.cloud/11098181.jpeg,INSTOCK,3,3,en,Coccinelle White Leather Women's Bag,"Coccinelle White Leather Women's Bag. The Coccinelle Beat Generation Bucket Bag is your new go-to accessory, blending timeless elegance with modern functionality. Crafted from pure leather, it offers versatility with its adjustable and removable shoulder strap. The external pocket with twist closure and an internal pocket ensure practicality, while the chic drawstring closure and signature logo elevate your style. Make a fashion statement with this iconic piece. Material: 100% Leather Country of origin: Italy Color: White Colour: White. Dimensions: 21.0X27.0X14.0. Country of origin: IT. Manufacturer part number: E1TFK230201_BIN17. Condition: new with tags.",White,,,E1TFK230201_BIN17,E1TFK230201_BIN17,EUR,296.25,23
AP10341209,AP10341209,8059978802934,,Coccinelle,"Apparel & Accessories > Handbags, Wallets & Cases > Handbags > Womens",https://brandsgateway-img.s3.fr-par.scw.cloud/10341206.jpeg,https://brandsgateway-img.s3.fr-par.scw.cloud/10341207.jpeg,https://brandsgateway-img.s3.fr-par.scw.cloud/10341208.jpeg,OUTOFSTOCK,0,3,en,Coccinelle Rosso Leather Women Handbag,"Coccinelle Rosso Leather Women Handbag. Elevate your accessory collection with the stunning ‘COCCINELLE U4K C-Me Lock Bag’, a fusion of elegance and functionality. This ravishing red bag encapsulates Italian flair, featuring a double adjustable and removable shoulder strap that adds versatility to your style. Its meticulously designed interior boasts two internal pockets, ensuring your essentials are organized and secure with a snap and zip closure. The iconic COCCINELLE logo perfectly accents this chic piece, making it a must-have for the fashion-forward individual. Color: Rosso Material: 100% Pelle Country of origin: China Colour: Red. Dimensions: 25.0X12.0X5.0. Country of origin: CN. Manufacturer part number: E1U4K120201_ROR02. Condition: new with tags.",Red,,,E1U4K120201_ROR02,E1U4K120201_ROR02,EUR,296.25,23
AP11098929,AP11098929,8059978755445,,Coccinelle,"Apparel & Accessories > Handbags, Wallets & Cases > Handbags > Womens",https://brandsgateway-img.s3.fr-par.scw.cloud/11098922.jpeg,https://brandsgateway-img.s3.fr-par.scw.cloud/11098925.jpeg,https://brandsgateway-img.s3.fr-par.scw.cloud/11098928.jpeg,OUTOFSTOCK,0,3,en,Coccinelle Viola Leather Women's Bag with Adjustable Shoulder Strap,"Coccinelle Viola Leather Women's Bag with Adjustable Shoulder Strap. Meet the bold and trendy COCCINELLE C-Me Lock Bag, perfectly designed for the fashion-forward woman. This bag features a double adjustable and removable shoulder strap for versatility and style. With 2 internal pockets, it offers organized space for your essentials. The snap and zip closure secures your belongings, while the chic logo adds a luxurious finish. Elevate your wardrobe with this statement piece in a vibrant shade. Material: 100% Leather Country of Origin: China Color: Purple Colour: Purple. Dimensions: 25.0X12.0X5.0. Country of origin: CN. Manufacturer part number: E1U4K120201_VIP19. Condition: new with tags.",Purple,,,E1U4K120201_VIP19,E1U4K120201_VIP19,EUR,296.25,23
AP10522186,AP10522186,8054034687067,,Versace,"Apparel & Accessories > Handbags, Wallets & Cases > Handbags > Womens",https://brandsgateway-img.s3.fr-par.scw.cloud/10522187.jpeg,https://brandsgateway-img.s3.fr-par.scw.cloud/10522188.jpeg,https://brandsgateway-img.s3.fr-par.scw.cloud/10522189.jpeg,INSTOCK,3,3,en,Versace Red Leather Quilted Shoulder Strap Bag,"Versace Red Leather Quilted Shoulder Strap Bag. VERSACE Absolutely stunning, 100% Authentic, brand new VERSACE solid color, shoulder strap. Model: Shoulder bag Material: Lambskin Colour: Red Red inner lining with inside pocket Handle: Adjustable shoulder strap Logo engraved metal hardware Made in Romania Measurements: L22xH12xW5cm Strap: Removable and adjustable 100cm Colour: Red. Country of origin: RO. Condition: new with tags.",Red,,,,,EUR,866.25,23
AP10522133,AP10522133,8054034687074,,Versace,"Apparel & Accessories > Handbags, Wallets & Cases > Handbags > Womens",https://brandsgateway-img.s3.fr-par.scw.cloud/10522136.jpeg,https://brandsgateway-img.s3.fr-par.scw.cloud/10522137.jpeg,https://brandsgateway-img.s3.fr-par.scw.cloud/10522138.jpeg,OUTOFSTOCK,0,3,en,Versace Black Leather Quilted Shoulder Strap Bag,"Versace Black Leather Quilted Shoulder Strap Bag. VERSACE Absolutely stunning, 100% Authentic, brand new VERSACE solid color, shoulder strap. Model: Shoulder bag Material: Lambskin Colour: Black Black inner lining with inside pocket Handle: Adjustable shoulder strap Logo engraved metal hardware Made in Romania Measurements: L22xH12xW5cm Strap: Removable and adjustable 100cm Colour: Black. Country of origin: RO. Condition: new with tags.",Black,,,,,EUR,866.25,23
AP9679009,AP9679009,8054034413499,,Versace,"Apparel & Accessories > Handbags, Wallets & Cases > Handbags > Womens",https://brandsgateway-img.s3.fr-par.scw.cloud/9679002.jpeg,https://brandsgateway-img.s3.fr-par.scw.cloud/9679004.jpeg,https://brandsgateway-img.s3.fr-par.scw.cloud/9679007.jpeg,INSTOCK,25,3,en,Versace Pink Fabric Shoulder Bag,Versace Pink Fabric Shoulder Bag. Description: The product with MPN 10133531A159111P56V and code F84027 fabric in pink is a shoulder bags designed by Versace. It has features like front detail. Colour: Pink. Country of origin: IT. Manufacturer part number: 10133531A159111P56V. Condition: new with tags.,Pink,,,10133531A159111P56V,10133531A159111P56V,EUR,945.00,23
AP10540407,AP10540407,8059978803146,,Coccinelle,"Apparel & Accessories > Handbags, Wallets & Cases > Handbags > Womens",https://brandsgateway-img.s3.fr-par.scw.cloud/10540403.jpeg,https://brandsgateway-img.s3.fr-par.scw.cloud/10540405.jpeg,https://brandsgateway-img.s3.fr-par.scw.cloud/10540406.jpeg,INSTOCK,5,3,en,Coccinelle Rosso Leather Woman Handbag,"Coccinelle Rosso Leather Woman Handbag. Elevate your leisurewear with the sophisticated charm of BOSS. These sleek slippers boast a regal blue hue, intricately embossed with the iconic BOSS logo for a touch of refined branding. Crafted in Italia, the blend of premium poliestere and poliuretano assures both comfort and durability. Perfect for the debonair gentleman eager to make a statement in the realm of casual luxury. Material: 20% Poliestere, 80% Poliuretano Country of origin: ITALIA Color: Blu Colour: Red. Dimensions: 26.0X30.0X12.0. Country of origin: CN. Manufacturer part number: E1U4K130201_ROR02. Condition: new with tags.",Red,,,E1U4K130201_ROR02,E1U4K130201_ROR02,EUR,292.50,23
AP11098045,AP11098045,8059978809797,,Coccinelle,"Apparel & Accessories > Handbags, Wallets & Cases > Handbags > Womens",https://brandsgateway-img.s3.fr-par.scw.cloud/11098042.jpeg,https://brandsgateway-img.s3.fr-par.scw.cloud/11098043.jpeg,https://brandsgateway-img.s3.fr-par.scw.cloud/11098044.jpeg,INSTOCK,5,0,en,Coccinelle Blue Leather Women's Bag,"Coccinelle Blue Leather Women's Bag. Step up your style with the Nory Bag from COCCINELLE, a statement piece that effortlessly combines elegance and practicality. Featuring dual shoulder handles and two internal pockets, this bag ensures convenience without compromising on style. Crafted from premium leather, it offers a luxurious touch while the bold blue color makes it a must-have for trendsetters. With a secure zip closure and iconic logo, it’s your perfect companion for any occasion. Color: Blue Material: 100% Leather Country of origin: Italy Colour: Blue. Dimensions: 36.0X27.0X15.0. Country of origin: IT. Manufacturer part number: E1U45110101_BLB27. Condition: new with tags.",Blue,,,E1U45110101_BLB27,E1U45110101_BLB27,EUR,292.50,23
AP11098073,AP11098073,8059978809827,,Coccinelle,"Apparel & Accessories > Handbags, Wallets & Cases > Handbags > Womens",https://brandsgateway-img.s3.fr-par.scw.cloud/11098070.jpeg,https://brandsgateway-img.s3.fr-par.scw.cloud/11098071.jpeg,https://brandsgateway-img.s3.fr-par.scw.cloud/11098072.jpeg,INSTOCK,5,0,en,Coccinelle Beige Leather Women's Bag,"Coccinelle Beige Leather Women's Bag. Step out in style with the exquisite ‘Nory Bag’ by Coccinelle – an embodiment of elegance and sophistication. Designed with dual shoulder handles and crafted from luxurious 100% leather, this bag ensures both comfort and class are at your fingertips. Keep essentials organized and secure with two internal pockets and a durable zip closure. The iconic logo adds a touch of prestige to this stunning beige accessory, perfect for the modern woman who values timeless fashion. Material: Leather Country of origin: Italy Color: Beige Colour: Beige. Dimensions: 36.0X27.0X15.0. Country of origin: IT. Manufacturer part number: E1U45110101_BEN64. Condition: new with tags.",Beige,,,E1U45110101_BEN64,E1U45110101_BEN64,EUR,292.50,23
AP11098095,AP11098095,8059978809834,,Coccinelle,"Apparel & Accessories > Handbags, Wallets & Cases > Handbags > Womens",https://brandsgateway-img.s3.fr-par.scw.cloud/11098092.jpeg,https://brandsgateway-img.s3.fr-par.scw.cloud/11098093.jpeg,https://brandsgateway-img.s3.fr-par.scw.cloud/11098094.jpeg,INSTOCK,5,0,en,Coccinelle Rosso Leather Womens Bag,"Coccinelle Rosso Leather Womens Bag. Step into sophistication with the COCCINELLE Nory Bag, a striking piece that embodies elegance and function. Crafted from 100% leather, this bold red bag is the epitome of luxury. Its dual shoulder handles promise comfort, while the zip closure ensures your essentials are secure. Inside, discover two pockets for effortless organization. Elevate any ensemble with this statement accessory—where classic design meets modern flair. Color: Red Material: 100% Leather Country of Origin: Italy Colour: Red. Dimensions: 36.0X27.0X15.0. Country of origin: IT. Manufacturer part number: E1U45110101_ROR02. Condition: new with tags.",Red,,,E1U45110101_ROR02,E1U45110101_ROR02,EUR,292.50,23
AP11098130,AP11098130,8059978809940,,Coccinelle,"Apparel & Accessories > Handbags, Wallets & Cases > Handbags > Womens",https://brandsgateway-img.s3.fr-par.scw.cloud/11098125.jpeg,https://brandsgateway-img.s3.fr-par.scw.cloud/11098127.jpeg,https://brandsgateway-img.s3.fr-par.scw.cloud/11098129.jpeg,INSTOCK,5,0,en,Coccinelle Verde Leather Women's Bag,"Coccinelle Verde Leather Women's Bag. Step out in style with the bold and trendy COCINELLE Nory Bag. This versatile accessory boasts a removable shoulder handle and an adjustable, detachable strap for ultimate convenience. Inside, find thoughtful organization with a pocket and dedicated phone spaces. Secured with a zip closure and embellished with the iconic COCINELLE logo, this bag combines functionality with flair. Color: Green Material: 100% Leather Country of origin: Italy Colour: Green. Dimensions: 30.0X21.0X8.0. Country of origin: IT. Manufacturer part number: E1U45130201_VEG43. Condition: new with tags.",Green,,,E1U45130201_VEG43,E1U45130201_VEG43,EUR,292.50,23
AP11098121,AP11098121,8059978755728,,Coccinelle,"Apparel & Accessories > Handbags, Wallets & Cases > Handbags > Womens",https://brandsgateway-img.s3.fr-par.scw.cloud/11098118.jpeg,https://brandsgateway-img.s3.fr-par.scw.cloud/11098119.jpeg,https://brandsgateway-img.s3.fr-par.scw.cloud/11098120.jpeg,INSTOCK,4,3,en,Coccinelle Bianco Leather Women's Bag,"Coccinelle Bianco Leather Women's Bag. Step into the world of sophisticated style with the COCCINELLE Nory Bag. This impeccably crafted bag, made from 100% leather, embodies chic versatility. It features a removable shoulder handle and an adjustable strap, offering multiple styling options for the modern woman on the go. With its internal pocket and dedicated phone spaces, your essentials are always within reach. A bold zip closure and elegant logo complete the design, ensuring you carry luxury with every step. Color: White Material: 100% Leather Country of Origin: Italy Colour: White. Dimensions: 30.0X21.0X8.0. Country of origin: IT. Manufacturer part number: E1U45130201_BIN17. Condition: new with tags.",White,,,E1U45130201_BIN17,E1U45130201_BIN17,EUR,292.50,23
AP11098332,AP11098332,8059978803122,,Coccinelle,"Apparel & Accessories > Handbags, Wallets & Cases > Handbags > Womens",https://brandsgateway-img.s3.fr-par.scw.cloud/11098329.jpeg,https://brandsgateway-img.s3.fr-par.scw.cloud/11098330.jpeg,https://brandsgateway-img.s3.fr-par.scw.cloud/11098331.jpeg,INSTOCK,4,3,en,Coccinelle Verde Leather Womens Bag,"Coccinelle Verde Leather Womens Bag. Elevate your style with the bold sophistication of the Coccinelle C-Me Lock Bag. This trendy accessory is crafted from premium Italian leather, offering a chic yet durable design. Its adjustable shoulder handle ensures versatility, making it an ideal choice for any occasion. Featuring a zip closure and two handy internal pockets, this bag is both functional and fashionable, complete with the signature Coccinelle logo. Color: Green Material: 100% Leather Country of origin: China Colour: Green. Dimensions: 26.0X30.0X12.0. Country of origin: CN. Manufacturer part number: E1U4K130201_VEG43. Condition: new with tags.",Green,,,E1U4K130201_VEG43,E1U4K130201_VEG43,EUR,292.50,23
AP11098174,AP11098174,8059978809964,,Coccinelle,"Apparel & Accessories > Handbags, Wallets & Cases > Handbags > Womens",https://brandsgateway-img.s3.fr-par.scw.cloud/11098170.jpeg,https://brandsgateway-img.s3.fr-par.scw.cloud/11098171.jpeg,https://brandsgateway-img.s3.fr-par.scw.cloud/11098173.jpeg,INSTOCK,3,3,en,Coccinelle Rosso Leather Women's Bag,"Coccinelle Rosso Leather Women's Bag. Dive into the bold and trendy world of COCCINELLE with the stunning NORY Bag! This statement piece boasts a removable shoulder handle and an adjustable shoulder strap, adding versatile flair to your wardrobe. Featuring a convenient internal pocket, dedicated spaces for your phone, secure zip closure, and the brand’s iconic logo. All eyes will draw to its vibrant red hue. Elevate your style game and make a striking impression wherever you go! Material: 100% Leather Country of origin: Italy Color: Red Colour: Red. Dimensions: 30.0X21.0X8.0. Country of origin: IT. Manufacturer part number: E1U45130201_ROR02. Condition: new with tags.",Red,,,E1U45130201_ROR02,E1U45130201_ROR02,EUR,292.50,23
AP11098275,AP11098275,8059978803108,,Coccinelle,"Apparel & Accessories > Handbags, Wallets & Cases > Handbags > Womens",https://brandsgateway-img.s3.fr-par.scw.cloud/11098270.jpeg,https://brandsgateway-img.s3.fr-par.scw.cloud/11098273.jpeg,https://brandsgateway-img.s3.fr-par.scw.cloud/11098274.jpeg,INSTOCK,3,3,en,Coccinelle Black Leather Women's Bag,"Coccinelle Black Leather Women's Bag. Meet the Coccinelle C-Me Lock Bag, a perfect blend of elegance and functionality for the modern woman. This sophisticated accessory features a sleek adjustable shoulder handle, making it as versatile as it is stylish. Boasting two internal pockets and a secure zip closure, it promises practicality without compromising on style. Embossed with the iconic logo, this bag is a must-have addition to your wardrobe. Color: Black Material: 100% Leather Country of origin: China Colour: Black. Dimensions: 26.0X30.0X12.0. Country of origin: CN. Manufacturer part number: E1U4K130201_NE001. Condition: new with tags.",Black,,,E1U4K130201_NE001,E1U4K130201_NE001,EUR,292.50,23
AP11099063,AP11099063,8059978803139,,Coccinelle,"Apparel & Accessories > Handbags, Wallets & Cases > Handbags > Womens",https://brandsgateway-img.s3.fr-par.scw.cloud/11099055.jpeg,https://brandsgateway-img.s3.fr-par.scw.cloud/11099057.jpeg,https://brandsgateway-img.s3.fr-par.scw.cloud/11099062.jpeg,INSTOCK,3,3,en,Coccinelle Bianco Leather Women's Bag,"Coccinelle Bianco Leather Women's Bag. Step out in style with the sophisticated Coccinelle C-Me Lock Bag. This chic accessory boasts an adjustable shoulder handle for versatile wear, and two internal pockets for effortless organization. Safeguard your essentials with its secure zip closure, all while showcasing the iconic Coccinelle logo. Perfect for those who dare to make a bold statement, this bag is an epitome of Italian craftsmanship and contemporary design. Color: White Material: 100% Leather Country of origin: China Colour: White. Dimensions: 26.0X30.0X12.0. Country of origin: CN. Manufacturer part number: E1U4K130201_BIN17. Condition: new with tags.",White,,,E1U4K130201_BIN17,E1U4K130201_BIN17,EUR,292.50,23
AP10564954,AP10564954,8059978828859,,Coccinelle,"Apparel & Accessories > Handbags, Wallets & Cases > Handbags > Womens",https://brandsgateway-img.s3.fr-par.scw.cloud/10564946.jpeg,https://brandsgateway-img.s3.fr-par.scw.cloud/10564950.jpeg,https://brandsgateway-img.s3.fr-par.scw.cloud/10564952.jpeg,INSTOCK,8,3,en,Coccinelle Marrone Leather Women Bag,"Coccinelle Marrone Leather Women Bag. Indulge in the opulence of COCCINELLE’s ‘GRETEL RIBBON BAG’ – a symphony of classic charm and modern flair. Crafted from sumptuous Italian leather, this bag is a quintessential accessory for the fashion-forward maven. Boasting a sleek Nero palette, the contrast ribbon adds a playful twist, while the refined drawstring and secure automatic closure ensure your essentials are always safely stowed. Whether worn over the shoulder or as a crossbody, this bag is poised to elevate any ensemble. Color: Nero Material: 100% Pelle Country of origin: Italia Features: 1 adjustable and removable shoulder strap, 2 internal pockets, contrasting details, drawstring and automatic closure, logo Colour: Black. Dimensions: 25.0X24.0X6.0. Country of origin: IT. Manufacturer part number: E1U6C230101_NE001. Condition: new with tags.",Black,,,E1U6C230101_NE001,E1U6C230101_NE001,EUR,286.25,23
AP11098186,AP11098186,8059978810038,,Coccinelle,"Apparel & Accessories > Handbags, Wallets & Cases > Handbags > Womens",https://brandsgateway-img.s3.fr-par.scw.cloud/11098180.jpeg,https://brandsgateway-img.s3.fr-par.scw.cloud/11098182.jpeg,https://brandsgateway-img.s3.fr-par.scw.cloud/11098185.jpeg,INSTOCK,20,3,en,Coccinelle Black Leather Women's Backpack,"Coccinelle Black Leather Women's Backpack. Elevate your everyday style with the COCCINELLE Nory Backpack, a chic accessory that exudes bold sophistication. Crafted from 100% high-quality leather, this backpack combines fashion-forward design with practical functionality. Featuring a single handle, adjustable shoulder straps, and both an external and internal pocket, it offers convenient storage. The contrast details and sleek logo accentuate its trendy appeal, ensuring you make a statement wherever you go. Color: Black Material: Leather Country of origin: Italy Colour: Black. Dimensions: 24.0X28.0X11.0. Country of origin: IT. Manufacturer part number: E1U45140201_NE001. Condition: new with tags.",Black,,,E1U45140201_NE001,E1U45140201_NE001,EUR,303.75,23
AP10483390,AP10483390,8059978802347,,Coccinelle,"Apparel & Accessories > Handbags, Wallets & Cases > Handbags > Womens",https://brandsgateway-img.s3.fr-par.scw.cloud/10483387.jpeg,https://brandsgateway-img.s3.fr-par.scw.cloud/10483388.jpeg,https://brandsgateway-img.s3.fr-par.scw.cloud/10483389.jpeg,INSTOCK,5,3,en,Coccinelle Beige Pelle Women Handbag,"Coccinelle Beige Pelle Women Handbag. Elevate your style quotient with the exquisite COCCINELLE Lepaki Bag, a testament to timeless elegance and Italian craftsmanship. This chic beige accessory boasts two shoulder handles perfecting your day-to-night ensemble. With a secure zip closure, one external pocket, and two internal pockets, your essentials are stylishly safeguarded. Embellished with the iconic COCCINELLE logo, this bag is the epitome of fashion-meets-function. Material: 100% Pelle Country of Origin: Italia Color: Beige Colour: Beige. Dimensions: 30.0X13.0X10.0. Country of origin: IT. Manufacturer part number: E1U4A120201_BEN64. Condition: new with tags.",Beige,,,E1U4A120201_BEN64,E1U4A120201_BEN64,EUR,286.25,23
AP11098178,AP11098178,8059978799623,,Coccinelle,"Apparel & Accessories > Handbags, Wallets & Cases > Handbags > Womens",https://brandsgateway-img.s3.fr-par.scw.cloud/11098172.jpeg,https://brandsgateway-img.s3.fr-par.scw.cloud/11098175.jpeg,https://brandsgateway-img.s3.fr-par.scw.cloud/11098177.jpeg,INSTOCK,5,0,en,Coccinelle White Leather Handbag,"Coccinelle White Leather Handbag. BEAT GENERATIO BAG, 1 REMOVABLE CHAIN HANDLE, ADJUSTABLE AND REMOVABLE SHOULDER STRAP, 1 EXTERNAL POCKET, 1 INTERNAL POCKET, DRAWSTRING AND TURNBUCKLE CLOSURE, LOGO Colour: White. Dimensions: 18.0X21.0X12.0. Country of origin: IT. Manufacturer part number: E1TFK230301_BIN17. Condition: new with tags.",White,,,E1TFK230301_BIN17,E1TFK230301_BIN17,EUR,286.25,23
AP11161894,AP11161894,8059978813312,,Coccinelle,"Apparel & Accessories > Handbags, Wallets & Cases > Handbags > Womens",https://brandsgateway-img.s3.fr-par.scw.cloud/11161888.jpeg,https://brandsgateway-img.s3.fr-par.scw.cloud/11161890.jpeg,https://brandsgateway-img.s3.fr-par.scw.cloud/11161892.jpeg,OUTOFSTOCK,0,3,en,Coccinelle Rosa Leather Women's Bag,"Coccinelle Rosa Leather Women's Bag. Introducing the NELL BAG by COCCINELLE, the ultimate blend of style and functionality for the modern woman. This chic bag boasts double handles for a classic touch, while the adjustable and removable shoulder strap offers versatile carrying options. With two external pockets and two internal pockets, organization has never been easier. The zip and magnet closures provide security, and the signature COCCINELLE logo adds a luxe finish. Transform your look with this stunning Rosa bag crafted from 100% Leather. Color: Pink Material: 100% Leather Country of origin: China Colour: Pink. Dimensions: 32.0X18.0X13.0. Country of origin: CN. Manufacturer part number: E1VOF180101_RSP55. Condition: new with tags.",Pink,,,E1VOF180101_RSP55,E1VOF180101_RSP55,EUR,315.00,23
AP10483329,AP10483329,8059978828866,,Coccinelle,"Apparel & Accessories > Handbags, Wallets & Cases > Handbags > Womens",https://brandsgateway-img.s3.fr-par.scw.cloud/10483326.jpeg,https://brandsgateway-img.s3.fr-par.scw.cloud/10483327.jpeg,https://brandsgateway-img.s3.fr-par.scw.cloud/10483328.jpeg,INSTOCK,4,3,en,Coccinelle Bianco Leather Women Handbag,"Coccinelle Bianco Leather Women Handbag. Elevate your ensemble with COCCINELLE’s Gretel Ribbon Bag—a statement of pure sophistication. This Italian-crafted marvel boasts a pristine Bianco hue, enhanced by eye-catching contrasting details. Its practical yet posh design features a versatile adjustable and removable shoulder strap for style adaptability. Secured with a chic drawstring and automatic closure, the bag opens to reveal a duo of internal pockets, ensuring your essentials are organized and accessible. Adorned with the distinguished COCCINELLE logo, the Gretel Ribbon Bag is the epitome of trendy luxury. Material: 100% Pelle Color: Bianco Country of origin: ITALIA Colour: White. Dimensions: 25.0X24.0X6.0. Country of origin: IT. Manufacturer part number: E1U6C230101_BIN17. Condition: new with tags.",White,,,E1U6C230101_BIN17,E1U6C230101_BIN17,EUR,286.25,23
AP11098169,AP11098169,8059978828118,,Coccinelle,"Apparel & Accessories > Handbags, Wallets & Cases > Handbags > Womens",https://brandsgateway-img.s3.fr-par.scw.cloud/11098166.jpeg,https://brandsgateway-img.s3.fr-par.scw.cloud/11098167.jpeg,https://brandsgateway-img.s3.fr-par.scw.cloud/11098168.jpeg,INSTOCK,4,3,en,Coccinelle Bianco Leather Women's Bag,"Coccinelle Bianco Leather Women's Bag. Meet the COCCINELLE Beat Soft Bag, a perfect blend of elegance and functionality. This trendy bag boasts an adjustable shoulder strap for customizable comfort, while the external pocket with a twist closure adds a touch of modern flair. Inside, you’ll find a secure zip closure and an internal pocket to keep essentials in place. Its chic logo print against the pristine white color ensures you stand out with sophistication. Color: White Material: 100% Leather Country of origin: Italy Colour: White. Dimensions: 25.0X17.0X8.0. Country of origin: IT. Manufacturer part number: E1MF6150601_BIN17. Condition: new with tags.",White,,,E1MF6150601_BIN17,E1MF6150601_BIN17,EUR,286.25,23
AP10483707,AP10483707,8059978802316,,Coccinelle,"Apparel & Accessories > Handbags, Wallets & Cases > Handbags > Womens",https://brandsgateway-img.s3.fr-par.scw.cloud/10483694.jpeg,https://brandsgateway-img.s3.fr-par.scw.cloud/10483698.jpeg,https://brandsgateway-img.s3.fr-par.scw.cloud/10483701.jpeg,INSTOCK,3,3,en,Coccinelle Nero Leather Women Handbag,"Coccinelle Nero Leather Women Handbag. Embrace the epitome of Italian chic with COCCINELLE’s Lepaki Bag—a luxurious necessity for the fashion-forward maven. Crafted from 100% sumptuous pelle, this bag makes a bold statement while keeping your essentials neatly organized with its dual interior pockets and a handy external pocket. The sleek nero hue and gleaming logo proudly assert its high-end pedigree, while the secure zip closure and comfortable shoulder handles ensure functionality goes hand-in-hand with style. Material: 100% Pelle Country of origin: Italia Color: Nero Colour: Black. Dimensions: 30.0X13.0X10.0. Country of origin: IT. Manufacturer part number: E1U4A120201_NE001. Condition: new with tags.",Black,,,E1U4A120201_NE001,E1U4A120201_NE001,EUR,286.25,23
AP11098069,AP11098069,8059978755247,,Coccinelle,"Apparel & Accessories > Handbags, Wallets & Cases > Handbags > Womens",https://brandsgateway-img.s3.fr-par.scw.cloud/11098066.jpeg,https://brandsgateway-img.s3.fr-par.scw.cloud/11098067.jpeg,https://brandsgateway-img.s3.fr-par.scw.cloud/11098068.jpeg,INSTOCK,3,3,en,Coccinelle Rosso Leather Woman Bag,"Coccinelle Rosso Leather Woman Bag. Meet the stunning COCCINELLE Beat Generation Bag, the epitome of chic versatility! Crafted from 100% leather, this bag offers both a removable chain handle and an adjustable, detachable shoulder strap for effortless style. It features a practical external pocket and an internal one for organized elegance, with a drawstring and turnbuckle closure providing a secure touch. The bold red hue dazzles, with the classic logo completing this must-have fashion statement. Material: Leather Country of origin: Italy Color: Red Colour: Red. Dimensions: 18.0X21.0X12.0. Country of origin: IT. Manufacturer part number: E1TFK230301_ROR02. Condition: new with tags.",Red,,,E1TFK230301_ROR02,E1TFK230301_ROR02,EUR,286.25,23
AP10522248,AP10522248,8054034517388,,Versace,"Apparel & Accessories > Handbags, Wallets & Cases > Handbags > Womens",https://brandsgateway-img.s3.fr-par.scw.cloud/10522249.jpeg,https://brandsgateway-img.s3.fr-par.scw.cloud/10522250.jpeg,https://brandsgateway-img.s3.fr-par.scw.cloud/10522251.jpeg,OUTOFSTOCK,0,3,en,Versace Taupe Quilted Leather Handbag,"Versace Taupe Quilted Leather Handbag. VERSACE Absolutely stunning, 100% Authentic, brand new VERSACE solid color, metal shoulder strap. Model: Handbag -Shoulder bag Material: Lambskin Colour: Taupe Taupe inner lining with inside pocket Handle: Leather + chain shoulder strap Logo engraved metal hardware Made in Italy Measurements: L17xH14xW6 Strap: 125 cm chain shoulder strap Colour: Beige. Country of origin: IT. Condition: new with tags.",Beige,,,,,EUR,788.75,23
AP10483688,AP10483688,8059978808608,,Coccinelle,"Apparel & Accessories > Handbags, Wallets & Cases > Handbags > Womens",https://brandsgateway-img.s3.fr-par.scw.cloud/10483677.jpeg,https://brandsgateway-img.s3.fr-par.scw.cloud/10483681.jpeg,https://brandsgateway-img.s3.fr-par.scw.cloud/10483687.jpeg,INSTOCK,15,3,en,Coccinelle Black Leather Women Handbag,"Coccinelle Black Leather Women Handbag. Dive into the essence of sophistication with COCCINELLE’s Mavery Bag—a true embodiment of Italian elegance. This accessory isn’t just a statement piece but your new staple for seamless transitions from day to night. Its contrasting details stand out against the Nero hue, while the magnetic closure secures your essentials with a touch of allure. Experience the versatility with a detachable handle and an adjustable shoulder strap, ready to adapt to your unique style and pace. Material: 100% Pelle Country of origin: ITALIA Color: Nero Strap: Adjustable and removable Closure: Magnetic Features: 1 removable handle, 2 compartments Colour: Black. Dimensions: 21.0X18.0X7.0. Country of origin: IT. Manufacturer part number: E1U7F180201_NE001. Condition: new with tags.",Black,,,E1U7F180201_NE001,E1U7F180201_NE001,EUR,303.75,23
AP10564960,AP10564960,8059978802330,,Coccinelle,"Apparel & Accessories > Handbags, Wallets & Cases > Handbags > Womens",https://brandsgateway-img.s3.fr-par.scw.cloud/10564953.jpeg,https://brandsgateway-img.s3.fr-par.scw.cloud/10564956.jpeg,https://brandsgateway-img.s3.fr-par.scw.cloud/10564959.jpeg,OUTOFSTOCK,0,3,en,Coccinelle Viola Leather Women Handbag,"Coccinelle Viola Leather Women Handbag. Step into the spotlight with the COCCINELLE Lepaki Bag, a perfect blend of functionality and high fashion. This elegant white piece is more than just an accessory; it’s a statement. Designed for the woman on-the-go, it features two comfortable shoulder handles, a secure zip closure, and ample storage with one external and two internal pockets. The signature COCCINELLE logo is a subtle nod to your exquisite taste in luxury. Crafted from pristine 100% Pelle, this Italian masterpiece promises to elevate any ensemble with its timeless appeal. Material: 100% Pelle Country of Origin: Italia Color: Bianco Colour: White. Dimensions: 30.0X13.0X10.0. Country of origin: IT. Manufacturer part number: E1U4A120201_BIN17. Condition: new with tags.",White,,,E1U4A120201_BIN17,E1U4A120201_BIN17,EUR,286.25,23
AP11098126,AP11098126,8059978755698,,Coccinelle,"Apparel & Accessories > Handbags, Wallets & Cases > Handbags > Womens",https://brandsgateway-img.s3.fr-par.scw.cloud/11098122.jpeg,https://brandsgateway-img.s3.fr-par.scw.cloud/11098123.jpeg,https://brandsgateway-img.s3.fr-par.scw.cloud/11098124.jpeg,INSTOCK,25,3,en,Coccinelle Nero Leather Women's Bag,"Coccinelle Nero Leather Women's Bag. Unleash your inner diva with the Nory Bag from COCCINELLE. This chic shoulder bag boasts exquisite Italian craftsmanship, featuring a sleek, nero leather finish that is simply timeless. Offering both style and functionality, it includes two shoulder handles, an efficient zip closure, and two handy internal pockets for your essentials. Elevate your daily look with this luxurious accessory that’s sure to turn heads. Color: Black Material: 100% Leather Country of origin: Italy Colour: Black. Dimensions: 36.0X27.0X15.0. Country of origin: IT. Manufacturer part number: E1U45110101_NE001. Condition: new with tags.",Black,,,E1U45110101_NE001,E1U45110101_NE001,EUR,300.00,23
AP10483321,AP10483321,8059978755551,,Coccinelle,"Apparel & Accessories > Handbags, Wallets & Cases > Handbags > Womens",https://brandsgateway-img.s3.fr-par.scw.cloud/10483318.jpeg,https://brandsgateway-img.s3.fr-par.scw.cloud/10483319.jpeg,https://brandsgateway-img.s3.fr-par.scw.cloud/10483320.jpeg,INSTOCK,11,3,en,Coccinelle Nero Pelle Women Shoulder Bag,"Coccinelle Nero Pelle Women Shoulder Bag. Elevate your accessory game with COCCINELLE’s GRETEL RIBBON BAG—a statement of bold sophistication. Perfect for the trendsetter, this Italian-crafted bag is a marvel of design, boasting contrasting details that pop against its Nero hue. With a versatile adjustable and removable shoulder strap, zip closure for security, and practical pockets both external and internal, it’s tailored to keep up with your dynamic lifestyle. Carry the COCCINELLE essence wherever you go. Material: 100% Pelle Country of origin: ITALIA Color: Nero Colour: Black. Dimensions: 26.0X20.0X7.0. Country of origin: IT. Manufacturer part number: E1U6C150101_NE001. Condition: new with tags.",Black,,,E1U6C150101_NE001,E1U6C150101_NE001,EUR,281.25,23
AP10984389,AP10984389,8054034876393,,Versace,"Apparel & Accessories > Handbags, Wallets & Cases > Handbags > Womens",https://brandsgateway-img.s3.fr-par.scw.cloud/10984378.jpeg,https://brandsgateway-img.s3.fr-par.scw.cloud/10984381.jpeg,https://brandsgateway-img.s3.fr-par.scw.cloud/10984384.jpeg,INSTOCK,52,2.5,en,Versace Black Leather Crossbody Bag,"Versace Black Leather Crossbody Bag. Description: The product with MPN 10142781A172991B00V and code F87131 leather in black is a crossbody bags designed by Versace. It has features like front logo, back logo, adjustable shoulder. Colour: Black. Country of origin: IT. Manufacturer part number: 10142781A172991B00V. Condition: new with tags.",Black,,,10142781A172991B00V,10142781A172991B00V,EUR,860.00,23
AP11234498,AP11234498,8059978851819,,Coccinelle,"Apparel & Accessories > Handbags, Wallets & Cases > Handbags > Womens",https://brandsgateway-img.s3.fr-par.scw.cloud/11234494.jpeg,https://brandsgateway-img.s3.fr-par.scw.cloud/11234496.jpeg,https://brandsgateway-img.s3.fr-par.scw.cloud/11234497.jpeg,INSTOCK,13,3,en,Coccinelle Nero Leather Womens Bag,"Coccinelle Nero Leather Womens Bag. Step into the limelight with the COCCINELLE Nell Bag, a bold statement piece crafted with top-notch 100% Leather for the fearless fashionista. Flaunt this versatile beauty, offering two handles and an adjustable, removable shoulder strap, ready to adapt to any occasion. Conveniently designed with two external and internal pockets, and secure zip and magnet closures, the prominent logo seals the deal on this sophisticated must-have. Color: Black Material: 100% Leather Country of origin: China Colour: Black. Dimensions: 26.0X13.0X11.0. Country of origin: CN. Manufacturer part number: E1VOF180201_NE001. Condition: new with tags.",Black,,,E1VOF180201_NE001,E1VOF180201_NE001,EUR,303.75,23
AP4644962,AP4644962,8058696893996,,Dolce & Gabbana,"Apparel & Accessories > Handbags, Wallets & Cases > Handbags > Womens",https://brandsgateway-img.s3.fr-par.scw.cloud/4644964.jpeg,https://brandsgateway-img.s3.fr-par.scw.cloud/4644965.jpeg,https://brandsgateway-img.s3.fr-par.scw.cloud/4644966.jpeg,INSTOCK,22,3,en,Dolce & Gabbana Green Leather Handbag Clutch Mini Purse Pouch Tablet Case,"Dolce & Gabbana Green Leather Handbag Clutch Mini Purse Pouch Tablet Case. DOLCE & GABBANA Absolutely stunning brand new with tags, 100% Authentic Dolce & Gabbana tablet pouch case. Material: 100% Leather, metal hardware Colour: Green Snap button closure Logo details Made in Italy Measurements: 24cm x 17cm x 1cm Material: 100% Leather, metal hardware. Colour: Green. Country of origin: IT. Condition: new with tags.",Green,,,,,EUR,275.00,23
AP11234487,AP11234487,8059978829054,,Coccinelle,"Apparel & Accessories > Handbags, Wallets & Cases > Handbags > Womens",https://brandsgateway-img.s3.fr-par.scw.cloud/11234483.jpeg,https://brandsgateway-img.s3.fr-par.scw.cloud/11234484.jpeg,https://brandsgateway-img.s3.fr-par.scw.cloud/11234485.jpeg,INSTOCK,12,0,en,Coccinelle Black Leather Handbag,"Coccinelle Black Leather Handbag. MYRTHA26 BAG, 2 HANDLES, ADJUSTABLE AND REMOVABLE SHOULDER STRAP, 2 INTERNAL POCKETS, ZIP CLOSURE, LOGO Colour: Black. Dimensions: 26.0X19.0X12.0. Country of origin: CN. Manufacturer part number: E1UAK180101_NE001. Condition: new with tags.",Black,,,E1UAK180101_NE001,E1UAK180101_NE001,EUR,303.75,23
AP11098099,AP11098099,8059978801692,,Coccinelle,"Apparel & Accessories > Handbags, Wallets & Cases > Handbags > Womens",https://brandsgateway-img.s3.fr-par.scw.cloud/11098096.jpeg,https://brandsgateway-img.s3.fr-par.scw.cloud/11098097.jpeg,https://brandsgateway-img.s3.fr-par.scw.cloud/11098098.jpeg,INSTOCK,8,0,en,Coccinelle Violet Leather Women's Bag,"Coccinelle Violet Leather Women's Bag. Meet the COCCINELLE Arlettis Bag, a bold statement piece that seamlessly blends style with functionality. Featuring an adjustable and removable shoulder strap, this bag adapts to your every need. Its two separate compartments provide ample space for all your essentials, secured with both zip and snap closures for added safety. Finished off with the iconic logo, this Arlettis bag in vibrant violet is your new must-have. Material: 100% Leather Country of origin: Italy Color: Violet Colour: Purple. Dimensions: 20.0X14.0X8.0. Country of origin: IT. Manufacturer part number: E1MD555B701_VIP19. Condition: new with tags.",Purple,,,E1MD555B701_VIP19,E1MD555B701_VIP19,EUR,281.25,23
AP11234505,AP11234505,8059978851833,,Coccinelle,"Apparel & Accessories > Handbags, Wallets & Cases > Handbags > Womens",https://brandsgateway-img.s3.fr-par.scw.cloud/11234499.jpeg,https://brandsgateway-img.s3.fr-par.scw.cloud/11234501.jpeg,https://brandsgateway-img.s3.fr-par.scw.cloud/11234503.jpeg,INSTOCK,10,0,en,Coccinelle Pink Leather Handbag,"Coccinelle Pink Leather Handbag. NELL BAG, 2 HANDLES, ADJUSTABLE AND REMOVABLE SHOULDER STRAP, 2 EXTERNAL POCKETS, 2 INTERNAL POCKETS, ZIP AND MAGNET CLOSURE, LOGO Colour: Pink. Dimensions: 26.0X13.0X11.0. Country of origin: CN. Manufacturer part number: E1VOF180201_RSP55. Condition: new with tags.",Pink,,,E1VOF180201_RSP55,E1VOF180201_RSP55,EUR,303.75,23
AP11234337,AP11234337,8059978849663,,Coccinelle,"Apparel & Accessories > Handbags, Wallets & Cases > Handbags > Womens",https://brandsgateway-img.s3.fr-par.scw.cloud/11234333.jpeg,https://brandsgateway-img.s3.fr-par.scw.cloud/11234334.jpeg,https://brandsgateway-img.s3.fr-par.scw.cloud/11234335.jpeg,INSTOCK,15,0,en,Coccinelle Black Leather Handbag,"Coccinelle Black Leather Handbag. THESS BAG, 1 SHOULDER HANDLE, 1 INTERNAL POCKET, INTERNAL DOCUMENT HOLDER SPACES, ZIP CLOSURE, LOGO Colour: Black. Dimensions: 45.0X27.0X2.0. Country of origin: CN. Manufacturer part number: E1VCA130101_NE001. Condition: new with tags.",Black,,,E1VCA130101_NE001,E1VCA130101_NE001,EUR,300.00,23
AP11007295,AP11007295,8059978850478,,Coccinelle,"Apparel & Accessories > Handbags, Wallets & Cases > Handbags > Womens",https://brandsgateway-img.s3.fr-par.scw.cloud/11007292.jpeg,https://brandsgateway-img.s3.fr-par.scw.cloud/11007293.jpeg,https://brandsgateway-img.s3.fr-par.scw.cloud/11007294.jpeg,INSTOCK,8,3,en,Coccinelle Nero Leather Women's Bag with Multiple Pockets,"Coccinelle Nero Leather Women's Bag with Multiple Pockets. Elevate your style with the COCCINELLE Mavery Pocket Bag, a chic blend of elegance and functionality. This stunning piece features a single shoulder handle for effortless sophistication and two sleek external pockets with magnetic closures. Inside, you’ll find two additional pockets for organized storage. The zip closure adds security while the iconic print logo showcases its timeless charm. Make a bold fashion statement with this must-have Nero bag! Material: 100% Leather Country of origin: China Color: Black Colour: Black. Dimensions: 29.0X17.0X6.0. Country of origin: CN. Manufacturer part number: E1VGK120201_NE001. Condition: new with tags.",Black,,,E1VGK120201_NE001,E1VGK120201_NE001,EUR,303.75,23
AP11234525,AP11234525,8059978851840,,Coccinelle,"Apparel & Accessories > Handbags, Wallets & Cases > Handbags > Womens",https://brandsgateway-img.s3.fr-par.scw.cloud/11234520.jpeg,https://brandsgateway-img.s3.fr-par.scw.cloud/11234521.jpeg,https://brandsgateway-img.s3.fr-par.scw.cloud/11234523.jpeg,INSTOCK,8,0,en,Coccinelle Brown Leather Handbag,"Coccinelle Brown Leather Handbag. NELL BAG, 2 HANDLES, ADJUSTABLE AND REMOVABLE SHOULDER STRAP, 2 EXTERNAL POCKETS, 2 INTERNAL POCKETS, ZIP AND MAGNET CLOSURE, LOGO Colour: Brown. Dimensions: 26.0X13.0X11.0. Country of origin: CN. Manufacturer part number: E1VOF180201_MAR49. Condition: new with tags.",Brown,,,E1VOF180201_MAR49,E1VOF180201_MAR49,EUR,303.75,23
AP11234572,AP11234572,8059978851857,,Coccinelle,"Apparel & Accessories > Handbags, Wallets & Cases > Handbags > Womens",https://brandsgateway-img.s3.fr-par.scw.cloud/11234569.jpeg,https://brandsgateway-img.s3.fr-par.scw.cloud/11234570.jpeg,https://brandsgateway-img.s3.fr-par.scw.cloud/11234571.jpeg,INSTOCK,8,0,en,Coccinelle Brown Leather Handbag,"Coccinelle Brown Leather Handbag. NELL BAG, 2 HANDLES, ADJUSTABLE AND REMOVABLE SHOULDER STRAP, 2 EXTERNAL POCKETS, 2 INTERNAL POCKETS, ZIP AND MAGNET CLOSURE, LOGO Colour: Brown. Dimensions: 26.0X13.0X11.0. Country of origin: CN. Manufacturer part number: E1VOF180201_MAW11. Condition: new with tags.",Brown,,,E1VOF180201_MAW11,E1VOF180201_MAW11,EUR,303.75,23
AP11234612,AP11234612,8059978849090,,Coccinelle,"Apparel & Accessories > Handbags, Wallets & Cases > Handbags > Womens",https://brandsgateway-img.s3.fr-par.scw.cloud/11234609.jpeg,https://brandsgateway-img.s3.fr-par.scw.cloud/11234610.jpeg,https://brandsgateway-img.s3.fr-par.scw.cloud/11234611.jpeg,INSTOCK,8,0,en,Coccinelle Brown Leather Handbag,"Coccinelle Brown Leather Handbag. MYRTHA26 BAG, 2 HANDLES, ADJUSTABLE AND REMOVABLE SHOULDER STRAP, 2 INTERNAL POCKETS, ZIP CLOSURE, LOGO Colour: Brown. Dimensions: 26.0X19.0X12.0. Country of origin: CN. Manufacturer part number: E1UAK180101_MAR49. Condition: new with tags.",Brown,,,E1UAK180101_MAR49,E1UAK180101_MAR49,EUR,303.75,23
AP10483640,AP10483640,8059978828804,,Coccinelle,"Apparel & Accessories > Handbags, Wallets & Cases > Handbags > Womens",https://brandsgateway-img.s3.fr-par.scw.cloud/10483636.jpeg,https://brandsgateway-img.s3.fr-par.scw.cloud/10483637.jpeg,https://brandsgateway-img.s3.fr-par.scw.cloud/10483639.jpeg,INSTOCK,5,3,en,Coccinelle Beige Leather Women Handbag,"Coccinelle Beige Leather Women Handbag. Unveil absolute refinement with COCCINELLE’s GRETEL RIBBON BAG—a timeless accessory that embodies elegance with every stitch. Designed for the fashion-forward, its adjustable and removable shoulder strap offers versatile styling options. Luxe beige leather harmonizes with contrasting details for a chic look, while the practical zip closure secures your essentials. With an external pocket and dual internal pockets, organization meets sophistication. Make a statement with this Italian creation that redefines luxury. Material: 100% Pelle Country of origin: ITALIA Color: Beige Colour: Beige. Dimensions: 26.0X20.0X7.0. Country of origin: IT. Manufacturer part number: E1U6C150101_BEN64. Condition: new with tags.",Beige,,,E1U6C150101_BEN64,E1U6C150101_BEN64,EUR,281.25,23
AP10491873,AP10491873,8059978745774,,Coccinelle,"Apparel & Accessories > Handbags, Wallets & Cases > Handbags > Womens",https://brandsgateway-img.s3.fr-par.scw.cloud/10491870.jpeg,https://brandsgateway-img.s3.fr-par.scw.cloud/10491871.jpeg,https://brandsgateway-img.s3.fr-par.scw.cloud/10491872.jpeg,INSTOCK,7,3,en,Coccinelle Black Leather Women Handbag,"Coccinelle Black Leather Women Handbag. Indulge in the epitome of sophistication with the Coccinelle Beat Generation Bucket Bag. A seamless blend of functionality and fashion, this luxurious leather accessory is an essential for the style-conscious. Its black hue exudes timeless elegance, while the adjustable and removable shoulder strap offers versatile carrying options. The exterior pocket with twist closure and an internal pocket ensure your essentials stay organized. Accented with a distinctive print and the iconic Coccinelle logo, it’s a statement piece that elevates any ensemble. Material: Leather Country of origin: IT Color: Black Colour: Black. Dimensions: 21.0X27.0X14.0. Country of origin: IT. Manufacturer part number: E1TFK230201_NE001. Condition: new with tags.",Black,,,E1TFK230201_NE001,E1TFK230201_NE001,EUR,303.75,23
AP10734288,AP10734288,3700943681546,,Jacquemus,"Apparel & Accessories > Handbags, Wallets & Cases > Handbags > Womens",https://brandsgateway-img.s3.fr-par.scw.cloud/10734284.jpeg,https://brandsgateway-img.s3.fr-par.scw.cloud/10734286.jpeg,https://brandsgateway-img.s3.fr-par.scw.cloud/10734287.jpeg,OUTOFSTOCK,0,3,en,Jacquemus Brown Leather Shoulder Bag,"Jacquemus Brown Leather Shoulder Bag. Description: The product with MPN BAW00437AC07A09880DARKBROWN and code F86673 suede in brown is a shoulder bags designed by Jacquemus. It has features like removable handle, front logo. Colour: Brown. Country of origin: IT. Manufacturer part number: BAW00437AC07A09880DARKBROWN. Condition: new with tags.",Brown,,,BAW00437AC07A09880DARKBROWN,BAW00437AC07A09880DARKBROWN,EUR,951.25,23
AP10483349,AP10483349,8059978828811,,Coccinelle,"Apparel & Accessories > Handbags, Wallets & Cases > Handbags > Womens",https://brandsgateway-img.s3.fr-par.scw.cloud/10483346.jpeg,https://brandsgateway-img.s3.fr-par.scw.cloud/10483347.jpeg,https://brandsgateway-img.s3.fr-par.scw.cloud/10483348.jpeg,INSTOCK,4,3,en,Coccinelle Marrone Leather Women Handbag,"Coccinelle Marrone Leather Women Handbag. Step into the world where sophistication meets functionality with COCCINELLE’s GRETEL RIBBON BAG. Exquisitely crafted from 100% Pelle, this Marrone-hued beauty boasts contrasting details that make a bold statement. It features an adjustable and removable shoulder strap for versatile styling, with a zip closure securing your essentials. Practicality shines with one external pocket and two internal pockets, catering to the modern, on-the-go lifestyle. Embrace the COCCINELLE emblem, an epitome of luxury and trendsetting design. Material: 100% Pelle Country of origin: ITALIA Color: Marrone Colour: Brown. Dimensions: 26.0X20.0X7.0. Country of origin: IT. Manufacturer part number: E1U6C150101_MAW11. Condition: new with tags.",Brown,,,E1U6C150101_MAW11,E1U6C150101_MAW11,EUR,281.25,23
AP10483369,AP10483369,8059978828798,,Coccinelle,"Apparel & Accessories > Handbags, Wallets & Cases > Handbags > Womens",https://brandsgateway-img.s3.fr-par.scw.cloud/10483365.jpeg,https://brandsgateway-img.s3.fr-par.scw.cloud/10483366.jpeg,https://brandsgateway-img.s3.fr-par.scw.cloud/10483368.jpeg,INSTOCK,4,3,en,Coccinelle Bianco Leather Women Handbag,"Coccinelle Bianco Leather Women Handbag. Step into the spotlight with COCCINELLE’s Gretel Ribbon Bag, where sophistication meets convenience in a symphony of style. This Italian-crafted, Bianco beauty is a fashion statement with its contrasting details and unmistakable logo. With both an adjustable and removable shoulder strap, it offers versatility to complement your every ensemble. Stay organized and elegant with two internal pockets and an easily accessible external pocket, all secured with a sleek zip closure. Perfect for the fashion-forward who dare to stand out. Material: 100% Pelle Country of origin: ITALIA Color: Bianco Colour: White. Dimensions: 26.0X20.0X7.0. Country of origin: IT. Manufacturer part number: E1U6C150101_BIN17. Condition: new with tags.",White,,,E1U6C150101_BIN17,E1U6C150101_BIN17,EUR,281.25,23
AP11098103,AP11098103,8059978801685,,Coccinelle,"Apparel & Accessories > Handbags, Wallets & Cases > Handbags > Womens",https://brandsgateway-img.s3.fr-par.scw.cloud/11098082.jpeg,https://brandsgateway-img.s3.fr-par.scw.cloud/11098083.jpeg,https://brandsgateway-img.s3.fr-par.scw.cloud/11098102.jpeg,INSTOCK,4,3,en,Coccinelle Beige Leather Women's Bag,"Coccinelle Beige Leather Women's Bag. Discover the epitome of elegance with the COCCINELLE Arlettis Bag. This chic accessory boasts a versatile adjustable and removable shoulder strap, providing style and practicality in one. Its spacious design includes two separate compartments, secured with both zip and snap closures for your essentials. Adorned with the iconic logo, this bag is a true symbol of refined fashion. Elevate your wardrobe and embrace luxury with every step. Material: 100% Leather Country of origin: Italy Color: Beige Colour: Beige. Dimensions: 20.0X14.0X8.0. Country of origin: IT. Manufacturer part number: E1MD555B701_BEN64. Condition: new with tags.",Beige,,,E1MD555B701_BEN64,E1MD555B701_BEN64,EUR,281.25,23
AP11007380,AP11007380,8059978850553,,Coccinelle,"Apparel & Accessories > Handbags, Wallets & Cases > Handbags > Womens",https://brandsgateway-img.s3.fr-par.scw.cloud/11007374.jpeg,https://brandsgateway-img.s3.fr-par.scw.cloud/11007375.jpeg,https://brandsgateway-img.s3.fr-par.scw.cloud/11007379.jpeg,INSTOCK,6,3,en,Coccinelle Brown Leather Women's Bag,"Coccinelle Brown Leather Women's Bag. Step into elegance with the COCCINELLE Mavery Pocket Bag — where functionality meets style. Designed with two shoulder handles, this beauty boasts two convenient external pockets with magnetic closures plus two internal pockets to keep your essentials safely organized. Its zip closure ensures everything is secured in style. Complete with a chic print and brand logo, this bag is the ultimate trendsetter’s companion. Material: 100% Leather Country of origin: China Color: Brown Colour: Brown. Dimensions: 30.0X14.0X14.0. Country of origin: CN. Manufacturer part number: E1VGK120301_MAW25. Condition: new with tags.",Brown,,,E1VGK120301_MAW25,E1VGK120301_MAW25,EUR,303.75,23
AP11234589,AP11234589,8059978853813,,Coccinelle,"Apparel & Accessories > Handbags, Wallets & Cases > Handbags > Womens",https://brandsgateway-img.s3.fr-par.scw.cloud/11234584.jpeg,https://brandsgateway-img.s3.fr-par.scw.cloud/11234586.jpeg,https://brandsgateway-img.s3.fr-par.scw.cloud/11234588.jpeg,INSTOCK,6,0,en,Coccinelle Brown Leather Handbag,"Coccinelle Brown Leather Handbag. LIDIA BAG, ADJUSTABLE AND REMOVABLE SHOULDER STRAP, 1 INTERNAL POCKET, INTERNAL DOCUMENT HOLDER SPACES, DRAWSTRING CLOSURE, PRINT, LOGO Colour: Brown. Dimensions: 37.0X27.0X11.0. Country of origin: CN. Manufacturer part number: E1V9F130301_MAW25. Condition: new with tags.",Brown,,,E1V9F130301_MAW25,E1V9F130301_MAW25,EUR,303.75,23
AP11098081,AP11098081,8059978801647,,Coccinelle,"Apparel & Accessories > Handbags, Wallets & Cases > Handbags > Womens",https://brandsgateway-img.s3.fr-par.scw.cloud/11098078.jpeg,https://brandsgateway-img.s3.fr-par.scw.cloud/11098079.jpeg,https://brandsgateway-img.s3.fr-par.scw.cloud/11098080.jpeg,INSTOCK,3,3,en,Coccinelle Blue Leather Women's Bag,"Coccinelle Blue Leather Women's Bag. Step into style with the COCCINELLE Arlettis Bag, a must-have accessory for the fashion-forward individual. This chic piece boasts dual compartments for optimal organization, and its adjustable and removable shoulder strap offers versatile carrying options. A sophisticated design with a mix of zip and snap closures ensures your belongings are secure. Accentuated with the iconic logo, this bag defines contemporary elegance. Material: 100% Leather Country of origin: Italy Color: Blue Colour: Blue. Dimensions: 20.0X14.0X8.0. Country of origin: IT. Manufacturer part number: E1MD555B701_BLB27. Condition: new with tags.",Blue,,,E1MD555B701_BLB27,E1MD555B701_BLB27,EUR,281.25,23
AP11234616,AP11234616,8059978849106,,Coccinelle,"Apparel & Accessories > Handbags, Wallets & Cases > Handbags > Womens",https://brandsgateway-img.s3.fr-par.scw.cloud/11234613.jpeg,https://brandsgateway-img.s3.fr-par.scw.cloud/11234614.jpeg,https://brandsgateway-img.s3.fr-par.scw.cloud/11234615.jpeg,INSTOCK,5,0,en,Coccinelle Brown Leather Handbag,"Coccinelle Brown Leather Handbag. MYRTHA26 BAG, 2 HANDLES, ADJUSTABLE AND REMOVABLE SHOULDER STRAP, 2 INTERNAL POCKETS, ZIP CLOSURE, LOGO Colour: Brown. Dimensions: 26.0X19.0X12.0. Country of origin: CN. Manufacturer part number: E1UAK180101_MAW25. Condition: new with tags.",Brown,,,E1UAK180101_MAW25,E1UAK180101_MAW25,EUR,303.75,23
AP11234576,AP11234576,8059978849588,,Coccinelle,"Apparel & Accessories > Handbags, Wallets & Cases > Handbags > Womens",https://brandsgateway-img.s3.fr-par.scw.cloud/11234573.jpeg,https://brandsgateway-img.s3.fr-par.scw.cloud/11234574.jpeg,https://brandsgateway-img.s3.fr-par.scw.cloud/11234575.jpeg,INSTOCK,11,3,en,Coccinelle Black Leather Women's Bag,"Coccinelle Black Leather Women's Bag. Meet the epitome of Italian elegance with COCCINELLE’s Thess Bag. Designed for the modern fashionista, this sleek Nero bag boasts two shoulder handles and a functional magnetic closure for ease and style. The thoughtful addition of two internal pockets keeps essentials organized, while the removable key ring adds versatility. Its protective feet ensure lasting luxury. Elevate your looks and make a daring statement. Material: 100% Leather Country of origin: China Color: Black Colour: Black. Dimensions: 35.0X26.0X16.0. Country of origin: CN. Manufacturer part number: E1VCA110101_NE001. Condition: new with tags.",Black,,,E1VCA110101_NE001,E1VCA110101_NE001,EUR,300.00,23
AP10453612,AP10453612,8057576297602,,Dolce & Gabbana,"Apparel & Accessories > Handbags, Wallets & Cases > Handbags > Womens",https://brandsgateway-img.s3.fr-par.scw.cloud/10453577.jpeg,https://brandsgateway-img.s3.fr-par.scw.cloud/10453600.jpeg,https://brandsgateway-img.s3.fr-par.scw.cloud/10453606.jpeg,INSTOCK,3,3,en,Dolce & Gabbana Black Calf Leather Bos Taurus Shoulder Bag,"Dolce & Gabbana Black Calf Leather Bos Taurus Shoulder Bag. The Vittoria medium Handbag by Dolce&Gabbana is a sophisticated and versatile accessory, featuring a leather handle and adjustable leather shoulder strap for optimal comfort. The zip closure and vintage brass hardware add a touch of class and functionality. The exterior personalization with a single-galvanized tag and hot stamp, together with the interior personalization with a foil stamp, enhance the iconic Dolce&Gabbana style. The interior is well organized, with a flat pocket and a zip pocket for practical space management. Season: SS26 Dimension: 30x20x13 Composition: 95% Calf Leather Bos Taurus 5% Pvc Colour: Black. Dimensions: 30 / 20 / 13 (cm). Country of origin: IT. Manufacturer part number: BB7844A0070_8I984. Condition: new with tags.",Black,,,BB7844A0070_8I984,BB7844A0070_8I984,EUR,2431.25,23
AP10574253,AP10574253,8054034047151,,Versace,"Apparel & Accessories > Handbags, Wallets & Cases > Handbags > Womens",https://brandsgateway-img.s3.fr-par.scw.cloud/10789061.jpeg,https://brandsgateway-img.s3.fr-par.scw.cloud/10789062.jpeg,https://brandsgateway-img.s3.fr-par.scw.cloud/10789063.jpeg,INSTOCK,5,2,en,Versace Medusa Black Nylon Belt Bag Waist Fanny Pack Purse,"Versace Versace Medusa Black Nylon Belt Bag Waist Fanny Pack Purse. Style: Versace Small Medusa Belt Bag (Black) Material: Nylon Features: Zip Closure, Adjustable Strap for Belt or Crossbody Wear Measures: 11″ W x 7″ H x 3″ D Colour: Silver. Country of origin: IT. Condition: new with tags.",Silver,,,,,EUR,657.50,23
AP11007235,AP11007235,8059978850522,,Coccinelle,"Apparel & Accessories > Handbags, Wallets & Cases > Handbags > Womens",https://brandsgateway-img.s3.fr-par.scw.cloud/11007231.jpeg,https://brandsgateway-img.s3.fr-par.scw.cloud/11007233.jpeg,https://brandsgateway-img.s3.fr-par.scw.cloud/11007234.jpeg,INSTOCK,4,3,en,Coccinelle Brown Leather Womens Bag,"Coccinelle Brown Leather Womens Bag. Unleash your bold style with the COCCINELLE Mavery Pocket Bag, a perfect blend of functionality and trendsetting design. Featuring a single shoulder handle, this bag boasts two chic external pockets with magnetic closure for your essentials, along with two interior pockets for added convenience. Its elegant zip closure, distinct print, and iconic logo make it a must-have accessory. Crafted from premium 100% leather in a timeless brown hue, this bag is your ultimate style statement. Material: 100% Leather Country of origin: China Color: Brown Colour: Brown. Dimensions: 29.0X17.0X6.0. Country of origin: CN. Manufacturer part number: E1VGK120201_MAW25. Condition: new with tags.",Brown,,,E1VGK120201_MAW25,E1VGK120201_MAW25,EUR,303.75,23
AP11007331,AP11007331,8059978850331,,Coccinelle,"Apparel & Accessories > Handbags, Wallets & Cases > Handbags > Womens",https://brandsgateway-img.s3.fr-par.scw.cloud/11007326.jpeg,https://brandsgateway-img.s3.fr-par.scw.cloud/11007328.jpeg,https://brandsgateway-img.s3.fr-par.scw.cloud/11007330.jpeg,INSTOCK,4,3,en,Coccinelle Rosa Leather Womens Bag,"Coccinelle Rosa Leather Womens Bag. Introducing the COCCINELLE BEAT GENERATION BAG – a bold statement piece for the trendy urban woman. This exquisite bag carries your essentials in style, with its chic twist closure front pocket and secure zip closure. The adjustable and removable shoulder strap ensures versatility and comfort. Crafted from 100% leather, it showcases both luxury and durability while its eye-catching pink tone guarantees you’ll stand out from the crowd. Embrace modern elegance with this stunning accessory. Material: 100% Leather Color: Pink Country of origin: China Colour: Pink. Dimensions: 19.0X11.0X8.0. Country of origin: CN. Manufacturer part number: E1U4K120201_RSP55. Condition: new with tags.",Pink,,,E1U4K120201_RSP55,E1U4K120201_RSP55,EUR,303.75,23
AP11007383,AP11007383,8059978848734,,Coccinelle,"Apparel & Accessories > Handbags, Wallets & Cases > Handbags > Womens",https://brandsgateway-img.s3.fr-par.scw.cloud/11007378.jpeg,https://brandsgateway-img.s3.fr-par.scw.cloud/11007381.jpeg,https://brandsgateway-img.s3.fr-par.scw.cloud/11007382.jpeg,INSTOCK,4,3,en,Coccinelle Brown Leather Women's Bag with Adjustable Strap,"Coccinelle Brown Leather Women's Bag with Adjustable Strap. Embrace elegance with the Coccinelle Mavery Bag, your new statement piece. Featuring a removable handle and an adjustable strap for versatile styling, this bag adapts effortlessly to your fashion needs. Its two spacious compartments and magnetic closure offer practicality, while the contrasting details and iconic logo add a chic touch. Crafted from 100% leather, the Mavery Bag exudes luxury and timeless appeal. Material: 100% Leather Country of origin: China Color: Brown Colour: Brown. Dimensions: 21.0X18.0X7.0. Country of origin: CN. Manufacturer part number: E1U7F180201_MAR49. Condition: new with tags.",Brown,,,E1U7F180201_MAR49,E1U7F180201_MAR49,EUR,303.75,23
AP11234388,AP11234388,8059978853967,,Coccinelle,"Apparel & Accessories > Handbags, Wallets & Cases > Handbags > Womens",https://brandsgateway-img.s3.fr-par.scw.cloud/11234385.jpeg,https://brandsgateway-img.s3.fr-par.scw.cloud/11234386.jpeg,https://brandsgateway-img.s3.fr-par.scw.cloud/11234387.jpeg,INSTOCK,4,3,en,Coccinelle Brown Leather Women's Bag,"Coccinelle Brown Leather Women's Bag. Embrace effortless elegance with COCCINELLE’s Lidia Suede Bag. This mesmerizing piece features a luxurious suede finish and offers a perfect blend of style and functionality. With its adjustable and removable shoulder strap, it caters to your comfort needs. Inside, find an internal pocket and document holder spaces to keep your essentials organized. The drawstring closure adds a touch of contemporary flair to this iconic accessory. Perfect for any occasion, make it yours today! Material: 100% Leather Country of origin: China Color: Brown Colour: Brown. Dimensions: 38.0X27.0X11.0. Country of origin: CN. Manufacturer part number: E1V9G130301_MAW11. Condition: new with tags.",Brown,,,E1V9G130301_MAW11,E1V9G130301_MAW11,EUR,303.75,23
AP10574258,AP10574258,8054034047267,,Versace,"Apparel & Accessories > Handbags, Wallets & Cases > Handbags > Womens",https://brandsgateway-img.s3.fr-par.scw.cloud/10789066.jpeg,https://brandsgateway-img.s3.fr-par.scw.cloud/10789069.jpeg,https://brandsgateway-img.s3.fr-par.scw.cloud/10789071.jpeg,INSTOCK,4,2,en,Versace Medusa Navy Nylon Belt Bag Waist Fanny Pack Purse,"Versace Versace Medusa Navy Nylon Belt Bag Waist Fanny Pack Purse. Style: Versace Small Medusa Belt Bag (Navy) Material: Nylon Features: Zip Closure, Adjustable Strap for Belt or Crossbody Wear Measures: 11″ W x 7″ H x 3″ D Colour: Silver. Country of origin: IT. Condition: new with tags.",Silver,,,,,EUR,657.50,23
AP10983351,AP10983351,3700943681621,,Jacquemus,"Apparel & Accessories > Handbags, Wallets & Cases > Handbags > Womens",https://brandsgateway-img.s3.fr-par.scw.cloud/10983348.jpeg,https://brandsgateway-img.s3.fr-par.scw.cloud/10983349.jpeg,https://brandsgateway-img.s3.fr-par.scw.cloud/10983350.jpeg,OUTOFSTOCK,0,3,en,Jacquemus Black Leather Shoulder Bag,"Jacquemus Black Leather Shoulder Bag. Description: The product with MPN BAW00437AC18A08990 and code F86674 leather in black is a shoulder bags designed by Jacquemus. It has features like front logo, side logo, adjustable handle. Colour: Black. Country of origin: IT. Manufacturer part number: BAW00437AC18A08990. Condition: new with tags.",Black,,,BAW00437AC18A08990,BAW00437AC18A08990,EUR,918.75,23
AP11007277,AP11007277,8059978850348,,Coccinelle,"Apparel & Accessories > Handbags, Wallets & Cases > Handbags > Womens",https://brandsgateway-img.s3.fr-par.scw.cloud/11007271.jpeg,https://brandsgateway-img.s3.fr-par.scw.cloud/11007273.jpeg,https://brandsgateway-img.s3.fr-par.scw.cloud/11007275.jpeg,INSTOCK,3,3,en,Coccinelle Brown Leather Women Bag,"Coccinelle Brown Leather Women Bag. Step out in style with the COCCINELLE Beat Generation Bag, the perfect fusion of bold elegance and practicality. This trendy piece features an adjustable and removable shoulder strap for versatile carrying options, an external pocket with a unique twist closure for your essentials, and a secure zip closure to keep everything in place. Show off your fashion-forward flair with the iconic logo embellishment that seals the deal. Material: 100% Leather Country of origin: China Color: Brown Colour: Brown. Dimensions: 19.0X11.0X8.0. Country of origin: CN. Manufacturer part number: E1U4K120201_MAW25. Condition: new with tags.",Brown,,,E1U4K120201_MAW25,E1U4K120201_MAW25,EUR,303.75,23
AP11234382,AP11234382,8059978849670,,Coccinelle,"Apparel & Accessories > Handbags, Wallets & Cases > Handbags > Womens",https://brandsgateway-img.s3.fr-par.scw.cloud/11234378.jpeg,https://brandsgateway-img.s3.fr-par.scw.cloud/11234380.jpeg,https://brandsgateway-img.s3.fr-par.scw.cloud/11234381.jpeg,INSTOCK,8,0,en,Coccinelle Brown Leather Handbag,"Coccinelle Brown Leather Handbag. THESS BAG, 1 SHOULDER HANDLE, 1 INTERNAL POCKET, INTERNAL DOCUMENT HOLDER SPACES, ZIP CLOSURE, LOGO Colour: Brown. Dimensions: 45.0X27.0X2.0. Country of origin: CN. Manufacturer part number: E1VCA130101_MAR49. Condition: new with tags.",Brown,,,E1VCA130101_MAR49,E1VCA130101_MAR49,EUR,300.00,23
AP11234384,AP11234384,8059978856142,,Coccinelle,"Apparel & Accessories > Handbags, Wallets & Cases > Handbags > Womens",https://brandsgateway-img.s3.fr-par.scw.cloud/11234361.jpeg,https://brandsgateway-img.s3.fr-par.scw.cloud/11234362.jpeg,https://brandsgateway-img.s3.fr-par.scw.cloud/11234383.jpeg,INSTOCK,6,0,en,Coccinelle Brown Leather Handbag,"Coccinelle Brown Leather Handbag. NORY BAG, 2 SHOULDER HANDLES, 2 INTERNAL POCKETS, ZIP CLOSURE, LOGO Colour: Brown. Dimensions: 36.0X27.0X15.0. Country of origin: CN. Manufacturer part number: E1U45110101_MAR49. Condition: new with tags.",Brown,,,E1U45110101_MAR49,E1U45110101_MAR49,EUR,300.00,23
AP11234568,AP11234568,8059978849687,,Coccinelle,"Apparel & Accessories > Handbags, Wallets & Cases > Handbags > Womens",https://brandsgateway-img.s3.fr-par.scw.cloud/11234564.jpeg,https://brandsgateway-img.s3.fr-par.scw.cloud/11234566.jpeg,https://brandsgateway-img.s3.fr-par.scw.cloud/11234567.jpeg,INSTOCK,6,0,en,Coccinelle Brown Leather Handbag,"Coccinelle Brown Leather Handbag. THESS BAG, 1 SHOULDER HANDLE, 1 INTERNAL POCKET, INTERNAL DOCUMENT HOLDER SPACES, ZIP CLOSURE, LOGO Colour: Brown. Dimensions: 45.0X27.0X2.0. Country of origin: CN. Manufacturer part number: E1VCA130101_MAW25. Condition: new with tags.",Brown,,,E1VCA130101_MAW25,E1VCA130101_MAW25,EUR,300.00,23
AP11234580,AP11234580,8059978849601,,Coccinelle,"Apparel & Accessories > Handbags, Wallets & Cases > Handbags > Womens",https://brandsgateway-img.s3.fr-par.scw.cloud/11234577.jpeg,https://brandsgateway-img.s3.fr-par.scw.cloud/11234578.jpeg,https://brandsgateway-img.s3.fr-par.scw.cloud/11234579.jpeg,INSTOCK,6,0,en,Coccinelle Brown Leather Handbag,"Coccinelle Brown Leather Handbag. THESS BAG, 2 SHOULDER HANDLES, 2 INTERNAL POCKETS, MAGNETIC CLOSURE, REMOVABLE KEY RING, PROTECTIVE FEET, LOGO Colour: Brown. Dimensions: 35.0X26.0X16.0. Country of origin: CN. Manufacturer part number: E1VCA110101_MAR49. Condition: new with tags.",Brown,,,E1VCA110101_MAR49,E1VCA110101_MAR49,EUR,300.00,23
AP11007268,AP11007268,8059978853295,,Coccinelle,"Apparel & Accessories > Handbags, Wallets & Cases > Handbags > Womens",https://brandsgateway-img.s3.fr-par.scw.cloud/11007262.jpeg,https://brandsgateway-img.s3.fr-par.scw.cloud/11007265.jpeg,https://brandsgateway-img.s3.fr-par.scw.cloud/11007267.jpeg,INSTOCK,10,0,en,Coccinelle Brown Leather Handbag,"Coccinelle Brown Leather Handbag. BEAT GENERATIO BAG, ADJUSTABLE AND REMOVABLE SHOULDER STRAP, 1 EXTERNAL POCKET WITH TWIST CLOSURE, 2 INTERNAL POCKETS, ZIP CLOSURE, LOGO Colour: Brown. Dimensions: 28.0X17.0X12.0. Country of origin: CN. Manufacturer part number: E1TFK150101_MAW11. Condition: new with tags.",Brown,,,E1TFK150101_MAW11,E1TFK150101_MAW11,EUR,293.75,23
AP11007348,AP11007348,8059978820440,,Coccinelle,"Apparel & Accessories > Handbags, Wallets & Cases > Handbags > Womens",https://brandsgateway-img.s3.fr-par.scw.cloud/11007342.jpeg,https://brandsgateway-img.s3.fr-par.scw.cloud/11007345.jpeg,https://brandsgateway-img.s3.fr-par.scw.cloud/11007346.jpeg,INSTOCK,10,0,en,Coccinelle Brown Leather Handbag,"Coccinelle Brown Leather Handbag. BEAT GENERATIO BAG, ADJUSTABLE AND REMOVABLE SHOULDER STRAP, 1 EXTERNAL POCKET WITH TWIST CLOSURE, 2 INTERNAL POCKETS, ZIP CLOSURE, LOGO Colour: Brown. Dimensions: 28.0X17.0X12.0. Country of origin: CN. Manufacturer part number: E1TFK150101_MAR49. Condition: new with tags.",Brown,,,E1TFK150101_MAR49,E1TFK150101_MAR49,EUR,293.75,23
AP11098065,AP11098065,8059978802019,,Coccinelle,"Apparel & Accessories > Handbags, Wallets & Cases > Handbags > Womens",https://brandsgateway-img.s3.fr-par.scw.cloud/11098062.jpeg,https://brandsgateway-img.s3.fr-par.scw.cloud/11098063.jpeg,https://brandsgateway-img.s3.fr-par.scw.cloud/11098064.jpeg,OUTOFSTOCK,0,3,en,Coccinelle Blue Leather Womens Bag,"Coccinelle Blue Leather Womens Bag. Elevate your style with the COCCINELLE Beat Soft Bag, a chic statement in any wardrobe. This trendy bag boasts an adjustable shoulder strap for versatile wear, complemented by a sleek design that features both an external and internal pocket for your essentials. The zip and turnbuckle closure not only ensures security but also adds a dash of sophistication. Complete with the iconic logo, this bag epitomizes bold elegance. Material: 100% Leather Country of origin: Italy Color: Blue Colour: Blue. Dimensions: 22.0X16.0X10.0. Country of origin: IT. Manufacturer part number: E1MF6150201_BLB27. Condition: new with tags.",Blue,,,E1MF6150201_BLB27,E1MF6150201_BLB27,EUR,275.00,23
AP11234426,AP11234426,8059978853820,,Coccinelle,"Apparel & Accessories > Handbags, Wallets & Cases > Handbags > Womens",https://brandsgateway-img.s3.fr-par.scw.cloud/11234417.jpeg,https://brandsgateway-img.s3.fr-par.scw.cloud/11234420.jpeg,https://brandsgateway-img.s3.fr-par.scw.cloud/11234422.jpeg,INSTOCK,8,3,en,Coccinelle Nero Leather Women's Bag,"Coccinelle Nero Leather Women's Bag. Step up your style game with the bold and trendy COCCINELLE Lidia Bag! This chic accessory features an adjustable and removable shoulder strap for versatile wear. Inside, you’ll find one pocket and dedicated spaces for all your documents. The eye-catching drawstring closure and alluring print make it a standout piece. Adorned with the iconic COCCINELLE logo, it’s crafted from rich, durable leather. Color: Black Material: 100% Leather Country of Origin: China Colour: Black. Dimensions: 31.0X21.0X10.0. Country of origin: CN. Manufacturer part number: E1V9F130401_NE001. Condition: new with tags.",Black,,,E1V9F130401_NE001,E1V9F130401_NE001,EUR,293.75,23
AP11234530,AP11234530,8059978875853,,Coccinelle,"Apparel & Accessories > Handbags, Wallets & Cases > Handbags > Womens",https://brandsgateway-img.s3.fr-par.scw.cloud/11234522.jpeg,https://brandsgateway-img.s3.fr-par.scw.cloud/11234526.jpeg,https://brandsgateway-img.s3.fr-par.scw.cloud/11234528.jpeg,INSTOCK,7,3,en,Coccinelle Brown Leather Women's Bag,"Coccinelle Brown Leather Women's Bag. Meet the COCCINELLE Lidia Suede Bag, your new statement piece that speaks elegance and versatility. With its adjustable and removable shoulder strap, it’s perfect for any occasion. Inside, you’ll find two pockets for your essentials, while the refined book closure adds a touch of sophistication. Adorned with the iconic logo, this bag is crafted from top-tier suede. Color: Brown Material: 100% Leather Country of origin: China Colour: Brown. Dimensions: 33.0X25.0X11.0. Country of origin: CN. Manufacturer part number: E1V9G130401_MAW20. Condition: new with tags.",Brown,,,E1V9G130401_MAW20,E1V9G130401_MAW20,EUR,293.75,23
AP11007280,AP11007280,8059978853318,,Coccinelle,"Apparel & Accessories > Handbags, Wallets & Cases > Handbags > Womens",https://brandsgateway-img.s3.fr-par.scw.cloud/11007274.jpeg,https://brandsgateway-img.s3.fr-par.scw.cloud/11007276.jpeg,https://brandsgateway-img.s3.fr-par.scw.cloud/11007278.jpeg,INSTOCK,6,3,en,Coccinelle Brown Leather Woman Bag,"Coccinelle Brown Leather Woman Bag. Meet the COCCINELLE Beat Generation Bag, where bold design marries functionality. This chic accessory features an adjustable and removable shoulder strap for versatile styling. Its exterior boasts a twist closure pocket for quick access, complemented by two internal pockets and a secure zip closure to keep your essentials in check. Finished with the iconic logo, it’s a must-have statement piece for the trendy fashionista. Material: 100% Leather Country of origin: China Color: Brown Colour: Brown. Dimensions: 28.0X17.0X12.0. Country of origin: CN. Manufacturer part number: E1TFK150101_MAW25. Condition: new with tags.",Brown,,,E1TFK150101_MAW25,E1TFK150101_MAW25,EUR,293.75,23
AP11234471,AP11234471,8059978847225,,Coccinelle,"Apparel & Accessories > Handbags, Wallets & Cases > Handbags > Womens",https://brandsgateway-img.s3.fr-par.scw.cloud/11234468.jpeg,https://brandsgateway-img.s3.fr-par.scw.cloud/11234469.jpeg,https://brandsgateway-img.s3.fr-par.scw.cloud/11234470.jpeg,INSTOCK,6,0,en,Coccinelle Brown Leather Handbag,"Coccinelle Brown Leather Handbag. LIDIA BAG, ADJUSTABLE AND REMOVABLE SHOULDER STRAP, 1 INTERNAL POCKET, INTERNAL DOCUMENT HOLDER SPACES, DRAWSTRING CLOSURE, PRINT, LOGO Colour: Brown. Dimensions: 32.0X23.0X11.0. Country of origin: CN. Manufacturer part number: E1V9F130401_MAR49. Condition: new with tags.",Brown,,,E1V9F130401_MAR49,E1V9F130401_MAR49,EUR,293.75,23
AP10901311,AP10901311,8057576319335,,Dolce & Gabbana,"Apparel & Accessories > Handbags, Wallets & Cases > Handbags > Womens",https://brandsgateway-img.s3.fr-par.scw.cloud/10901306.jpeg,https://brandsgateway-img.s3.fr-par.scw.cloud/10901308.jpeg,https://brandsgateway-img.s3.fr-par.scw.cloud/10901309.jpeg,INSTOCK,3,3,en,Dolce & Gabbana Bicolor Calfskin Handbag,"Dolce & Gabbana Bicolor Calfskin Handbag. Introducing the bold and trendy “My Sicily” maxi handbag from Dolce & Gabbana, a stunning accessory crafted with the finest plongé calf leather. Adorned with vintage brass galvanic metal details, this handbag exudes sophistication with its elegant flap closure and engraved logo. A versatile piece, it features a fixed handle, rigid bottom with metal feet, a back zip pocket, and an adjustable/removable shoulder strap for your contemporary styling needs. Material: 95% calf leather, 5% PVC Country of origin: Italy Color: Green Colour: Bicolor. Country of origin: IT. Manufacturer part number: BB7814B732180560. Condition: new with tags.",Bicolor,,,BB7814B732180560,BB7814B732180560,EUR,2675.00,23
AP11234353,AP11234353,8059978855350,,Coccinelle,"Apparel & Accessories > Handbags, Wallets & Cases > Handbags > Womens",https://brandsgateway-img.s3.fr-par.scw.cloud/11234349.jpeg,https://brandsgateway-img.s3.fr-par.scw.cloud/11234350.jpeg,https://brandsgateway-img.s3.fr-par.scw.cloud/11234351.jpeg,INSTOCK,5,3,en,Coccinelle Brown Leather Women's Bag,"Coccinelle Brown Leather Women's Bag. Discover the embodiment of style and functionality with the elegant COCCINELLE C-Easy Bag. Designed with two shoulder handles and a snap closure, this bag effortlessly combines practicality with a chic aesthetic. A removable internal pouch and contrasting details make it a versatile choice for any fashion-forward wardrobe. The subtle logo adds a touch of luxury, ensuring this bag remains a timeless staple in your ensemble. Material: 100% Leather Country of origin: China Color: Brown Colour: Brown. Dimensions: 30.0X25.0X10.0. Country of origin: CN. Manufacturer part number: E1SHA110201_MAW25. Condition: new with tags.",Brown,,,E1SHA110201_MAW25,E1SHA110201_MAW25,EUR,293.75,23
AP11234454,AP11234454,8059978847829,,Coccinelle,"Apparel & Accessories > Handbags, Wallets & Cases > Handbags > Womens",https://brandsgateway-img.s3.fr-par.scw.cloud/11234442.jpeg,https://brandsgateway-img.s3.fr-par.scw.cloud/11234446.jpeg,https://brandsgateway-img.s3.fr-par.scw.cloud/11234450.jpeg,INSTOCK,4,0,en,Coccinelle Brown Leather Handbag,"Coccinelle Brown Leather Handbag. LIDIA SUEDE BAG, ADJUSTABLE AND REMOVABLE SHOULDER STRAP, 2 INTERNAL POCKETS, BOOK CLOSURE, LOGO Colour: Brown. Dimensions: 33.0X25.0X11.0. Country of origin: CN. Manufacturer part number: E1V9G130401_MAW11. Condition: new with tags.",Brown,,,E1V9G130401_MAW11,E1V9G130401_MAW11,EUR,293.75,23
AP11234592,AP11234592,8059978853844,,Coccinelle,"Apparel & Accessories > Handbags, Wallets & Cases > Handbags > Womens",https://brandsgateway-img.s3.fr-par.scw.cloud/11234587.jpeg,https://brandsgateway-img.s3.fr-par.scw.cloud/11234590.jpeg,https://brandsgateway-img.s3.fr-par.scw.cloud/11234591.jpeg,INSTOCK,4,3,en,Coccinelle Brown Leather Women's Bag,"Coccinelle Brown Leather Women's Bag. Meet sophisticated elegance with the Coccinelle Lidia Bag—a statement piece for the chic trendsetter. This bold, printed beauty boasts an adjustable and removable shoulder strap, making it versatile for any occasion. Inside, find an organized haven with an internal pocket and document holder spaces, all secured by a stylish drawstring closure. The discreetly embossed logo adds a touch of luxury. Material: 100% Leather Country of origin: China Color: Brown Colour: Brown. Dimensions: 31.0X21.0X10.0. Country of origin: CN. Manufacturer part number: E1V9F130401_MAW25. Condition: new with tags.",Brown,,,E1V9F130401_MAW25,E1V9F130401_MAW25,EUR,293.75,23
AP11234608,AP11234608,8059978855343,,Coccinelle,"Apparel & Accessories > Handbags, Wallets & Cases > Handbags > Womens",https://brandsgateway-img.s3.fr-par.scw.cloud/11234604.jpeg,https://brandsgateway-img.s3.fr-par.scw.cloud/11234606.jpeg,https://brandsgateway-img.s3.fr-par.scw.cloud/11234607.jpeg,INSTOCK,3,3,en,Coccinelle Brown Leather Women's Bag,"Coccinelle Brown Leather Women's Bag. Elevate your style with the chic sophistication of the COCCINELLE C-Easy Bag. Designed for the modern woman on the go, it features two sturdy shoulder handles for versatile carry and a detachable internal pouch for organized elegance. The bag boasts contrasting details and a sleek snap closure, finished with the iconic logo for a bold statement. Experience Italian luxury redefined for a trendy lifestyle. Material: 100% Leather Country of origin: China Color: Brown Colour: Brown. Dimensions: 30.0X25.0X10.0. Country of origin: CN. Manufacturer part number: E1SHA110201_MAR49. Condition: new with tags.",Brown,,,E1SHA110201_MAR49,E1SHA110201_MAR49,EUR,293.75,23
AP8343461,AP8343461,0196133522462,,Tory Burch,"Apparel & Accessories > Handbags, Wallets & Cases > Handbags > Womens",https://brandsgateway-img.s3.fr-par.scw.cloud/8343435.jpeg,https://brandsgateway-img.s3.fr-par.scw.cloud/8343448.jpeg,https://brandsgateway-img.s3.fr-par.scw.cloud/8343454.jpeg,OUTOFSTOCK,0,3,en,Tory Burch Pink Leather Shoulder Bag,"Tory Burch Pink Leather Shoulder Bag. Description: The product with MPN 146019267 and code F83633 leather in pink is a shoulder bags designed by Tory Burch. It has features like front logo, removable inner clutch. Colour: Pink. Country of origin: IN. Manufacturer part number: 146019267. Condition: new with tags.",Pink,,,146019267,146019267,EUR,791.25,23
AP10573519,AP10573519,8054034014269,,Versace,"Apparel & Accessories > Handbags, Wallets & Cases > Handbags > Womens",https://brandsgateway-img.s3.fr-par.scw.cloud/10788570.jpeg,https://brandsgateway-img.s3.fr-par.scw.cloud/10788571.jpeg,https://brandsgateway-img.s3.fr-par.scw.cloud/10788572.jpeg,INSTOCK,4,2.5,en,Versace Medusa Crystal Satin Mini Chain Crossbody Bag Purse,"Versace Versace Medusa Crystal Satin Mini Chain Crossbody Bag Purse. Elevate your accessory game with the exquisite Versace Medusa Crystal Satin Mini Chain Crossbody Bag Purse. This captivating piece is designed for the modern woman who appreciates luxury and sophistication. Crafted from high-quality satin, the bag features a stunning pink exterior that complements a variety of outfits for any occasion, whether it’s a formal event, a casual outing, or a night out on the town. The compact dimensions of 7.5 inches in length, 4.5 inches in height, and 2 inches in depth make it the perfect companion for carrying your essentials without the bulk. The magnetic flap closure ensures that your belongings are secure while allowing for easy access. The detachable gold-tone chain crossbody strap enhances versatility, enabling you to wear it comfortably across your body or transform it into a chic handbag for an elegant look. With practical slip pockets inside and a luxurious leather lining, this bag is not only stylish but also functional. Each purchase comes brand new with tags attached, guaranteeing its authenticity. Make a statement and indulge in the elegance of Versace with this stunning crystal satin mini chain crossbody bag, a must-have addition to your designer handbag collection. Colour: Gold. Country of origin: IT. Condition: new with tags.",Gold,,,,,EUR,792.50,23
AP10483740,AP10483740,8059978810144,,Coccinelle,"Apparel & Accessories > Handbags, Wallets & Cases > Handbags > Womens",https://brandsgateway-img.s3.fr-par.scw.cloud/10483736.jpeg,https://brandsgateway-img.s3.fr-par.scw.cloud/10483737.jpeg,https://brandsgateway-img.s3.fr-par.scw.cloud/10483739.jpeg,INSTOCK,6,3,en,Coccinelle Beige Leather Woman Handbag,"Coccinelle Beige Leather Woman Handbag. Embark on a fashion journey with the COCCINELLE Nory Bag. A piece that doesn’t just carry your essentials but elevates your style. Crafted in luxurious 100% Pelle, its beige hue is a versatile classic. The adjustable and removable shoulder strap adapts to your comfort while the zip closure secures your belongings. Boasting two internal pockets, organize with ease. This Italian beauty is punctuated with the understated COCCINELLE logo—a stamp of elegance and quality. Material: 100% Pelle Country of Origin: Italia Color: Beige Colour: Beige. Dimensions: 22.0X15.0X8.0. Country of origin: IT. Manufacturer part number: E1U45150101_BEN64. Condition: new with tags.",Beige,,,E1U45150101_BEN64,E1U45150101_BEN64,EUR,268.75,23
AP11234418,AP11234418,8059978855398,,Coccinelle,"Apparel & Accessories > Handbags, Wallets & Cases > Handbags > Womens",https://brandsgateway-img.s3.fr-par.scw.cloud/11234414.jpeg,https://brandsgateway-img.s3.fr-par.scw.cloud/11234415.jpeg,https://brandsgateway-img.s3.fr-par.scw.cloud/11234416.jpeg,INSTOCK,8,0,en,Coccinelle Pink Leather Handbag,"Coccinelle Pink Leather Handbag. C-EASY BAG, 2 HANDLES, ADJUSTABLE AND REMOVABLE SHOULDER STRAP, 1 REMOVABLE INTERNAL POUCH, SNAP CLOSURE, LOGO Colour: Pink. Dimensions: 20.0X15.0X13.0. Country of origin: CN. Manufacturer part number: E1SHA580101_RSP55. Condition: new with tags.",Pink,,,E1SHA580101_RSP55,E1SHA580101_RSP55,EUR,287.50,23
AP10483396,AP10483396,8059978810120,,Coccinelle,"Apparel & Accessories > Handbags, Wallets & Cases > Handbags > Womens",https://brandsgateway-img.s3.fr-par.scw.cloud/10483391.jpeg,https://brandsgateway-img.s3.fr-par.scw.cloud/10483392.jpeg,https://brandsgateway-img.s3.fr-par.scw.cloud/10483395.jpeg,INSTOCK,5,3,en,Coccinelle Verde Leather Woman Handbag,"Coccinelle Verde Leather Woman Handbag. Step into the vivacious elegance of COCCINELLE with the Nory Bag—a blend of style and functionality. Crafted in Italy from luxurious 100% Pelle leather, this bag comes in a striking Verde hue, guaranteed to make a statement with every outfit. Its adjustable and removable shoulder strap offers versatility, while the dual internal pockets keep your essentials organized. The iconic COCCINELLE logo adds that perfect touch of prestige to this designer accessory. Elevate your wardrobe with this must-have piece. Material: 100% Pelle Country of origin: ITALIA Color: Verde Colour: Green. Dimensions: 22.0X15.0X8.0. Country of origin: IT. Manufacturer part number: E1U45150101_VEG43. Condition: new with tags.",Green,,,E1U45150101_VEG43,E1U45150101_VEG43,EUR,268.75,23
AP10483782,AP10483782,8059978810151,,Coccinelle,"Apparel & Accessories > Handbags, Wallets & Cases > Handbags > Womens",https://brandsgateway-img.s3.fr-par.scw.cloud/10483777.jpeg,https://brandsgateway-img.s3.fr-par.scw.cloud/10483780.jpeg,https://brandsgateway-img.s3.fr-par.scw.cloud/10483781.jpeg,INSTOCK,4,3,en,Coccinelle Rosso Leather Women Handbag,"Coccinelle Rosso Leather Women Handbag. Dare to stand out with the COCCINELLE Nory Bag, the epitome of Italian finesse and modern sophistication. This exquisite piece is not just a bag, it’s a statement. Rich, Rosso red leather encases a practical haven for your essentials, complete with two internal pockets for effortless organization. The adjustable and removable shoulder strap offers versatile style, while the gleaming zip closure and the unmistakable COCCINELLE logo seal the deal on luxury. Perfect for the daring trendsetter, this bag is where functionality meets high-fashion allure. Material: 100% Pelle Country of origin: Italia Color: Rosso Colour: Red. Dimensions: 22.0X15.0X8.0. Country of origin: IT. Manufacturer part number: E1U45150101_ROR02. Condition: new with tags.",Red,,,E1U45150101_ROR02,E1U45150101_ROR02,EUR,268.75,23
AP11038990,AP11038990,8057576313111,,Dolce & Gabbana,"Apparel & Accessories > Handbags, Wallets & Cases > Handbags > Womens",https://brandsgateway-img.s3.fr-par.scw.cloud/11038984.jpeg,https://brandsgateway-img.s3.fr-par.scw.cloud/11038985.jpeg,https://brandsgateway-img.s3.fr-par.scw.cloud/11038986.jpeg,INSTOCK,3,3,en,Dolce & Gabbana Multicolor Leather Handbag,"Dolce & Gabbana Multicolor Leather Handbag. Elevate your accessory game with the bold and trendy Dolce & Gabbana My Sicily handbag in striking pink, crafted from sumptuous 100% leather. Its structured silhouette showcases precise craftsmanship with a front flap, shimmering gold metal logo plate, and a chic leather pendant with padlock and key. Featuring a versatile top handle and detachable shoulder strap, this bag combines timeless elegance with modern practicality—your ultimate statement piece. Color: Pink Material: 100% Leather Country of Origin: Italy Colour: Multicolor. Country of origin: IT. Manufacturer part number: BB7782B732180095. Condition: new with tags.",Multicolor,,,BB7782B732180095,BB7782B732180095,EUR,2232.50,23
AP11234467,AP11234467,8059978714534,,Coccinelle,"Apparel & Accessories > Handbags, Wallets & Cases > Handbags > Womens",https://brandsgateway-img.s3.fr-par.scw.cloud/11234464.jpeg,https://brandsgateway-img.s3.fr-par.scw.cloud/11234465.jpeg,https://brandsgateway-img.s3.fr-par.scw.cloud/11234466.jpeg,INSTOCK,6,0,en,Coccinelle Brown Leather Handbag,"Coccinelle Brown Leather Handbag. C-EASY BAG, 2 HANDLES, ADJUSTABLE AND REMOVABLE SHOULDER STRAP, 1 REMOVABLE INTERNAL POUCH, SNAP CLOSURE, LOGO Colour: Brown. Dimensions: 20.0X15.0X13.0. Country of origin: CN. Manufacturer part number: E1THE580101_MAW11. Condition: new with tags.",Brown,,,E1THE580101_MAW11,E1THE580101_MAW11,EUR,287.50,23
AP10917543,AP10917543,8057576742683,,Dolce & Gabbana,"Apparel & Accessories > Handbags, Wallets & Cases > Handbags > Womens",https://brandsgateway-img.s3.fr-par.scw.cloud/10917539.jpeg,https://brandsgateway-img.s3.fr-par.scw.cloud/10917540.jpeg,https://brandsgateway-img.s3.fr-par.scw.cloud/10917541.jpeg,OUTOFSTOCK,0,3,en,Dolce & Gabbana White Lamb Leather Handbag,"Dolce & Gabbana White Lamb Leather Handbag. Elevate your style with the DOLCE & GABBANA ‘Marlene’ handbag, the epitome of luxury and timeless elegance. Crafted from exquisite palmellated calf leather, this statement piece features a distinctive back embossed logo and vintage brass metal accents that highlight its sophisticated allure. Designed with a fixed handle, convenient flap closure with swivel, and a sturdy base with feet, this bag also comes with an adjustable and removable shoulder strap for versatile wear. Material: 100% lamb leather Country of origin: Italy Color: White Colour: White. Country of origin: IT. Manufacturer part number: BB7932A3G198H000. Condition: new with tags.",White,,,BB7932A3G198H000,BB7932A3G198H000,EUR,2232.50,23
AP11234463,AP11234463,8059978855527,,Coccinelle,"Apparel & Accessories > Handbags, Wallets & Cases > Handbags > Womens",https://brandsgateway-img.s3.fr-par.scw.cloud/11234453.jpeg,https://brandsgateway-img.s3.fr-par.scw.cloud/11234458.jpeg,https://brandsgateway-img.s3.fr-par.scw.cloud/11234461.jpeg,INSTOCK,5,3,en,Coccinelle Brown Leather Women's Bag,"Coccinelle Brown Leather Women's Bag. Discover the elegance of COCCINELLE with the stunning C-EASY BAG! Crafted from 100% leather, this brown beauty boasts two sturdy handles and a versatile adjustable, removable shoulder strap for the ultimate in chic adaptability. It also features a removable internal pouch and a secure snap closure that ensures your essentials are stylishly safe. With the iconic logo subtly displayed, this bag is a must-have addition to any fashion-forward wardrobe. Color: Brown Material: 100% Leather Country of Origin: China Colour: Brown. Dimensions: 20.0X15.0X13.0. Country of origin: CN. Manufacturer part number: E1THE580101_MAW25. Condition: new with tags.",Brown,,,E1THE580101_MAW25,E1THE580101_MAW25,EUR,287.50,23
AP10984380,AP10984380,8052045674298,,Versace,"Apparel & Accessories > Handbags, Wallets & Cases > Handbags > Womens",https://brandsgateway-img.s3.fr-par.scw.cloud/10984370.jpeg,https://brandsgateway-img.s3.fr-par.scw.cloud/10984373.jpeg,https://brandsgateway-img.s3.fr-par.scw.cloud/10984377.jpeg,INSTOCK,48,3,en,Versace Black Fabric Handbag,"Versace Black Fabric Handbag. Description: The product with MPN 10028771A021551B00V and code F87130 fabric in black is a handbags designed by Versace. It has features like front detail, adjustable shoulder, removable shoulder. Colour: Black. Country of origin: IT. Manufacturer part number: 10028771A021551B00V. Condition: new with tags.",Black,,,10028771A021551B00V,10028771A021551B00V,EUR,712.50,23
AP11007272,AP11007272,8059978850652,,Coccinelle,"Apparel & Accessories > Handbags, Wallets & Cases > Handbags > Womens",https://brandsgateway-img.s3.fr-par.scw.cloud/11007266.jpeg,https://brandsgateway-img.s3.fr-par.scw.cloud/11007269.jpeg,https://brandsgateway-img.s3.fr-par.scw.cloud/11007270.jpeg,OUTOFSTOCK,0,3,en,Coccinelle Brown Leather Women's Bag,"Coccinelle Brown Leather Women's Bag. Introduce an unstoppable style statement with the COCCINELLE Mavery Pocket Belt Bag. Perfect for those who want their hands free and fashion on point. This bag features an adjustable and removable belt for versatile styling, along with 2 external and 1 internal pocket for organized storage. Enhanced with contrasting details and a chic logo, it’s a must-have accessory. Material: 100% Leather Country of origin: China Color: Brown Colour: Brown. Dimensions: 28.0X10.0X8.0. Country of origin: CN. Manufacturer part number: E1VGK170101_MAW25. Condition: new with tags.",Brown,,,E1VGK170101_MAW25,E1VGK170101_MAW25,EUR,287.50,23
AP10754543,AP10754543,8054034884213,,Versace,"Apparel & Accessories > Handbags, Wallets & Cases > Handbags > Womens",https://brandsgateway-img.s3.fr-par.scw.cloud/10754535.jpeg,https://brandsgateway-img.s3.fr-par.scw.cloud/10754537.jpeg,https://brandsgateway-img.s3.fr-par.scw.cloud/10754540.jpeg,INSTOCK,5,3,en,Versace Beige Fabric Handbag,"Versace Beige Fabric Handbag. Description: The product with MPN 10028771A133041KD4V and code F86758 fabric in beige is a handbags designed by Versace. It has features like front detail, adjustable shoulder, removable shoulder. Colour: Beige. Country of origin: IT. Manufacturer part number: 10028771A133041KD4V. Condition: new with tags.",Beige,,,10028771A133041KD4V,10028771A133041KD4V,EUR,748.75,23
AP11154156,AP11154156,3700943681720,,Jacquemus,"Apparel & Accessories > Handbags, Wallets & Cases > Handbags > Womens",https://brandsgateway-img.s3.fr-par.scw.cloud/11154146.jpeg,https://brandsgateway-img.s3.fr-par.scw.cloud/11154149.jpeg,https://brandsgateway-img.s3.fr-par.scw.cloud/11154151.jpeg,OUTOFSTOCK,0,3,en,Jacquemus Black Leather Shoulder Bag,Jacquemus Black Leather Shoulder Bag. Description: The product with MPN BAW00438AC18A01990 and code F87577 leather in black is a shoulder bags designed by Jacquemus. It has features like side logo. Colour: Black. Country of origin: IT. Manufacturer part number: BAW00438AC18A01990. Condition: new with tags.,Black,,,BAW00438AC18A01990,BAW00438AC18A01990,EUR,760.00,23
AP9679011,AP9679011,8054034413482,,Versace,"Apparel & Accessories > Handbags, Wallets & Cases > Handbags > Womens",https://brandsgateway-img.s3.fr-par.scw.cloud/9679003.jpeg,https://brandsgateway-img.s3.fr-par.scw.cloud/9679005.jpeg,https://brandsgateway-img.s3.fr-par.scw.cloud/9679008.jpeg,INSTOCK,5,2,en,Versace Pink Fabric Clutch Bag,"Versace Pink Fabric Clutch Bag. Description: The product with MPN DBSI159S1A159111P56V and code F84031 fabric in pink is a clutches designed by Versace. It has features like front detail, divider inner pocket, removable shoulder. Colour: Pink. Country of origin: IT. Manufacturer part number: DBSI159S1A159111P56V. Condition: new with tags.",Pink,,,DBSI159S1A159111P56V,DBSI159S1A159111P56V,EUR,738.75,23
AP8186928,AP8186928,8059978549600,,Coccinelle,"Apparel & Accessories > Handbags, Wallets & Cases > Handbags > Womens",https://brandsgateway-img.s3.fr-par.scw.cloud/8186922.jpeg,https://brandsgateway-img.s3.fr-par.scw.cloud/8186925.jpeg,https://brandsgateway-img.s3.fr-par.scw.cloud/8186926.jpeg,OUTOFSTOCK,0,3,en,Coccinelle Verde Leather Woman Shoulder Bag,"Coccinelle Verde Leather Woman Shoulder Bag. Elevate your style with the COCCINELLE adjustable shoulder bag, where luxury meets functionality. Crafted with exquisite 100% Pelle leather, this chic verde creation features two spacious compartments secured with a sleek zip closure, adorned with the COCCINELLE logo for that exclusive touch. Perfect for the fashion-forward individual on the go who refuses to compromise on elegance or practicality. Color: Verde Material: 100% Pelle Country of origin: China Colour: Green. Dimensions: 23.0X15.0X9.0. Country of origin: CN. Manufacturer part number: E1N15150201_VEG09. Condition: new with tags.",Green,,,E1N15150201_VEG09,E1N15150201_VEG09,EUR,258.75,23
AP10483820,AP10483820,8059978810106,,Coccinelle,"Apparel & Accessories > Handbags, Wallets & Cases > Handbags > Womens",https://brandsgateway-img.s3.fr-par.scw.cloud/10483814.jpeg,https://brandsgateway-img.s3.fr-par.scw.cloud/10483817.jpeg,https://brandsgateway-img.s3.fr-par.scw.cloud/10483818.jpeg,INSTOCK,13,3,en,Coccinelle Nero Leather Women Handbag,"Coccinelle Nero Leather Women Handbag. Elevate your ensemble with the sophistication of COCCINELLE’s Nory Bag. This quintessential piece speaks volumes with its adjustable and removable shoulder strap, permitting versatile carrying options. Housing two internal pockets and sealed with a zip closure, it’s a timeless accessory fashioned for the modern trendsetter. Exuding elegance in Nero, it’s a statement that carries your essentials in style. Material: 100% Pelle Country of origin: ITALIA Color: Nero Brand: COCCINELLE Colour: Black. Dimensions: 22.0X15.0X8.0. Country of origin: IT. Manufacturer part number: E1U45150101_NE001. Condition: new with tags.",Black,,,E1U45150101_NE001,E1U45150101_NE001,EUR,275.00,23
AP10541450,AP10541450,8054034987327,,Versace,"Apparel & Accessories > Handbags, Wallets & Cases > Handbags > Womens",https://brandsgateway-img.s3.fr-par.scw.cloud/10541444.jpeg,https://brandsgateway-img.s3.fr-par.scw.cloud/10541445.jpeg,https://brandsgateway-img.s3.fr-par.scw.cloud/10541447.jpeg,OUTOFSTOCK,0,3,en,Versace Black Calf Leather Bos Taurus Shoulder Bag,"Versace Black Calf Leather Bos Taurus Shoulder Bag. The Vivian medium Shoulder Bag by Versace is an elegant accessory featuring the iconic Medusa and embossed Versace logo. The front flap with snap closure adds a distinctive touch, while the two main compartments and zippered pocket offer practicality and organization. The handles make it comfortable to carry, combining luxury and functionality in a single bag. Season: SS26 Dimension: 40x20x14 Composition: 100% Calf Leather Bos Taurus Colour: Black. Dimensions: 40 / 20 / 14 (cm). Country of origin: IT. Manufacturer part number: 10234561A17428_2B0AJ. Condition: new with tags.",Black,,,10234561A17428_2B0AJ,10234561A17428_2B0AJ,EUR,1868.75,23
AP10908280,AP10908280,3700943922885,,Jacquemus,"Apparel & Accessories > Handbags, Wallets & Cases > Handbags > Womens",https://brandsgateway-img.s3.fr-par.scw.cloud/10908276.jpeg,https://brandsgateway-img.s3.fr-par.scw.cloud/10908277.jpeg,https://brandsgateway-img.s3.fr-par.scw.cloud/10908278.jpeg,INSTOCK,5,3,en,Jacquemus Beige Calfskin Handbag,"Jacquemus Beige Calfskin Handbag. Embrace the chic allure of JACQUEMUS with the ‘Le Petit Turismo’ bowling handbag, crafted from woven suede. This statement piece features an embossed front logo, double fixed tubular handle accented with a tone-on-tone bow, and a top zip closure for secure elegance. It comes with an adjustable, removable shoulder strap for versatile styling. As each leather is individually selected by artisans, expect exquisite imperfections and natural color variations that define its unique charm. Material: 100% Calfskin Leather Country of Origin: Italy Color: Beige Colour: Beige. Country of origin: IT. Manufacturer part number: 26EBAW00416CC23A02830. Condition: new with tags.",Beige,,,26EBAW00416CC23A02830,26EBAW00416CC23A02830,EUR,1210.00,23
AP10649454,AP10649454,8056810858852,,Dolce & Gabbana,"Apparel & Accessories > Handbags, Wallets & Cases > Handbags > Womens",https://brandsgateway-img.s3.fr-par.scw.cloud/10649449.jpeg,https://brandsgateway-img.s3.fr-par.scw.cloud/10649450.jpeg,https://brandsgateway-img.s3.fr-par.scw.cloud/10649452.jpeg,INSTOCK,4,3,en,Dolce & Gabbana Black Leather Shoulder Bag,"Dolce & Gabbana Black Leather Shoulder Bag. Description: The product with MPN BI3353A507080999 and code F86516 leather in black is a shoulder bags designed by Dolce&Gabbana. It has features like front logo, removable handle. Colour: Black. Country of origin: IT. Manufacturer part number: BI3353A507080999. Condition: new with tags.",Black,,,BI3353A507080999,BI3353A507080999,EUR,685.00,23
AP11234332,AP11234332,8059978812759,,Coccinelle,"Apparel & Accessories > Handbags, Wallets & Cases > Handbags > Womens",https://brandsgateway-img.s3.fr-par.scw.cloud/11234329.jpeg,https://brandsgateway-img.s3.fr-par.scw.cloud/11234330.jpeg,https://brandsgateway-img.s3.fr-par.scw.cloud/11234331.jpeg,INSTOCK,5,0,en,Coccinelle Brown Leather Handbag,"Coccinelle Brown Leather Handbag. MAVERY PO BAG, 2 SHOULDER HANDLES, 2 EXTERNAL POCKETS, 1 INTERNAL POCKET, CONTRASTING DETAILS, ZIP AND MAGNET CLOSURE, LOGO Colour: Brown. Dimensions: 16.0X14.0X14.0. Country of origin: CN. Manufacturer part number: E1VGL120401_MA737. Condition: new with tags.",Brown,,,E1VGL120401_MA737,E1VGL120401_MA737,EUR,270.00,23
AP11172830,AP11172830,0197865611196,,Tory Burch,"Apparel & Accessories > Handbags, Wallets & Cases > Handbags > Womens",https://brandsgateway-img.s3.fr-par.scw.cloud/11172824.jpeg,https://brandsgateway-img.s3.fr-par.scw.cloud/11172826.jpeg,https://brandsgateway-img.s3.fr-par.scw.cloud/11172828.jpeg,OUTOFSTOCK,0,0,en,Tory Burch Black Leather Crossbody Bag,"Tory Burch Black Leather Crossbody Bag. Description: The product with MPN 175931001 and code F87647 leather in black is a crossbody bags designed by Tory Burch. It has features like front logo, studs. Colour: Black. Country of origin: VN. Manufacturer part number: 175931001. Condition: new with tags.",Black,,,175931001,175931001,EUR,651.25,23
AP11098559,AP11098559,8059978808073,,Coccinelle,"Apparel & Accessories > Handbags, Wallets & Cases > Handbags > Womens",https://brandsgateway-img.s3.fr-par.scw.cloud/11098552.jpeg,https://brandsgateway-img.s3.fr-par.scw.cloud/11098555.jpeg,https://brandsgateway-img.s3.fr-par.scw.cloud/11098557.jpeg,INSTOCK,5,3,en,Coccinelle Bianco Leather Womens Bag,"Coccinelle Bianco Leather Womens Bag. Introducing the MINI U4K C-ME LOCK BAG by COCCINELLE – your new go-to accessory for a chic and polished look. This sleek handbag boasts two sturdy handles and an adjustable, removable shoulder strap for versatile styling. Complete with an internal pocket and convenient snap closure, it ensures your essentials are both secure and stylishly housed. The brand’s iconic logo adds a touch of elegance to this must-have piece. Color: White Material: 100% Leather Country of origin: China Colour: White. Dimensions: 20.0X11.0X6.0. Country of origin: CN. Manufacturer part number: E5U4K580101_BIN17. Condition: new with tags.",White,,,E5U4K580101_BIN17,E5U4K580101_BIN17,EUR,251.25,23
AP11098869,AP11098869,8059978808080,,Coccinelle,"Apparel & Accessories > Handbags, Wallets & Cases > Handbags > Womens",https://brandsgateway-img.s3.fr-par.scw.cloud/11098864.jpeg,https://brandsgateway-img.s3.fr-par.scw.cloud/11098866.jpeg,https://brandsgateway-img.s3.fr-par.scw.cloud/11098868.jpeg,INSTOCK,5,3,en,Coccinelle Viola Leather Women's Bag,"Coccinelle Viola Leather Women's Bag. Introducing the bold and trendy COCCINELLE C-Me Lock Mini Bag! This chic accessory in a stunning violet hue is crafted from 100% leather, emanating luxury at every stitch. Featuring two versatile handles, an adjustable and removable shoulder strap, and a compact design with a snap closure, it’s perfect for fashion-forward urbanites. Enjoy added functionality with its convenient internal pocket. Elevate your style quotient with this exquisite masterpiece from COCCINELLE. Color: Violet Material: 100% Leather Country of origin: China Colour: Purple. Dimensions: 20.0X11.0X6.0. Country of origin: CN. Manufacturer part number: E5U4K580101_VIP19. Condition: new with tags.",Purple,,,E5U4K580101_VIP19,E5U4K580101_VIP19,EUR,251.25,23
AP11098236,AP11098236,8059978808097,,Coccinelle,"Apparel & Accessories > Handbags, Wallets & Cases > Handbags > Womens",https://brandsgateway-img.s3.fr-par.scw.cloud/11098233.jpeg,https://brandsgateway-img.s3.fr-par.scw.cloud/11098234.jpeg,https://brandsgateway-img.s3.fr-par.scw.cloud/11098235.jpeg,INSTOCK,4,3,en,Coccinelle Red Leather Women's Bag,"Coccinelle Red Leather Women's Bag. Upgrade your style game with the stunning MINI U4K C-ME LOCK BAG by COCCINELLE. This chic mini bag features two handles and an adjustable, removable shoulder strap for versatile carrying options. Inside, find a convenient pocket for your essentials. The snap closure ensures security, while the bold logo adds a designer flair. Perfect for those who adore bold fashion statements! Material: 100% Leather Country of origin: China Color: Red Colour: Red. Dimensions: 20.0X11.0X6.0. Country of origin: CN. Manufacturer part number: E5U4K580101_ROR02. Condition: new with tags.",Red,,,E5U4K580101_ROR02,E5U4K580101_ROR02,EUR,251.25,23
AP10541443,AP10541443,8059000001922,,Versace,"Apparel & Accessories > Handbags, Wallets & Cases > Handbags > Womens",https://brandsgateway-img.s3.fr-par.scw.cloud/10541439.jpeg,https://brandsgateway-img.s3.fr-par.scw.cloud/10541440.jpeg,https://brandsgateway-img.s3.fr-par.scw.cloud/10541441.jpeg,OUTOFSTOCK,0,3,en,Versace Black Calf Leather Bos Taurus Shoulder Bag,"Versace Black Calf Leather Bos Taurus Shoulder Bag. The Severine Shoulder Bag in leather by Versace is an elegant and refined accessory, embellished with the iconic Medusa and embossed Versace logo. Featuring practical handles and a square magnetic closure, it offers two main compartments for convenient organization, along with an internal pocket for small items. A perfect balance between luxury and functionality. Season: SS26 Dimension: 24x19x11 Composition: 100% Calf Leather Bos Taurus Colour: Black. Dimensions: 24 / 19 / 11 (cm). Country of origin: IT. Manufacturer part number: 10232451A17453_1B55J. Condition: new with tags.",Black,,,10232451A17453_1B55J,10232451A17453_1B55J,EUR,1556.25,23
AP10574153,AP10574153,8054034014221,,Versace,"Apparel & Accessories > Handbags, Wallets & Cases > Handbags > Womens",https://brandsgateway-img.s3.fr-par.scw.cloud/10789002.jpeg,https://brandsgateway-img.s3.fr-par.scw.cloud/10789006.jpeg,https://brandsgateway-img.s3.fr-par.scw.cloud/10789009.jpeg,INSTOCK,5,2.5,en,Versace Wallet On A Chain Fabric Black Crossbody Bag,"Versace Versace Wallet On A Chain Fabric Black Crossbody Bag. Style: Versace Wallet On A Chain Crossbody Material: Fabric with Leather Trim Features: Crossbody Strap, Inner Card Pocket, Snap Button Closure Measures: 9“ L x 6“ H x 2“ D Colour: Gold. Country of origin: IT. Condition: new with tags.",Gold,,,,,EUR,817.50,23
AP11172748,AP11172748,0197865611202,,Tory Burch,"Apparel & Accessories > Handbags, Wallets & Cases > Handbags > Womens",https://brandsgateway-img.s3.fr-par.scw.cloud/11172743.jpeg,https://brandsgateway-img.s3.fr-par.scw.cloud/11172744.jpeg,https://brandsgateway-img.s3.fr-par.scw.cloud/11172746.jpeg,OUTOFSTOCK,0,3,en,Tory Burch Black Leather Shoulder Bag,"Tory Burch Black Leather Shoulder Bag. Description: The product with MPN 175932001 and code F87648 leather in black is a shoulder bags designed by Tory Burch. It has features like front logo, studs, removable handle. Colour: Black. Country of origin: VN. Manufacturer part number: 175932001. Condition: new with tags.",Black,,,175932001,175932001,EUR,525.00,23
AP10574158,AP10574158,8054034230720,,Versace,"Apparel & Accessories > Handbags, Wallets & Cases > Handbags > Womens",https://brandsgateway-img.s3.fr-par.scw.cloud/10788996.jpeg,https://brandsgateway-img.s3.fr-par.scw.cloud/10788997.jpeg,https://brandsgateway-img.s3.fr-par.scw.cloud/10788998.jpeg,INSTOCK,5,2.5,en,Versace Wool Lurex Medium Shoulder Crossbody Bag,"Versace Versace Wool Lurex Medium Shoulder Crossbody Bag. Style: Versace Wool Lurex Medium Shoulder Bag Crossbody Material: Wool with Leather Trim Features: Crossbody Strap, Inner Card Pocket, Snap Button Closure Measures: 10.5“ L x 6.5“ H x 2.5“ D Colour: Gold. Country of origin: IT. Condition: new with tags.",Gold,,,,,EUR,853.75,23
AP10573708,AP10573708,8054034230782,,Versace,"Apparel & Accessories > Handbags, Wallets & Cases > Handbags > Womens",https://brandsgateway-img.s3.fr-par.scw.cloud/10788690.webp,https://brandsgateway-img.s3.fr-par.scw.cloud/10788691.jpeg,https://brandsgateway-img.s3.fr-par.scw.cloud/10788693.jpeg,INSTOCK,6,3,en,Versace Medusa Large Canvas Large Tote Bag Baby Pink,"Versace Versace Medusa Large Canvas Large Tote Bag Baby Pink. Indulge in luxury with the Versace Medusa Large Canvas Tote Bag, an exquisite blend of functionality and high-fashion sophistication. Crafted from premium baby pink canvas with leather trim, this tote embodies the iconic style synonymous with the Versace brand. Its generous dimensions of 15.5 inches in width and 12 inches in height make it an ideal companion for various occasions, from casual outings to formal events. The meticulously designed interior features practical inner pockets, ensuring your essentials stay organized while the luxurious fabric lining adds an extra touch of elegance. The all-over Versace logo pattern not only showcases your style but also highlights the exquisite craftsmanship. The durable leather handles provide comfort and stability, allowing for easy carrying, whether you’re heading to work or enjoying a day out. With its chic appearance and versatile functionality, the Versace Medusa Tote Bag is perfect for the modern woman who values both style and practicality. A must-have addition to your accessory collection, this designer bag is the epitome of sophistication and grace, meticulously crafted in Italy and complete with a maintenance card and original dust bag for added assurance. Elevate your wardrobe today with this stunning statement piece. Colour: Gold. Country of origin: IT. Condition: new with tags.",Gold,,,,,EUR,1098.75,23
AP10483623,AP10483623,8059978831606,,Coccinelle,"Apparel & Accessories > Handbags, Wallets & Cases > Handbags > Womens",https://brandsgateway-img.s3.fr-par.scw.cloud/10483611.jpeg,https://brandsgateway-img.s3.fr-par.scw.cloud/10483615.jpeg,https://brandsgateway-img.s3.fr-par.scw.cloud/10483619.jpeg,INSTOCK,10,3,en,Coccinelle Nero Leather Women Handbag,"Coccinelle Nero Leather Women Handbag. Unleash the epitome of sophistication with COCCINELLE’s Fujiko Bag, a masterpiece that bespeaks elegance with every detail. Crafted from the finest 100% Pelle, this chic accessory boasts an adjustable shoulder strap for personalized comfort. The bold Nero shade captures the essence of classic style, while the contrasting details add an edge of modernity. With a secure zip closure and an internal pocket, your essentials are kept safe and organized. The iconic COCCINELLE logo is the seal of luxury and excellence on this stunning piece. Elevate your accessory game with a bag that’s not just a statement, it’s an experience. – Material: 100% Pelle – Country of origin: Italia – Color: Nero Colour: Black. Dimensions: 27.0X16.0X6.0. Country of origin: IT. Manufacturer part number: E5U8K530101_NE001. Condition: new with tags.",Black,,,E5U8K530101_NE001,E5U8K530101_NE001,EUR,258.75,23
AP11234370,AP11234370,8059978874276,,Coccinelle,"Apparel & Accessories > Handbags, Wallets & Cases > Handbags > Womens",https://brandsgateway-img.s3.fr-par.scw.cloud/11234367.jpeg,https://brandsgateway-img.s3.fr-par.scw.cloud/11234368.jpeg,https://brandsgateway-img.s3.fr-par.scw.cloud/11234369.jpeg,INSTOCK,8,0,en,Coccinelle Brown Leather Handbag,"Coccinelle Brown Leather Handbag. FUJIKO BAG, ADJUSTABLE SHOULDER STRAP, 1 INTERNAL POCKET, CONTRASTING DETAILS, ZIP CLOSURE, LOGO Colour: Brown. Dimensions: 27.0X16.0X6.0. Country of origin: CN. Manufacturer part number: E5U8K530101_MAR49. Condition: new with tags.",Brown,,,E5U8K530101_MAR49,E5U8K530101_MAR49,EUR,258.75,23
AP11172750,AP11172750,0197865618102,,Tory Burch,"Apparel & Accessories > Handbags, Wallets & Cases > Handbags > Womens",https://brandsgateway-img.s3.fr-par.scw.cloud/11172745.jpeg,https://brandsgateway-img.s3.fr-par.scw.cloud/11172747.jpeg,https://brandsgateway-img.s3.fr-par.scw.cloud/11172749.jpeg,INSTOCK,3,2,en,Tory Burch Black Leather Clutch Bag,"Tory Burch Black Leather Clutch Bag. Description: The product with MPN 175973001 and code F87649 leather in black is a clutches designed by Tory Burch. It has features like front logo, studs, removable shoulder. Colour: Black. Country of origin: VN. Manufacturer part number: 175973001. Condition: new with tags.",Black,,,175973001,175973001,EUR,510.00,23
AP11234479,AP11234479,8059978874269,,Coccinelle,"Apparel & Accessories > Handbags, Wallets & Cases > Handbags > Womens",https://brandsgateway-img.s3.fr-par.scw.cloud/11234475.jpeg,https://brandsgateway-img.s3.fr-par.scw.cloud/11234476.jpeg,https://brandsgateway-img.s3.fr-par.scw.cloud/11234477.jpeg,INSTOCK,6,0,en,Coccinelle Pink Leather Handbag,"Coccinelle Pink Leather Handbag. FUJIKO BAG, ADJUSTABLE SHOULDER STRAP, 1 INTERNAL POCKET, CONTRASTING DETAILS, ZIP CLOSURE, LOGO Colour: Pink. Dimensions: 27.0X16.0X6.0. Country of origin: CN. Manufacturer part number: E5U8K530101_RSP55. Condition: new with tags.",Pink,,,E5U8K530101_RSP55,E5U8K530101_RSP55,EUR,258.75,23
AP11098926,AP11098926,8059978808059,,Coccinelle,"Apparel & Accessories > Handbags, Wallets & Cases > Handbags > Womens",https://brandsgateway-img.s3.fr-par.scw.cloud/11098917.jpeg,https://brandsgateway-img.s3.fr-par.scw.cloud/11098919.jpeg,https://brandsgateway-img.s3.fr-par.scw.cloud/11098923.jpeg,INSTOCK,15,3,en,Coccinelle Black Leather Womens Handbag,"Coccinelle Black Leather Womens Handbag. Meet the standout accessory that speaks of sophistication and modern elegance: the COCCINELLE Mini U4K C-Me Lock Bag. This chic masterpiece showcases versatility with its dual handles and a removable, adjustable shoulder strap for seamless transitions from day to night. Its sleek design is completed with a discreet logo and a practical snap closure. Inside, find a convenient pocket for your essentials. Elevate your wardrobe with this must-have statement piece. Material: 100% Leather Country of origin: China Color: Black Colour: Black. Dimensions: 20.0X11.0X6.0. Country of origin: CN. Manufacturer part number: E5U4K580101_NE001. Condition: new with tags.",Black,,,E5U4K580101_NE001,E5U4K580101_NE001,EUR,256.25,23
AP11098804,AP11098804,8059978807960,,Coccinelle,"Apparel & Accessories > Handbags, Wallets & Cases > Handbags > Womens",https://brandsgateway-img.s3.fr-par.scw.cloud/11098798.jpeg,https://brandsgateway-img.s3.fr-par.scw.cloud/11098801.jpeg,https://brandsgateway-img.s3.fr-par.scw.cloud/11098803.jpeg,INSTOCK,19,3,en,Coccinelle Black Leather Women's Bag,"Coccinelle Black Leather Women's Bag. Indulge in timeless elegance with the COCCINELLE C-Me Lock Mini Bag, the perfect merger of style and functionality. This chic accessory is designed with an adjustable and removable shoulder strap for versatile wear, making it the ideal companion for any occasion. The interior features a card-sized pocket for convenience, while a secure snap closure keeps your essentials secure. Its sleek design is adorned with the iconic COCCINELLE logo, exuding sophistication. Material: 100% Leather Country of origin: China Color: Black Colour: Black. Dimensions: 20.0X12.0X4.0. Country of origin: CN. Manufacturer part number: E5U4K520101_NE001. Condition: new with tags.",Black,,,E5U4K520101_NE001,E5U4K520101_NE001,EUR,236.25,23
AP6240482,AP6240482,8059978705778,,Coccinelle,"Apparel & Accessories > Handbags, Wallets & Cases > Handbags > Womens",https://brandsgateway-img.s3.fr-par.scw.cloud/7559222.jpeg,https://brandsgateway-img.s3.fr-par.scw.cloud/7559225.jpeg,https://brandsgateway-img.s3.fr-par.scw.cloud/7559228.jpeg,INSTOCK,4,3,en,Coccinelle Rosso Leather Woman Bag,"Coccinelle Rosso Leather Woman Bag. Discover the epitome of modern elegance with COCCINELLE’s TEBE Bag. This stunning piece embodies the blend of function and high-fashion, captivating with its vibrant Rosso hue. The adjustable and removable shoulder strap offers versatile carrying options, while the zip closure secures your essentials in style. Every detail, from the contrasting accents to the distinguished logo, is a testament to COCCINELLE’s commitment to luxury. Make a statement with an accessory that’s as practical as it is chic. – Material: 100% Pelle – Color: Rosso – Country of origin: CINA Colour: Red. Dimensions: 22.0X17.0X6.0. Country of origin: CN. Manufacturer part number: E5MN555M301_ROR16. Condition: new with tags.",Red,,,E5MN555M301_ROR16,E5MN555M301_ROR16,EUR,241.25,23
AP11234511,AP11234511,8059978876423,,Coccinelle,"Apparel & Accessories > Handbags, Wallets & Cases > Handbags > Womens",https://brandsgateway-img.s3.fr-par.scw.cloud/11234508.jpeg,https://brandsgateway-img.s3.fr-par.scw.cloud/11234509.jpeg,https://brandsgateway-img.s3.fr-par.scw.cloud/11234510.jpeg,INSTOCK,15,0,en,Coccinelle Black Leather Handbag,"Coccinelle Black Leather Handbag. C-ME LIGHT BAG, 1 REMOVABLE CHAIN SHOULDER STRAP, 2 INTERNAL COMPARTMENTS, SNAP CLOSURE, LOGO Colour: Black. Dimensions: 25.0X14.0X2.0. Country of origin: CN. Manufacturer part number: E5VI0550101_NE001. Condition: new with tags.",Black,,,E5VI0550101_NE001,E5VI0550101_NE001,EUR,253.75,23
AP11007283,AP11007283,8059978849199,,Coccinelle,"Apparel & Accessories > Handbags, Wallets & Cases > Handbags > Womens",https://brandsgateway-img.s3.fr-par.scw.cloud/11007279.jpeg,https://brandsgateway-img.s3.fr-par.scw.cloud/11007281.jpeg,https://brandsgateway-img.s3.fr-par.scw.cloud/11007282.jpeg,INSTOCK,6,3,en,Coccinelle Rosa Leather Womens Bag,"Coccinelle Rosa Leather Womens Bag. Meet your next fashion crush from COCCINELLE—the ultimate mini bag that combines functionality with undeniable style. Crafted from luxe 100% leather, this pink gem comes with an adjustable and removable shoulder handle and strap, giving you the freedom to style it your way. Secure your essentials with its sleek zip closure, while the iconic logo stands as a testament to quality. Whether for day or night, make a bold statement with this must-have accessory. Color: Pink Material: 100% Leather Country of Origin: China Colour: Pink. Dimensions: 23.0X13.0X5.0. Country of origin: CN. Manufacturer part number: E5PIP530101_RSP55. Condition: new with tags.",Pink,,,E5PIP530101_RSP55,E5PIP530101_RSP55,EUR,256.25,23
AP11234536,AP11234536,8059978875105,,Coccinelle,"Apparel & Accessories > Handbags, Wallets & Cases > Handbags > Womens",https://brandsgateway-img.s3.fr-par.scw.cloud/11234529.jpeg,https://brandsgateway-img.s3.fr-par.scw.cloud/11234532.jpeg,https://brandsgateway-img.s3.fr-par.scw.cloud/11234534.jpeg,INSTOCK,6,0,en,Coccinelle Pink Leather Handbag,"Coccinelle Pink Leather Handbag. MINI U4K C-ME LOCK BAG, 2 HANDLES, ADJUSTABLE AND REMOVABLE SHOULDER STRAP, 1 INTERNAL POCKET, SNAP CLOSURE, LOGO Colour: Pink. Dimensions: 20.0X11.0X6.0. Country of origin: CN. Manufacturer part number: E5U4K580101_RSP55. Condition: new with tags.",Pink,,,E5U4K580101_RSP55,E5U4K580101_RSP55,EUR,256.25,23
AP11098113,AP11098113,8059978801586,,Coccinelle,"Apparel & Accessories > Handbags, Wallets & Cases > Handbags > Womens",https://brandsgateway-img.s3.fr-par.scw.cloud/11098110.jpeg,https://brandsgateway-img.s3.fr-par.scw.cloud/11098111.jpeg,https://brandsgateway-img.s3.fr-par.scw.cloud/11098112.jpeg,INSTOCK,6,3,en,Coccinelle Blue Leather Women's Bag,"Coccinelle Blue Leather Women's Bag. Step out in sophisticated style with the Coccinelle Arlettis Bag, a true statement piece for the fashion-forward. This versatile accessory, adorned with the iconic logo, features a chic twist closure for effortless elegance. Equipped with a single handle and an adjustable, removable shoulder strap, it offers flexibility for any ensemble, while the internal pocket keeps essentials organized. Elevate your look with this bold, trendy piece. Country of origin: China Material: 100% Leather Color: Blue Colour: Blue. Dimensions: 22.0X18.0X5.0. Country of origin: CN. Manufacturer part number: E1MD5190301_BLB27. Condition: new with tags.",Blue,,,E1MD5190301_BLB27,E1MD5190301_BLB27,EUR,241.25,23
AP9121525,AP9121525,8059978780492,,Coccinelle,"Apparel & Accessories > Handbags, Wallets & Cases > Handbags > Womens",https://brandsgateway-img.s3.fr-par.scw.cloud/9121516.jpeg,https://brandsgateway-img.s3.fr-par.scw.cloud/9121518.jpeg,https://brandsgateway-img.s3.fr-par.scw.cloud/9121522.jpeg,INSTOCK,4,3,en,Coccinelle Red Leather Women Bag,"Coccinelle Red Leather Women Bag. Experience the epitome of Italian craftsmanship with COCCINELLE’s Mini Tebe Bag. This exquisite red statement piece is the perfect blend of functionality and high fashion. It features an adjustable and removable shoulder strap, offering versatility to your look. Striking contrasting details and the brand’s signature logo add a touch of sophistication. Finished with a secure zip closure, it’s the ultimate accessory for the style-conscious individual. Bold, trendy, and undeniably chic—make it yours. Material: 100% Pelle Country of origin: Italia Color: Rosso Colour: Red. Dimensions: 22.0X17.0X6.0. Country of origin: IT. Manufacturer part number: E5MN555M301_ROR52. Condition: new with tags.",Red,,,E5MN555M301_ROR52,E5MN555M301_ROR52,EUR,241.25,23
AP11234397,AP11234397,8059978813749,,Coccinelle,"Apparel & Accessories > Handbags, Wallets & Cases > Handbags > Womens",https://brandsgateway-img.s3.fr-par.scw.cloud/11234393.jpeg,https://brandsgateway-img.s3.fr-par.scw.cloud/11234394.jpeg,https://brandsgateway-img.s3.fr-par.scw.cloud/11234395.jpeg,INSTOCK,5,0,en,Coccinelle Brown Leather Handbag,"Coccinelle Brown Leather Handbag. MINI U4K C-ME LOCK BAG, 2 HANDLES, ADJUSTABLE AND REMOVABLE SHOULDER STRAP, 1 INTERNAL POCKET, SNAP CLOSURE, LOGO Colour: Brown. Dimensions: 20.0X11.0X6.0. Country of origin: CN. Manufacturer part number: E5U4K580101_MAR49. Condition: new with tags.",Brown,,,E5U4K580101_MAR49,E5U4K580101_MAR49,EUR,256.25,23
AP11234540,AP11234540,8059978875112,,Coccinelle,"Apparel & Accessories > Handbags, Wallets & Cases > Handbags > Womens",https://brandsgateway-img.s3.fr-par.scw.cloud/11234537.jpeg,https://brandsgateway-img.s3.fr-par.scw.cloud/11234538.jpeg,https://brandsgateway-img.s3.fr-par.scw.cloud/11234539.jpeg,INSTOCK,5,0,en,Coccinelle Brown Leather Handbag,"Coccinelle Brown Leather Handbag. MINI U4K C-ME LOCK BAG, 2 HANDLES, ADJUSTABLE AND REMOVABLE SHOULDER STRAP, 1 INTERNAL POCKET, SNAP CLOSURE, LOGO Colour: Brown. Dimensions: 20.0X11.0X6.0. Country of origin: CN. Manufacturer part number: E5U4K580101_MAW25. Condition: new with tags.",Brown,,,E5U4K580101_MAW25,E5U4K580101_MAW25,EUR,256.25,23
AP10483668,AP10483668,8059978831538,,Coccinelle,"Apparel & Accessories > Handbags, Wallets & Cases > Handbags > Womens",https://brandsgateway-img.s3.fr-par.scw.cloud/10483657.jpeg,https://brandsgateway-img.s3.fr-par.scw.cloud/10483660.jpeg,https://brandsgateway-img.s3.fr-par.scw.cloud/10483663.jpeg,INSTOCK,4,3,en,Coccinelle Arancione Leather Women Handbag,"Coccinelle Arancione Leather Women Handbag. Discover the epitome of Italian elegance with COCCINELLE’s TEBE Bag, a symbol of timeless beauty fused with functionality. This vibrant Arancione masterpiece, crafted from 100% Pelle, is designed for the modern trendsetter. Accentuated with contrasting details and the iconic COCCINELLE logo, it boasts an adjustable and removable shoulder strap for versatile styling. Its secure zip closure ensures your essentials are always within reach. Make a bold statement with this exquisite accessory that seamlessly transitions from day to night. Material: 100% Pelle Country of origin: Italia Color: Arancione Colour: Orange. Dimensions: 22.0X17.0X6.0. Country of origin: IT. Manufacturer part number: E5MN555M301_ARR41. Condition: new with tags.",Orange,,,E5MN555M301_ARR41,E5MN555M301_ARR41,EUR,241.25,23
AP11098109,AP11098109,8059978801609,,Coccinelle,"Apparel & Accessories > Handbags, Wallets & Cases > Handbags > Womens",https://brandsgateway-img.s3.fr-par.scw.cloud/11098104.jpeg,https://brandsgateway-img.s3.fr-par.scw.cloud/11098107.jpeg,https://brandsgateway-img.s3.fr-par.scw.cloud/11098108.jpeg,INSTOCK,4,3,en,Coccinelle Bianco Leather Women's Bag,"Coccinelle Bianco Leather Women's Bag. Step into the style spotlight with the COCCINELLE Arlettis Bag. This chic accessory boasts a sleek handle, coupled with an adjustable and removable shoulder strap for versatile wear. Its elegant twist closure adds a touch of sophistication, while the internal pocket ensures practicality. Emblazoned with the iconic logo, this bag is a statement luxury. Perfectly crafted in premium leather with a pristine white finish, it’s the ultimate fashion essential. Material: 100% Leather Country of origin: China Color: White Colour: White. Dimensions: 22.0X18.0X5.0. Country of origin: CN. Manufacturer part number: E1MD5190301_BIN17. Condition: new with tags.",White,,,E1MD5190301_BIN17,E1MD5190301_BIN17,EUR,241.25,23
AP9121536,AP9121536,8059978751676,,Coccinelle,"Apparel & Accessories > Handbags, Wallets & Cases > Handbags > Womens",https://brandsgateway-img.s3.fr-par.scw.cloud/9121520.jpeg,https://brandsgateway-img.s3.fr-par.scw.cloud/9121526.jpeg,https://brandsgateway-img.s3.fr-par.scw.cloud/9121532.jpeg,OUTOFSTOCK,0,3,en,Coccinelle Verde Leather Women Handbag,"Coccinelle Verde Leather Women Handbag. Dive into the opulence of COCCINELLE’s C-ME CALF BAG, a statement of pure sophistication. With its vivid violet hue, this handbag exudes a daring persona. Its versatility shines with a detachable handle, adjustable and removable shoulder strap, offering diverse styling options. The snap closure secures your essentials, while an external pocket adds convenience. Contrasting details and the COCCINELLE logo elevate the design, creating an iconic accessory for the fearless fashionista. Material: 100% Pelle Country of origin: ITALIA Color: Viola Colour: Green. Dimensions: 22.0X17.0X6.0. Country of origin: IT. Manufacturer part number: E5MN555M301_VEG77. Condition: new with tags.",Green,,,E5MN555M301_VEG77,E5MN555M301_VEG77,EUR,241.25,23
AP11005603,AP11005603,8059978572257,,Coccinelle,"Apparel & Accessories > Handbags, Wallets & Cases > Handbags > Womens",https://brandsgateway-img.s3.fr-par.scw.cloud/11005600.jpeg,https://brandsgateway-img.s3.fr-par.scw.cloud/11005601.jpeg,https://brandsgateway-img.s3.fr-par.scw.cloud/11005602.jpeg,INSTOCK,3,3,en,Coccinelle Nero Leather Donna Bag,"Coccinelle Nero Leather Donna Bag. Elevate your style with the bold elegance of COCCINELLE’s Nero handbag. This versatile masterpiece features a sleek design with an adjustable and removable shoulder handle and strap, ensuring comfort and adaptability to match your every look. Crafted from 100% smooth leather, it offers durability and a touch of luxury. Stay effortlessly chic and organized with its secure zip closure, while the iconic logo accents this accessory with undeniable flair. Color: Black Material: 100% Leather Country of origin: China Colour: Black. Dimensions: 23.0X13.0X5.0. Country of origin: CN. Manufacturer part number: E5PIP530101_NE001. Condition: new with tags.",Black,,,E5PIP530101_NE001,E5PIP530101_NE001,EUR,256.25,23
AP10574178,AP10574178,8054034413796,,Versace,"Apparel & Accessories > Handbags, Wallets & Cases > Handbags > Womens",https://brandsgateway-img.s3.fr-par.scw.cloud/10789013.jpeg,https://brandsgateway-img.s3.fr-par.scw.cloud/10789015.jpeg,https://brandsgateway-img.s3.fr-par.scw.cloud/10789020.jpeg,INSTOCK,6,2.5,en,Versace Round Disco Leather Camera Case Crossbody Bag,"Versace Versace Round Disco Leather Camera Case Crossbody Bag. Style: Versace Round Pebbled Leather Camera Bag (Blue) Material: Pebbled Leather Features: Adjustable/Detachable Crossbody Strap, Inner Card Pocket, Zip Closure Measures: 7.25“ L x 7.25“ H x 2“ D Colour: Gold. Country of origin: IT. Condition: new with tags.",Gold,,,,,EUR,1037.50,23
AP10574144,AP10574144,8054034413789,,Versace,"Apparel & Accessories > Handbags, Wallets & Cases > Handbags > Womens",https://brandsgateway-img.s3.fr-par.scw.cloud/10788988.jpeg,https://brandsgateway-img.s3.fr-par.scw.cloud/10788989.jpeg,https://brandsgateway-img.s3.fr-par.scw.cloud/10788990.jpeg,INSTOCK,4,2.5,en,Versace Round Disco Leather Camera Case Crossbody Bag,"Versace Versace Round Disco Leather Camera Case Crossbody Bag. Style: Versace Round Pebbled Leather Camera Bag (Baby Pink) Material: Pebbled Leather Features: Adjustable/Detachable Crossbody Strap, Inner Card Pocket, Zip Closure Measures: 7.25“ L x 7.25“ H x 2“ D Colour: Gold. Country of origin: IT. Condition: new with tags.",Gold,,,,,EUR,1037.50,23
AP10573113,AP10573113,8054712716003,,Versace,"Apparel & Accessories > Handbags, Wallets & Cases > Handbags > Womens",https://brandsgateway-img.s3.fr-par.scw.cloud/10788744.jpeg,https://brandsgateway-img.s3.fr-par.scw.cloud/10788745.jpeg,https://brandsgateway-img.s3.fr-par.scw.cloud/10788746.jpeg,OUTOFSTOCK,0,2.5,en,Versace Small Dahlia Nylon Medusa Pendant Bucket Chain Crossbody Bag Purse,"Versace Versace Small Dahlia Nylon Medusa Pendant Bucket Chain Crossbody Bag Purse. Elevate your accessory collection with the Versace Small Dahlia Nylon Medusa Pendant Bucket Chain Crossbody Bag Purse. Crafted with the iconic Italian flair, this luxurious bag exemplifies both elegance and functionality. Made from high-quality nylon and leather, it features a striking dahlia color contrasted by sophisticated black accents, ideal for adding a pop of color to any outfit. Designed for versatility, this bag boasts an adjustable and detachable crossbody strap, allowing for multiple carrying options, while the stylish chain top handle adds a touch of chic sophistication. The drawstring closure not only ensures the security of your belongings but also enhances the bag’s minimalist aesthetic. Measuring 7.5 inches in width, 8 inches in height, and 4 inches in depth, this small-sized handbag is perfect for carrying essentials during any occasion—be it business meetings, casual outings, formal events, weddings, or travel adventures. The elegant interior features a durable nylon lining, providing a protective environment for your items. With its matte finish and gold hardware accents, the Versace Small Dahlia bag embodies luxury and timeless style. Whether you’re dressing up for a cocktail party or heading out for a weekend brunch, this crossbody purse will make a fashionable statement while ensuring convenience and ease of use. Experience the perfect blend of style and practicality with this exquisite piece from Versace. Colour: Gold. Country of origin: IT. Condition: new with tags.",Gold,,,,,EUR,780.00,23
AP11028615,AP11028615,3700943884589,,Jacquemus,"Apparel & Accessories > Handbags, Wallets & Cases > Handbags > Womens",https://brandsgateway-img.s3.fr-par.scw.cloud/10362348.jpeg,https://brandsgateway-img.s3.fr-par.scw.cloud/10362349.jpeg,https://brandsgateway-img.s3.fr-par.scw.cloud/10362350.jpeg,INSTOCK,53,3,en,Jacquemus Black Leather Le Grand Bambino Handbag,"Jacquemus Black Leather Le Grand Bambino Handbag. JACQUEMUS Gorgeous brand new, 100% Authentic Jacquemus Le Grand Bambino Black bag. Model: 213BA007-3000-990 Color: Black with Gold Hardware Material: Leather – Adjustable shoulder strap – Small handle – Removable shoulder strap – Card pocket on back – Magnetic flap closure – Golden JACQUEMUS logo – 23.5 cm x 13 cm x 7 cm Colour: Black. Country of origin: IT. Condition: new with tags.",Black,,,,,EUR,606.25,23
AP10573650,AP10573650,8054712716164,,Versace,"Apparel & Accessories > Handbags, Wallets & Cases > Handbags > Womens",https://brandsgateway-img.s3.fr-par.scw.cloud/10788658.jpeg,https://brandsgateway-img.s3.fr-par.scw.cloud/10788659.jpeg,https://brandsgateway-img.s3.fr-par.scw.cloud/10788660.jpeg,INSTOCK,4,3,en,Versace Large Bright Green Nylon Fabric Medusa Shoulder Backpack Bookbag,"Versace Versace Large Bright Green Nylon Fabric Medusa Shoulder Backpack Bookbag. Elevate your fashion game with the Versace Large Bright Green Nylon Fabric Medusa Shoulder Backpack. This statement piece combines high functionality with designer elegance, making it the perfect accessory for any modern woman on the go. Crafted from durable nylon fabric, the vibrant green exterior is sure to turn heads, while the iconic Medusa logo adds a touch of luxury to your ensemble. Designed with practicality in mind, this backpack features a spacious interior that includes an inner slip pocket and a laptop sleeve, ensuring your essentials are organized and protected. The adjustable shoulder straps offer customizable comfort, making it suitable for everyday use, whether you’re heading to the office, attending a casual outing, or traveling. With dimensions of 12″ L x 17″ H x 5″ D, the backpack strikes an ideal balance between size and usability, making it a versatile addition to your collection. Complete with an outer zip pocket for quick access to your smaller items and an original dust bag for safekeeping, this backpack delivers both style and function. Authentically branded and in new condition with tags attached, it is an essential piece for those who appreciate exquisite craftsmanship and contemporary design. Make a bold statement wherever you go with the Versace Medusa Shoulder Backpack. Colour: Black. Country of origin: IT. Condition: new with tags.",Black,,,,,EUR,792.50,23
AP10441808,AP10441808,8054797511906,,Dolce & Gabbana,"Apparel & Accessories > Handbags, Wallets & Cases > Handbags > Womens",https://brandsgateway-img.s3.fr-par.scw.cloud/10441804.jpeg,https://brandsgateway-img.s3.fr-par.scw.cloud/10441805.jpeg,https://brandsgateway-img.s3.fr-par.scw.cloud/10441806.jpeg,INSTOCK,8,3,en,Dolce & Gabbana Black Calf Leather Bos Taurus Shoulder Bag,"Dolce & Gabbana Black Calf Leather Bos Taurus Shoulder Bag. The My Sicily leather Handbag by Dolce&Gabbana embodies the house’s timeless elegance and signature sophistication. Featuring a rigid top handle, it offers sophisticated portability, while the flat, adjustable and removable shoulder strap adds practicality and versatility. The front flap closure with magnetic buttons provides security, while applied logo hardware on the front adds a distinctive touch. The interior, with a single compartment, is designed to store essentials in style and order. Season: AW26 Dimension: 30x20x13 Composition: 95% Calf Suede 5% Pvc Colour: Black. Dimensions: 30 / 20 / 13 (cm). Country of origin: IT. Manufacturer part number: BB7782B7321_80999. Condition: new with tags.",Black,,,BB7782B7321_80999,BB7782B7321_80999,EUR,2743.75,23
AP10403097,AP10403097,8054797511883,,Dolce & Gabbana,"Apparel & Accessories > Handbags, Wallets & Cases > Handbags > Womens",https://brandsgateway-img.s3.fr-par.scw.cloud/10403086.jpeg,https://brandsgateway-img.s3.fr-par.scw.cloud/10403089.jpeg,https://brandsgateway-img.s3.fr-par.scw.cloud/10403091.jpeg,INSTOCK,3,3,en,Dolce & Gabbana Beige Calf Leather Bos Taurus Shoulder Bag,"Dolce & Gabbana Beige Calf Leather Bos Taurus Shoulder Bag. The My Sicily leather Handbag by Dolce&Gabbana embodies the house’s timeless elegance and signature sophistication. Featuring a rigid top handle, it offers sophisticated portability, while the flat, adjustable and removable shoulder strap adds practicality and versatility. The front flap closure with magnetic buttons provides security, while applied logo hardware on the front adds a distinctive touch. The interior, with a single compartment, is designed to store essentials in style and order. Season: AW26 Dimension: 30x20x13 Composition: 95% Calf Suede 5% Pvc Colour: Beige. Dimensions: 30 / 20 / 13 (cm). Country of origin: IT. Manufacturer part number: BB7782B7321_8Z093. Condition: new with tags.",Beige,,,BB7782B7321_8Z093,BB7782B7321_8Z093,EUR,2743.75,23
AP10453596,AP10453596,8054797398903,,Dolce & Gabbana,"Apparel & Accessories > Handbags, Wallets & Cases > Handbags > Womens",https://brandsgateway-img.s3.fr-par.scw.cloud/10453573.jpeg,https://brandsgateway-img.s3.fr-par.scw.cloud/10453574.jpeg,https://brandsgateway-img.s3.fr-par.scw.cloud/10453575.jpeg,INSTOCK,5,3,en,Dolce & Gabbana Black Calf Leather Bos Taurus Shoulder Bag,"Dolce & Gabbana Black Calf Leather Bos Taurus Shoulder Bag. The My Sicily Handbag by Dolce&Gabbana is a masterpiece of elegance and functionality, featuring a leather handle and a removable and adjustable leather shoulder strap, offering versatility in how it can be worn. The tuck-in closure and vintage brass hardware add a touch of sophistication to the design. The external personalization with a single-galvanized plate and foil stamp, together with the internal personalization, add a distinctive and luxurious detail. The interior features a zippered pocket, perfect for organizing smaller items. A timeless accessory that combines style, quality, and practicality. Season: AW26 Dimension: 21x19x14 Composition: 95% Calf Suede 5% Pvc Colour: Black. Dimensions: 21 / 19 / 14 (cm). Country of origin: IT. Manufacturer part number: BB7781B7321_80999. Condition: new with tags.",Black,,,BB7781B7321_80999,BB7781B7321_80999,EUR,2431.25,23
AP11190681,AP11190681,8057996541316,,Dolce & Gabbana,"Apparel & Accessories > Handbags, Wallets & Cases > Handbags > Womens",https://brandsgateway-img.s3.fr-par.scw.cloud/11190676.jpeg,https://brandsgateway-img.s3.fr-par.scw.cloud/11190677.jpeg,https://brandsgateway-img.s3.fr-par.scw.cloud/11190678.jpeg,OUTOFSTOCK,0,3,en,Dolce & Gabbana Red Lamb Ovis Aries Handbag,"Dolce & Gabbana Red Lamb Ovis Aries Handbag. The Grandma medium top-handle Bag by Dolce&Gabbana is crafted from plongé nappa leather and features a timeless, refined silhouette designed for everyday versatility. The model combines a leather top handle with an adjustable and detachable leather strap, finished with gold-tone hardware. Foil-stamped detailing enhances both the exterior and interior, while the lined compartment includes a card pocket and a practical mirror. The bag comes with a branded protective dust bag and a pre-assembled box. Season: AW26 Dimension: 31x15x9 Composition: 100% Lamb Ovis Aries Aries Colour: Red. Dimensions: 31 / 15 / 9 (cm). Country of origin: IT. Manufacturer part number: BB7986BF984_83200. Condition: new with tags.",Red,,,BB7986BF984_83200,BB7986BF984_83200,EUR,2493.75,23
AP10453603,AP10453603,8054797722661,,Dolce & Gabbana,"Apparel & Accessories > Handbags, Wallets & Cases > Handbags > Womens",https://brandsgateway-img.s3.fr-par.scw.cloud/10453576.jpeg,https://brandsgateway-img.s3.fr-par.scw.cloud/10453594.jpeg,https://brandsgateway-img.s3.fr-par.scw.cloud/10453598.jpeg,OUTOFSTOCK,0,3,en,Dolce & Gabbana Brown Calf Leather Bos Taurus Shoulder Bag,"Dolce & Gabbana Brown Calf Leather Bos Taurus Shoulder Bag. The My Sicily Handbag by Dolce&Gabbana is a masterpiece of elegance and functionality, featuring a leather handle and a removable and adjustable leather shoulder strap, offering versatility in how it can be worn. The tuck-in closure and vintage brass hardware add a touch of sophistication to the design. The external personalization with a single-galvanized plate and foil stamp, together with the internal personalization, add a distinctive and luxurious detail. The interior features a zippered pocket, perfect for organizing smaller items. A timeless accessory that combines style, quality, and practicality. Season: AW26 Dimension: 21x19x14 Composition: 95% Calf Suede 5% Pvc Colour: Brown. Dimensions: 21 / 19 / 14 (cm). Country of origin: IT. Manufacturer part number: BB7781B7321_8Z093. Condition: new with tags.",Brown,,,BB7781B7321_8Z093,BB7781B7321_8Z093,EUR,2431.25,23
AP10912425,AP10912425,8059000191876,,Versace,"Apparel & Accessories > Handbags, Wallets & Cases > Handbags > Womens",https://brandsgateway-img.s3.fr-par.scw.cloud/10912421.jpeg,https://brandsgateway-img.s3.fr-par.scw.cloud/10912422.jpeg,https://brandsgateway-img.s3.fr-par.scw.cloud/10912423.jpeg,INSTOCK,3,3,en,Versace Brown Calfskin Shoulder Bag,"Versace Brown Calfskin Shoulder Bag. Introducing the bold and trendy ‘Vivian’ Medium Shoulder Bag by VERSACE. Crafted from luxurious 100% calfskin leather, this stunning bag is a true masterpiece. Its rectangular design features hand-painted edges and a classic east-west silhouette. The bag flaunts a flap closure with an antiqued metal turn mechanism adorned with a 3D ‘Medusa’ emblem and boasts a double fixed tubular handle for effortless elegance. Inside, find a lambskin-lined interior with two main compartments and a convenient inner pocket. Color: Brown Material: 100% Calfskin Leather Country of Origin: Italy Colour: Brown. Country of origin: IT. Manufacturer part number: 10234561A185281NN1J. Condition: new with tags.",Brown,,,10234561A185281NN1J,10234561A185281NN1J,EUR,2046.25,23
AP4645248,AP4645248,8056204967870,,Versace,"Apparel & Accessories > Handbags, Wallets & Cases > Handbags > Womens",https://brandsgateway-img.s3.fr-par.scw.cloud/4645249.jpeg,https://brandsgateway-img.s3.fr-par.scw.cloud/4645250.jpeg,https://brandsgateway-img.s3.fr-par.scw.cloud/4645251.jpeg,OUTOFSTOCK,0,3,en,Versace White Top Handle Canvas Leather Logo Crossbody Tote Bag,"Versace White Top Handle Canvas Leather Logo Crossbody Tote Bag. VERSACE Absolutely stunning, 100% Authentic, brand new with tags VERSACE tote bags. Brand logo, solid color, crossbody strap. Model: Tote bag Material: VL100%, WV66% VI19% PA10% WS5% Color: White, Black Fabric inner lining with inside zipper pocket Handle: Two handles, detachable and adjustable shoulder strap Logo engraved metal hardware Made in Italy Measurements: 38cm x 30cm x 15cm Strap: 99cm Material: VL100%, WV66% VI19% PA10% WS5%. Colour: Black/White. Country of origin: IT. Condition: new with tags.",Black/White,,,,,EUR,1142.50,23
AP11156253,AP11156253,0197865147770,,Tory Burch,"Apparel & Accessories > Handbags, Wallets & Cases > Handbags > Womens",https://brandsgateway-img.s3.fr-par.scw.cloud/11156248.jpeg,https://brandsgateway-img.s3.fr-par.scw.cloud/11156249.jpeg,https://brandsgateway-img.s3.fr-par.scw.cloud/11156251.jpeg,INSTOCK,15,2,en,Tory Burch Black Leather Clutch Bag,"Tory Burch Black Leather Clutch Bag. Description: The product with MPN 164056001 and code F87610 rubberized leather in black is a clutches designed by Tory Burch. It has features like front logo, removable shoulder. Colour: Black. Country of origin: KH. Manufacturer part number: 164056001. Condition: new with tags.",Black,,,164056001,164056001,EUR,418.75,23
AP10573757,AP10573757,8054712716201,,Versace,"Apparel & Accessories > Handbags, Wallets & Cases > Handbags > Womens",https://brandsgateway-img.s3.fr-par.scw.cloud/10788722.jpeg,https://brandsgateway-img.s3.fr-par.scw.cloud/10788723.jpeg,https://brandsgateway-img.s3.fr-par.scw.cloud/10788724.jpeg,INSTOCK,6,2,en,Versace Small Bright Green Nylon Matte Medusa Belt Bag Waist Fanny Pack Purse,"Versace Versace Small Bright Green Nylon Matte Medusa Belt Bag Waist Fanny Pack Purse. Elevate your accessory game with the Versace Small Bright Green Nylon Matte Medusa Belt Bag. This stylish and functional fanny pack is crafted from high-quality nylon, ensuring durability while offering a striking pop of vibrant green to your ensemble. Designed for versatility, it effortlessly transitions from casual outings to formal events, making it the perfect companion for any occasion, including business meetings, cocktail parties, and travel adventures. The sleek zip closure guarantees secure storage for your essentials, while the adjustable strap allows you to customize your fit as a belt or crossbody bag, ensuring comfort during wear. Thoughtfully sized at 11″ W x 7.5″ H x 3″ D, this small bag maintains a lightweight profile without sacrificing capacity. With designer details and a matte finish, this handbag embodies luxury and sophistication. It comes complete with an original dust bag, adding an extra touch of elegance and protecting your investment. Perfect for the modern, fashion-forward woman who appreciates high-end accessories, this Versace belt bag is not just a functional piece, but an essential statement accessory that enhances any outfit. Colour: Black. Country of origin: IT. Condition: new with tags.",Black,,,,,EUR,817.50,23
AP10993369,AP10993369,8059000191845,,Versace,"Apparel & Accessories > Handbags, Wallets & Cases > Handbags > Womens",https://brandsgateway-img.s3.fr-par.scw.cloud/10993354.jpeg,https://brandsgateway-img.s3.fr-par.scw.cloud/10993356.jpeg,https://brandsgateway-img.s3.fr-par.scw.cloud/10993357.jpeg,INSTOCK,3,2,en,Versace Multicolor Calfskin Clutch Bag,"Versace Multicolor Calfskin Clutch Bag. The VERSACE ‘Vivian’ clutch is your elegant partner in crime, flaunting a soft silhouette crafted from fine ochre yellow suede crust. Hand-painted edges and a signature Medusa motif add opulence, with a removable chain strap for versatile wear. Inside, discover two spacious compartments and a zip pocket, all lined in luxurious nappa leather. Make a bold statement with this tactile masterpiece that effortlessly elevates your style. Color: Yellow Material: 100% calfskin leather (Bos Taurus) Country of origin: Italy Colour: Multicolor. Country of origin: IT. Manufacturer part number: 10248601A185281NM2J. Condition: new with tags.",Multicolor,,,10248601A185281NM2J,10248601A185281NM2J,EUR,1972.50,23
AP10893082,AP10893082,8054797329273,,Dolce & Gabbana,"Apparel & Accessories > Handbags, Wallets & Cases > Handbags > Womens",https://brandsgateway-img.s3.fr-par.scw.cloud/10893077.jpeg,https://brandsgateway-img.s3.fr-par.scw.cloud/10893078.jpeg,https://brandsgateway-img.s3.fr-par.scw.cloud/10893080.jpeg,OUTOFSTOCK,0,3,en,Dolce & Gabbana Beige Cork Shoulder Bag,"Dolce & Gabbana Beige Cork Shoulder Bag. Embrace elegance with this DOLCE & GABBANA ‘Capri’ shoulder bag, a masterpiece of woven straw and luxe leather. It features a double fixed handle and a chic magnetic folded closure, accentuated by a leather strap and metal buckle. The removable leather clutch adds versatile flair. Handcrafted in Italy, each piece’s unique imperfections highlight its charm. A bold statement accessory, this bag is your ultimate style upgrade. Material: 80% corn, 20% calf Country of origin: Italy Color: Beige Colour: Beige. Country of origin: IT. Manufacturer part number: BB7832AN5488Z096. Condition: new with tags.",Beige,,,BB7832AN5488Z096,BB7832AN5488Z096,EUR,947.50,23
AP10965194,AP10965194,8057996037970,,Dolce & Gabbana,"Apparel & Accessories > Handbags, Wallets & Cases > Handbags > Womens",https://brandsgateway-img.s3.fr-par.scw.cloud/10965190.jpeg,https://brandsgateway-img.s3.fr-par.scw.cloud/10965191.jpeg,https://brandsgateway-img.s3.fr-par.scw.cloud/10965192.jpeg,OUTOFSTOCK,0,1,en,Dolce & Gabbana Black Calf Leather Bos Taurus Handbag,"Dolce & Gabbana Black Calf Leather Bos Taurus Handbag. The Vittoria calfskin Top Handle Bag by Dolce&Gabbana is crafted from premium calfskin and features an elegant timeless design. The model is characterized by a leather top handle, an adjustable and removable leather shoulder strap, a zip closure and gold-tone hardware. A logo plaque and branded interior and exterior details enhance the design, while the interior is completed with a zip pocket and a flat pocket. The accessory is supplied with a branded dust bag and presentation box. Season: AW26 Dimension: 24x17x12 Composition: 100% Calf Leather Bos Taurus Colour: Black. Dimensions: 24 / 17 / 12 (cm). Country of origin: IT. Manufacturer part number: BB7939A0841_80999. Condition: new with tags.",Black,,,BB7939A0841_80999,BB7939A0841_80999,EUR,2181.25,23
AP10980238,AP10980238,8059000256544,,Versace,"Apparel & Accessories > Handbags, Wallets & Cases > Handbags > Womens",https://brandsgateway-img.s3.fr-par.scw.cloud/10980230.jpeg,https://brandsgateway-img.s3.fr-par.scw.cloud/10980235.jpeg,https://brandsgateway-img.s3.fr-par.scw.cloud/10980236.jpeg,OUTOFSTOCK,0,3,en,Versace Black Calfskin Handbag,"Versace Black Calfskin Handbag. Make a bold statement with the VERSACE ‘Roomy’ small handbag, a perfect fusion of luxury and practicality. Crafted from exquisite smooth calf leather, its sleek black design is accentuated by a striking burgundy patch featuring the iconic embossed ‘Medusa Cameo.’ Its structured silhouette is equipped with dual top handles and a versatile, detachable shoulder strap. The lavish gold metal finishes and practical interior make this an ideal accessory for the chic and fashion-forward. Material: 100% calfskin leather Country of origin: Italy Color: Black Colour: Black. Country of origin: IT. Manufacturer part number: 10240281A191972B0AJ. Condition: new with tags.",Black,,,10240281A191972B0AJ,10240281A191972B0AJ,EUR,1658.75,23
AP11135255,AP11135255,8059000191753,,Versace,"Apparel & Accessories > Handbags, Wallets & Cases > Handbags > Womens",https://brandsgateway-img.s3.fr-par.scw.cloud/11135251.jpeg,https://brandsgateway-img.s3.fr-par.scw.cloud/11135252.jpeg,https://brandsgateway-img.s3.fr-par.scw.cloud/11135253.jpeg,INSTOCK,3,3,en,Versace Beige Calfskin Shoulder Bag,"Versace Beige Calfskin Shoulder Bag. Step up your style with the bold elegance of the VERSACE small shoulder bag, crafted in smooth calfskin leather. Its structured, compact silhouette in a refined beige shade is accentuated by contrasting painted edges. The iconic golden Medusa-engraved turn lock makes a striking statement, while the integrated handle ensures a sleek carry. Inside, find a practical zip pocket for essentials. This masterpiece is not just an accessory but a fashion revolution. Color: Beige Material: 100% calfskin leather (Bos Taurus) Country of origin: Italy Colour: Beige. Country of origin: IT. Manufacturer part number: 10245451A174281N63J. Condition: new with tags.",Beige,,,10245451A174281N63J,10245451A174281N63J,EUR,1561.25,23
AP10453595,AP10453595,8057576218980,,Dolce & Gabbana,"Apparel & Accessories > Handbags, Wallets & Cases > Handbags > Womens",https://brandsgateway-img.s3.fr-par.scw.cloud/10453584.jpeg,https://brandsgateway-img.s3.fr-par.scw.cloud/10453586.jpeg,https://brandsgateway-img.s3.fr-par.scw.cloud/10453589.jpeg,INSTOCK,7,3,en,Dolce & Gabbana Black Calf Leather Bos Taurus Shoulder Bag,"Dolce & Gabbana Black Calf Leather Bos Taurus Shoulder Bag. The Vittoria medium Handbag by Dolce&Gabbana is a masterpiece of elegance and functionality. Made with a leather handle and removable and adjustable leather shoulder strap, it offers versatility in its use. The tuck-in closure and vintage brass hardware add a touch of class, while the monogrammed exterior and foil stamping on the interior enhance the brand’s authenticity. The interior, complete with a flat pocket, allows you to easily organize your belongings. A timeless accessory, perfect for completing your look with sophistication. Season: AW26 Dimension: 31x19x10 Composition: 100% Calf Leather Bos Taurus Colour: Black. Dimensions: 31 / 19 / 10 (cm). Country of origin: IT. Manufacturer part number: BB7896AZ000_80999. Condition: new with tags.",Black,,,BB7896AZ000_80999,BB7896AZ000_80999,EUR,1743.75,23
AP10514275,AP10514275,8057576728281,,Dolce & Gabbana,"Apparel & Accessories > Handbags, Wallets & Cases > Handbags > Womens",https://brandsgateway-img.s3.fr-par.scw.cloud/10514271.jpeg,https://brandsgateway-img.s3.fr-par.scw.cloud/10514272.jpeg,https://brandsgateway-img.s3.fr-par.scw.cloud/10514273.jpeg,INSTOCK,4,3,en,Dolce & Gabbana Black Calf Leather Bos Taurus Shoulder Bag,"Dolce & Gabbana Black Calf Leather Bos Taurus Shoulder Bag. The large Vittoria leather Shoulder Bag by Dolce & Gabbana combines functionality and refined style. Featuring an adjustable and removable shoulder strap, a tuck-in closure, and vintage brass details, it is embellished with a mono-galvanic tag and film stamps both inside and out. The interior, organized with a flat pocket, completes this elegant and versatile accessory, ideal for any occasion. Season: AW26 Dimension: 40x30x15 Composition: 100% Calf Leather Bos Taurus Colour: Black. Dimensions: 40 / 30 / 15 (cm). Country of origin: IT. Manufacturer part number: BB7942AZ000_80999. Condition: new with tags.",Black,,,BB7942AZ000_80999,BB7942AZ000_80999,EUR,1743.75,23
AP10574267,AP10574267,8054034047304,,Versace,"Apparel & Accessories > Handbags, Wallets & Cases > Handbags > Womens",https://brandsgateway-img.s3.fr-par.scw.cloud/10789072.jpeg,https://brandsgateway-img.s3.fr-par.scw.cloud/10789076.jpeg,https://brandsgateway-img.s3.fr-par.scw.cloud/10789077.jpeg,INSTOCK,5,3,en,Versace Medusa Nylon Buckle Drawstring Backpack Bag,"Versace Versace Medusa Nylon Buckle Drawstring Backpack Bag. Style: Versace Medusa Buckle Drawstring Backpack (Navy) Material: Nylon Features: Inner Pockets, Drawstring and Flap Closure, Adjustable Shoulder Straps, Top Handle, Measures: 13″ W x 18″ H x 5″ D Colour: Silver. Country of origin: IT. Condition: new with tags.",Silver,,,,,EUR,853.75,23
AP10574290,AP10574290,8053609570667,,Versace,"Apparel & Accessories > Handbags, Wallets & Cases > Handbags > Womens",https://brandsgateway-img.s3.fr-par.scw.cloud/10789091.jpeg,https://brandsgateway-img.s3.fr-par.scw.cloud/10789093.jpeg,https://brandsgateway-img.s3.fr-par.scw.cloud/10789097.jpeg,INSTOCK,3,3,en,Versace Black Nylon Fabric La Medusa Shoulder Tote Bag,"Versace Versace Black Nylon Fabric La Medusa Shoulder Tote Bag. Style: Versace Black Nylon La Medusa Shoulder Tote Material: Nylon Fabric Features: Zip Closure, Medusa Coin Emblem Measures: 18″ L x 13″ H x 5.25″ D Colour: Gold. Country of origin: IT. Condition: new with tags.",Gold,,,,,EUR,743.75,23
AP10917235,AP10917235,8057576218942,,Dolce & Gabbana,"Apparel & Accessories > Handbags, Wallets & Cases > Handbags > Womens",https://brandsgateway-img.s3.fr-par.scw.cloud/10917231.jpeg,https://brandsgateway-img.s3.fr-par.scw.cloud/10917232.jpeg,https://brandsgateway-img.s3.fr-par.scw.cloud/10917233.jpeg,INSTOCK,7,3,en,Dolce & Gabbana Black Calfskin Handbag,"Dolce & Gabbana Black Calfskin Handbag. Step into sophistication with the ‘My Sicily’ mini handbag by Dolce & Gabbana, a perfect blend of luxury and elegance. Crafted from supple plongé calf leather, this standout piece features vintage brass detailing and a monogalvanic metal plate with an engraved logo, emanating timeless charm. Its adjustable, removable shoulder strap and removable name tag ensure versatility and personalization, making it a must-have in your collection. Material: 95% Calf Leather, 5% PVC Country of Origin: Italy Color: Black Colour: Black. Country of origin: IT. Manufacturer part number: BB7864B732180999. Condition: new with tags.",Black,,,BB7864B732180999,BB7864B732180999,EUR,1603.75,23
AP10905921,AP10905921,8057576218935,,Dolce & Gabbana,"Apparel & Accessories > Handbags, Wallets & Cases > Handbags > Womens",https://brandsgateway-img.s3.fr-par.scw.cloud/10905917.jpeg,https://brandsgateway-img.s3.fr-par.scw.cloud/10905918.jpeg,https://brandsgateway-img.s3.fr-par.scw.cloud/10905919.jpeg,INSTOCK,5,3,en,Dolce & Gabbana Brown Calfskin Handbag,"Dolce & Gabbana Brown Calfskin Handbag. Dare to make a statement with the bold elegance of DOLCE & GABBANA’s ‘My Sicily’ mini handbag. Crafted from luxurious plongé calf leather, this exquisite piece features vintage brass metal details and a flap closure with a tuck-in mechanism. Complete with a fixed handle, an adjustable and removable shoulder strap, and a stylish removable name tag, this handbag is designed to turn heads. Elevate your accessory game with this perfect blend of classic and contemporary flair. Material: 95% calf leather, 5% PVC Country of origin: Italy Color: Brown Colour: Brown. Country of origin: IT. Manufacturer part number: BB7864B73218Z093. Condition: new with tags.",Brown,,,BB7864B73218Z093,BB7864B73218Z093,EUR,1603.75,23
AP10918100,AP10918100,8054034981721,,Versace,"Apparel & Accessories > Handbags, Wallets & Cases > Handbags > Womens",https://brandsgateway-img.s3.fr-par.scw.cloud/10918093.jpeg,https://brandsgateway-img.s3.fr-par.scw.cloud/10918096.jpeg,https://brandsgateway-img.s3.fr-par.scw.cloud/10918097.jpeg,INSTOCK,3,3,en,Versace Beige Leather Tote Bag,"Versace Beige Leather Tote Bag. Meet the VERSACE Medium ‘Rivière’ shopping bag, a flawless fusion of luxury and style. Crafted from a premium blend of linen and cotton canvas, this beige beauty flaunts contrasting calf leather details. Its standout features include a striking three-dimensional ‘Medusa Cameo’ and the iconic ‘Versace Logo’ print. Designed for versatility, it comes with adjustable handles, a removable shoulder strap, and practical inner compartments. A fashionable essential for bold trendsetters. Material: 66% cotton, 20% linen, 14% other fibers Country of origin: Italy Color: Beige Colour: Beige. Country of origin: IT. Manufacturer part number: 10243221A178642K00J. Condition: new with tags.",Beige,,,10243221A178642K00J,10243221A178642K00J,EUR,1301.25,23
AP10573535,AP10573535,8053609379451,,Versace,"Apparel & Accessories > Handbags, Wallets & Cases > Handbags > Womens",https://brandsgateway-img.s3.fr-par.scw.cloud/10788585.jpeg,https://brandsgateway-img.s3.fr-par.scw.cloud/10788586.jpeg,https://brandsgateway-img.s3.fr-par.scw.cloud/10788587.jpeg,INSTOCK,6,3,en,Versace Women'S 'Extra Small Athena' Shopping Bag Black,"Versace Versace Women'S 'Extra Small Athena' Shopping Bag Black. Elevate your accessory collection with the Versace Women’s ‘Extra Small Athena’ Shopping Bag in a classic black hue. This versatile tote is expertly crafted from a luxurious blend of EMBROIDERY JACQUARD BAROCCO and premium calf leather, ensuring a sophisticated appearance while maintaining durability for everyday use. The bag features a structured rectangular shape with an open closure, making it easy to access your essentials. Designed for the modern woman, the Athena bag can effortlessly transition from casual outings to formal occasions. It boasts dual top handles and a detachable 100 cm shoulder strap, allowing for multiple styling options—carry it by hand or wear it cross-body for a chic, hands-free experience. The interior is lined with high-quality fabric and includes inner pockets for organized storage. With its adjustable strap, this tote is not only stylish but also practical, accommodating your on-the-go lifestyle. The elegant gold hardware accents add a touch of refinement, making it an ideal piece for business meetings, wedding events, or travel adventures. Embrace designer fashion with the Versace Women’s ‘Extra Small Athena’ Shopping Bag, a timeless addition that exemplifies luxury and functionality. Colour: Gold. Country of origin: IT. Condition: new with tags.",Gold,,,,,EUR,1037.50,23
AP10574274,AP10574274,8054034047182,,Versace,"Apparel & Accessories > Handbags, Wallets & Cases > Handbags > Womens",https://brandsgateway-img.s3.fr-par.scw.cloud/10789080.jpeg,https://brandsgateway-img.s3.fr-par.scw.cloud/10789083.jpeg,https://brandsgateway-img.s3.fr-par.scw.cloud/10789084.jpeg,INSTOCK,5,0,en,Versace Medusa Large Nylon Duffle Bag,"Versace Versace Medusa Large Nylon Duffle Bag. Style: Versace Medusa Large Nylon Duffle Bag (Black) Material: Nylon Features: Inner Pockets, Zip Closure, Silver Tone Hardware Measures: 21.5″ W x 13″ H x 13″ D Colour: Silver. Country of origin: IT. Condition: new with tags.",Silver,,,,,EUR,963.75,23
AP10783573,AP10783573,8051200272690,,Dolce & Gabbana,"Apparel & Accessories > Handbags, Wallets & Cases > Handbags > Womens",https://brandsgateway-img.s3.fr-par.scw.cloud/10783569.jpeg,https://brandsgateway-img.s3.fr-par.scw.cloud/10783570.jpeg,https://brandsgateway-img.s3.fr-par.scw.cloud/10783571.jpeg,INSTOCK,3,3,en,Dolce & Gabbana Black Calf Leather Bos Taurus Shoulder Bag,"Dolce & Gabbana Black Calf Leather Bos Taurus Shoulder Bag. The Micro Sicily leather Shoulder Bag by Dolce&Gabbana features a single rigid handle on the top for a comfortable grip. The front closure is guaranteed by a magnetic flap with hidden button, which maintains a clean and sophisticated design. The metallic hardware with the iconic signature of the brand applied in relief on the front adds a distinctive touch. A removable chain shoulder strap completes the model, for different carrying options. Season: AW26 Dimension: 20.5×10.5×2.5 Composition: 100% Calf Leather Bos Taurus Colour: Black. Dimensions: 20.5 / 10.5 / 2.5 (cm). Country of origin: IT. Manufacturer part number: BI3280A1001_80999. Condition: new with tags.",Black,,,BI3280A1001_80999,BI3280A1001_80999,EUR,1043.75,23
AP10912420,AP10912420,8059000176804,,Versace,"Apparel & Accessories > Handbags, Wallets & Cases > Handbags > Womens",https://brandsgateway-img.s3.fr-par.scw.cloud/10912416.jpeg,https://brandsgateway-img.s3.fr-par.scw.cloud/10912417.jpeg,https://brandsgateway-img.s3.fr-par.scw.cloud/10912418.jpeg,INSTOCK,3,3,en,Versace Bicolor Lamb Leather Shoulder Bag,"Versace Bicolor Lamb Leather Shoulder Bag. Meet your new style statement – the bold & trendy ‘Emblème’ shoulder bag from VERSACE. Crafted from the finest ultra-soft nappa leather, this bowling-style bag is adorned with the iconic three-dimensional ‘Medusa’ metal logo, featuring an antiqued finish. It showcases a double adjustable handle for versatility and a secure top zip closure. The rigid base with metal feet ensures durability while the linen and cotton blend lining offers a luxe touch inside. Material: 100% lamb leather Country of origin: Italy Color: Green Colour: Bicolor. Country of origin: IT. Manufacturer part number: 10243181A174491GT4J. Condition: new with tags.",Bicolor,,,10243181A174491GT4J,10243181A174491GT4J,EUR,1151.25,23
AP10918048,AP10918048,8059000195607,,Versace,"Apparel & Accessories > Handbags, Wallets & Cases > Handbags > Womens",https://brandsgateway-img.s3.fr-par.scw.cloud/10918039.jpeg,https://brandsgateway-img.s3.fr-par.scw.cloud/10918045.jpeg,https://brandsgateway-img.s3.fr-par.scw.cloud/10918046.jpeg,INSTOCK,3,3,en,Versace Beige Linen Tote Bag,"Versace Beige Linen Tote Bag. Step into the spotlight with this bold and trendy VERSACE ‘Rivière’ mini shopping bag. Crafted from luxurious linen and cotton canvas, this stylish accessory boasts striking contrast calf leather details. The iconic three-dimensional ‘Medusa Cameo’ and front ‘Versace Logo’ print add an audacious touch. Designed for versatility, it features a double adjustable handle, an inner snap button, tab closure, and a removable shoulder strap—perfect for every occasion. Material: 59% linen, 41% cotton Country of origin: Italy Color: Beige Colour: Beige. Country of origin: IT. Manufacturer part number: 10253651A178642K00J. Condition: new with tags.",Beige,,,10253651A178642K00J,10253651A178642K00J,EUR,1151.25,23
AP11199090,AP11199090,197865406822,,Tory Burch,"Apparel & Accessories > Handbags, Wallets & Cases > Handbags > Womens",https://brandsgateway-img.s3.fr-par.scw.cloud/11199086.jpeg,https://brandsgateway-img.s3.fr-par.scw.cloud/11199087.jpeg,https://brandsgateway-img.s3.fr-par.scw.cloud/11199088.jpeg,INSTOCK,3,3,en,Tory Burch Black Lamb Leather Crossbody Bag,"Tory Burch Black Lamb Leather Crossbody Bag. Step out in style with the TORY BURCH ‘Fleming’ crossbody bag, crafted with luxurious lamb leather. Its diamond graphic pattern adds a bold touch, while the top zip closure ensures your essentials are secure. Featuring a chic combination of a chain and leather shoulder strap, it exudes sophistication and timeless elegance. Perfect for turning heads and elevating your ensemble, this crossbody bag is a statement piece for the modern trendsetter. Color: Black Material: 100% lamb leather Country of origin: China Colour: Black. Country of origin: CN. Manufacturer part number: 169226001. Condition: new with tags.",Black,,,169226001,169226001,EUR,432.50,23
AP10573751,AP10573751,8054712716041,,Versace,"Apparel & Accessories > Handbags, Wallets & Cases > Handbags > Womens",https://brandsgateway-img.s3.fr-par.scw.cloud/10788726.jpeg,https://brandsgateway-img.s3.fr-par.scw.cloud/10788727.jpeg,https://brandsgateway-img.s3.fr-par.scw.cloud/10788728.jpeg,INSTOCK,3,2.5,en,Versace Small Dahlia Nylon Fabric Medusa Pendant Crossbody Shoulder Purse Bag,"Versace Versace Small Dahlia Nylon Fabric Medusa Pendant Crossbody Shoulder Purse Bag. Elevate your accessory collection with the Versace Small Dahlia Nylon Fabric Medusa Pendant Crossbody Shoulder Purse Bag, a stunning blend of sophisticated design and practical functionality. Crafted from premium nylon and leather, this exquisite bag features the iconic Versace Medusa pendant, symbolizing luxury and elegance. With its sleek rectangular shape, it measures 10 inches in width, 7 inches in height, and 3 inches in depth, making it perfect for your daily essentials while maintaining a chic silhouette. This versatile shoulder bag comes with an adjustable and detachable crossbody strap, as well as a stylish chain shoulder strap, allowing you to customize your look for various occasions—from business meetings to casual outings, formal events, or evening gatherings. The zip closure ensures your belongings are securely stored, while the nylon lining and leather accents add an extra touch of refinement. Inside, you’ll find a convenient inner slip pocket for easy organization, helping you stay stylishly prepared no matter where you go. The bag features a rich burgundy exterior, complemented by matte finish gold hardware, embodying a classic yet modern aesthetic that is sure to turn heads. Perfectly suited for the contemporary woman, this bag seamlessly merges practicality with exemplary style, making it a worthy addition to your wardrobe or the ideal gift for someone special. Colour: Gold. Country of origin: IT. Condition: new with tags.",Gold,,,,,EUR,890.00,23
AP11189878,AP11189878,8059000423052,,Versace,"Apparel & Accessories > Handbags, Wallets & Cases > Handbags > Womens",https://brandsgateway-img.s3.fr-par.scw.cloud/11189868.jpeg,https://brandsgateway-img.s3.fr-par.scw.cloud/11189873.jpeg,https://brandsgateway-img.s3.fr-par.scw.cloud/11189876.jpeg,OUTOFSTOCK,0,3,en,Versace Black Calf Leather Bos Taurus Shoulder Bag,"Versace Black Calf Leather Bos Taurus Shoulder Bag. The large Severine Shoulder Bag by Versace features a soft, flexible silhouette crafted from fine-grained calfskin, finished with hand-painted edges. It has a front flap with a square magnetic closure, accented by a metal detail featuring the iconic 3D Medusa motif. The interior is organized into two main compartments and a central zipped compartment. A leather Versace Logo application completes the design, while the linen and cotton-blend lining adds a refined finish. Season: AW26 Dimension: 44x25x18.5 Composition: 100% Calf Suede Colour: Black. Dimensions: 44 / 25 / 18.5 (cm). Country of origin: IT. Manufacturer part number: 10258021A18837_1B00G. Condition: new with tags.",Black,,,10258021A18837_1B00G,10258021A18837_1B00G,EUR,2743.75,23
AP10986323,AP10986323,8059000191913,,Versace,"Apparel & Accessories > Handbags, Wallets & Cases > Handbags > Womens",https://brandsgateway-img.s3.fr-par.scw.cloud/10986316.jpeg,https://brandsgateway-img.s3.fr-par.scw.cloud/10986318.jpeg,https://brandsgateway-img.s3.fr-par.scw.cloud/10986320.jpeg,OUTOFSTOCK,0,3,en,Versace Brown Calf Leather Bos Taurus Clutch Bag,"Versace Brown Calf Leather Bos Taurus Clutch Bag. The Vivian suede Pouch by Versace is an elegant and sophisticated accessory with an iconic design. Crafted from suede leather, it features the Versace logo embossed as a distinctive detail. The style includes a flap closure with a turn-lock fastening, along with a removable chain strap for versatility. A lambskin leather lining completes the design with a luxurious finish. Season: AW26 Dimension: 30x16x7 Composition: 100% Calf Leather Bos Taurus Colour: Brown. Dimensions: 30 / 16 / 7 (cm). Country of origin: IT. Manufacturer part number: 10248601A18528_1NM1J. Condition: new with tags.",Brown,,,10248601A18528_1NM1J,10248601A18528_1NM1J,EUR,2306.25,23
AP11164043,AP11164043,8054797512071,,Dolce & Gabbana,"Apparel & Accessories > Handbags, Wallets & Cases > Handbags > Womens",https://brandsgateway-img.s3.fr-par.scw.cloud/11164039.jpeg,https://brandsgateway-img.s3.fr-par.scw.cloud/11164040.jpeg,https://brandsgateway-img.s3.fr-par.scw.cloud/11164041.jpeg,INSTOCK,4,3,en,Dolce & Gabbana Brown Pvc Handbag,"Dolce & Gabbana Brown Pvc Handbag. Step into sophistication with the iconic ‘My Sicily’ large suede handbag from Dolce & Gabbana. Bold leather accents add a touch of luxury, while a flap closure with a tuck-in mechanism ensures elegance meets security. The fixed handle, rigid bottom with metal feet, and adjustable, removable shoulder strap make versatility your new go-to. Perfectly crafted with Italian finesse, this handbag is your passport to timeless elegance. Material: 5% PVC 95% Calf Country of Origin: Italy Color: Brown Colour: Brown. Country of origin: IT. Manufacturer part number: BB7814BO9038M157. Condition: new with tags.",Brown,,,BB7814BO9038M157,BB7814BO9038M157,EUR,3065.00,23
AP10912716,AP10912716,197865781189,,Tory Burch,"Apparel & Accessories > Handbags, Wallets & Cases > Handbags > Womens",https://brandsgateway-img.s3.fr-par.scw.cloud/10912710.jpeg,https://brandsgateway-img.s3.fr-par.scw.cloud/10912713.jpeg,https://brandsgateway-img.s3.fr-par.scw.cloud/10912714.jpeg,INSTOCK,3,3,en,Tory Burch Beige Calfskin Shoulder Bag,"Tory Burch Beige Calfskin Shoulder Bag. Step into the spotlight with the TORY BURCH ‘Charlie’ medium suede shoulder bag, a true icon in diamond stitching. Flaunting a magnetic flap with a standout metal logo, this bag is your go-to for chic, everyday elegance. Inside, a microfiber lining mimics a suede finish, offering an exquisite touch. The sliding chain strap adorned with a suede shoulder pad promises comfort and style in equal measure. Elevate your look instantly with this fashion-forward masterpiece. Material: 100% calfskin leather Country of origin: Vietnam Color: Beige Colour: Beige. Country of origin: VN. Manufacturer part number: 183357251. Condition: new with tags.",Beige,,,183357251,183357251,EUR,701.25,23
AP11049662,AP11049662,902129882041,,Tory Burch,"Apparel & Accessories > Handbags, Wallets & Cases > Handbags > Womens",https://brandsgateway-img.s3.fr-par.scw.cloud/11049658.jpeg,https://brandsgateway-img.s3.fr-par.scw.cloud/11049659.jpeg,https://brandsgateway-img.s3.fr-par.scw.cloud/11049660.jpeg,INSTOCK,3,2.5,en,Tory Burch Brown Cowhide Handbag,"Tory Burch Brown Cowhide Handbag. Step into the world of sophisticated style with the Tory Burch Lee Radziwill Petite Double Bag. Crafted from luxurious cow leather, this compact beauty in timeless brown promises structured elegance. Featuring a striking front belt detail with a gold padlock closure and the iconic Tory Burch engraved logo, it’s the epitome of chic functionality. The bag boasts a rigid top handle, as well as an adjustable and detachable shoulder strap for versatile wear. Elevate your wardrobe with this bold statement piece. Material: 100% cow leather Country of origin: Vietnam Color: Brown Colour: Brown. Country of origin: VN. Manufacturer part number: 178830201201. Condition: new with tags.",Brown,,,178830201201,178830201201,EUR,701.25,23
AP11171686,AP11171686,8057996561741,,Dolce & Gabbana,"Apparel & Accessories > Handbags, Wallets & Cases > Handbags > Womens",https://brandsgateway-img.s3.fr-par.scw.cloud/11171680.jpeg,https://brandsgateway-img.s3.fr-par.scw.cloud/11171681.jpeg,https://brandsgateway-img.s3.fr-par.scw.cloud/11171682.jpeg,INSTOCK,3,0,en,Dolce & Gabbana Black Cotton Handbag,"Dolce & Gabbana Black Cotton Handbag. The Dolce&Gabbana ‘Sicily’ small handbag defines the codes of structured elegance through an iconic trapezoidal silhouette. The design is enhanced by a precious material processing in silk and cotton blend, which creates a sophisticated animal print with a velvety touch in black and gray tones. The front is illuminated by the characteristic bigalvanic logo plate, which recalls the shine of the small parts. The construction includes an upper handle in fine calf leather and a removable shoulder strap, hooked by swivel carabiners to lateral metal rings. The accessory is completed by a concealed magnetic closure and protective feet on the bottom. An essential accessory that celebrates the purity of the manufacture through a timeless aesthetic. – Structured trapezoidal Silhouette – Animal print with velvet-effect finish – Bigalvanic logo tag – Calf leather top handle – Detachable leather shoulder strap with swivel snap hooks – Front flap closure and concealed magnetic button – Protective metal feet on the bottom – Interior detail with hot-stamped logo Colour: Black. Country of origin: IT. Manufacturer part number: BB6003B00118S240. Condition: new with tags.",Black,,,BB6003B00118S240,BB6003B00118S240,EUR,2721.25,23
AP11051092,AP11051092,8059579327454,,Dolce & Gabbana,"Apparel & Accessories > Handbags, Wallets & Cases > Handbags > Womens",https://brandsgateway-img.s3.fr-par.scw.cloud/11051088.jpeg,https://brandsgateway-img.s3.fr-par.scw.cloud/11051089.jpeg,https://brandsgateway-img.s3.fr-par.scw.cloud/11051090.jpeg,INSTOCK,19,3,en,Dolce & Gabbana Black Calfskin Handbag,"Dolce & Gabbana Black Calfskin Handbag. Step into luxury with the bold and trendy ‘Sicily’ large handbag from Dolce & Gabbana. Crafted from sumptuous 100% calfskin leather, this striking black accessory exudes sophistication. The handbag features an elegant flap closure with a sleek metal snap mechanism, accompanied by a prominent bigalvanic logo tag. Enjoy versatility with its adjustable and removable shoulder strap, fixed handle, and stylish metal details, all lined with pristine printed fabric for a touch of opulence. Color: Black Material: 100% Calfskin Leather Country of Origin: Italy Colour: Black. Country of origin: IT. Manufacturer part number: BB6002B100180999. Condition: new with tags.",Black,,,BB6002B100180999,BB6002B100180999,EUR,1773.75,23
AP11169611,AP11169611,3700943983541,,Jacquemus,"Apparel & Accessories > Handbags, Wallets & Cases > Handbags > Womens",https://brandsgateway-img.s3.fr-par.scw.cloud/11169602.jpeg,https://brandsgateway-img.s3.fr-par.scw.cloud/11169604.jpeg,https://brandsgateway-img.s3.fr-par.scw.cloud/11169607.jpeg,INSTOCK,5,3,en,Jacquemus Black Calf Leather Bos Taurus Handbag,"Jacquemus Black Calf Leather Bos Taurus Handbag. The Le Petit Vanity Handbag by Jacquemus is crafted from leather and features a compact geometric silhouette with a monochrome finish. The model is designed with a short top handle, zip fastening and two geometric-shaped zip pulls that add a distinctive signature detail. A removable shoulder strap allows versatile shoulder or crossbody carrying. Season: AW26 Dimension: 22.5×15.5×9 Composition: 100% Calf Leather Bos Taurus Colour: Black. Dimensions: 22.5 / 15.5 / 9 (cm). Country of origin: IT. Manufacturer part number: BAW00479AC03G02_990. Condition: new with tags.",Black,,,BAW00479AC03G02_990,BAW00479AC03G02_990,EUR,1118.75,23
AP11167196,AP11167196,3700943982520,,Jacquemus,"Apparel & Accessories > Handbags, Wallets & Cases > Handbags > Womens",https://brandsgateway-img.s3.fr-par.scw.cloud/11167192.jpeg,https://brandsgateway-img.s3.fr-par.scw.cloud/11167193.jpeg,https://brandsgateway-img.s3.fr-par.scw.cloud/11167194.jpeg,INSTOCK,3,3,en,Jacquemus Red Calf Leather Bos Taurus Handbag,"Jacquemus Red Calf Leather Bos Taurus Handbag. The Le Petit Turismo Handbag by Jacquemus is crafted from leather and features an all-over animal print with a compact, structured silhouette. The model is designed with two top handles, one enhanced by a knotted detail, and a removable, adjustable strap. A double-slider zip closure opens to a single compartment, while an embossed logo at the front completes the design. Season: AW26 Dimension: 26x16x11 Composition: 100% Calf Leather Bos Taurus Colour: Red. Dimensions: 26 / 16 / 11 (cm). Country of origin: IT. Manufacturer part number: BAW00416AC07A20_470. Condition: new with tags.",Red,,,BAW00416AC07A20_470,BAW00416AC07A20_470,EUR,1118.75,23
AP10574494,AP10574494,8054034230805,,Versace,"Apparel & Accessories > Handbags, Wallets & Cases > Handbags > Womens",https://brandsgateway-img.s3.fr-par.scw.cloud/10788697.webp,https://brandsgateway-img.s3.fr-par.scw.cloud/10788699.jpeg,https://brandsgateway-img.s3.fr-par.scw.cloud/10788700.jpeg,INSTOCK,5,3,en,Versace Medusa Large Canvas Large Tote Bag,"Versace Versace Medusa Large Canvas Large Tote Bag. Introducing the Versace Medusa Large Canvas Tote Bag, a luxurious accessory that seamlessly blends style and functionality. Crafted from premium canvas with exquisite leather trim, this tote bag boasts an all-over Versace logo pattern, showcasing its designer heritage. Its sophisticated green exterior is complemented by elegant gold hardware, making it an eye-catching addition to any outfit. The spacious interior features fabric lining and multiple inner pockets, ensuring your essentials are organized and easily accessible. Measuring 15.5 inches in width, 4 inches in depth, and 12 inches in height, this bag is designed with versatility in mind, perfect for business meetings, casual outings, formal events, and travel occasions. The double leather handles provide comfort and stability while carrying, enhancing its usability. Whether you’re heading to a party or the office, this tote bag is the ideal companion for modern women who appreciate both fashion and practicality. Each purchase includes a maintenance card and an original dust bag, ensuring your investment is well-preserved. Made in Italy, the Versace Medusa Large Canvas Tote Bag is a statement piece for any wardrobe, reflecting the elegance and sophistication of the Versace brand. Colour: Gold. Country of origin: IT. Condition: new with tags.",Gold,,,,,EUR,1381.25,23
AP11069967,AP11069967,8059000387699,,Versace,"Apparel & Accessories > Handbags, Wallets & Cases > Handbags > Womens",https://brandsgateway-img.s3.fr-par.scw.cloud/11069963.jpeg,https://brandsgateway-img.s3.fr-par.scw.cloud/11069964.jpeg,https://brandsgateway-img.s3.fr-par.scw.cloud/11069965.jpeg,OUTOFSTOCK,0,3,en,Versace Black Calf Leather Bos Taurus Shoulder Bag,"Versace Black Calf Leather Bos Taurus Shoulder Bag. The Small Emblème Hobo lambskin Shoulder Bag by Versace features a compact hobo silhouette with a minimalist design. Crafted from smooth lambskin leather, it showcases a single shoulder strap, a curved open-top shape, and the iconic gold-tone Medusa plaque. A refined accessory with a contemporary elegant appeal. Season: AW26 Dimension: 25x20x9 Composition: 100% Calf Leather Bos Taurus Colour: Black. Dimensions: 25 / 20 / 9 (cm). Country of origin: IT. Manufacturer part number: 10261991A17449_1B55J. Condition: new with tags.",Black,,,10261991A17449_1B55J,10261991A17449_1B55J,EUR,1418.75,23
AP11214523,AP11214523,196133940235,,Tory Burch,"Apparel & Accessories > Handbags, Wallets & Cases > Handbags > Womens",https://brandsgateway-img.s3.fr-par.scw.cloud/11214517.jpeg,https://brandsgateway-img.s3.fr-par.scw.cloud/11214519.jpeg,https://brandsgateway-img.s3.fr-par.scw.cloud/11214521.jpeg,INSTOCK,3,0,en,Tory Burch Black Lamb Ovis Aries Shoulder Bag,Tory Burch Black Lamb Ovis Aries Shoulder Bag. The lambskin leather Kira Diamond Shoulder Bag by Tory Burch features an elegant and feminine design. The sliding chain shoulder strap with leather details adds a sophisticated and versatile touch. The all-over padded quilted construction enhances the texture of the style with a refined effect. The front magnetic button closure ensures practicality and security for everyday use. The three-dimensional iconic brand logo plaque on the front and the single internal compartment complete the design with distinctive and functional details. Season: AW26 Dimension: 27.5x19x8 Composition: 100% Lamb Ovis Aries Aries Colour: Black. Dimensions: 27.5 / 19 / 8 (cm). Country of origin: VN. Manufacturer part number: 154704_001. Condition: new with tags.,Black,,,154704_001,154704_001,EUR,756.25,23
AP11166874,AP11166874,3700943983022,,Jacquemus,"Apparel & Accessories > Handbags, Wallets & Cases > Handbags > Womens",https://brandsgateway-img.s3.fr-par.scw.cloud/11166868.jpeg,https://brandsgateway-img.s3.fr-par.scw.cloud/11166869.jpeg,https://brandsgateway-img.s3.fr-par.scw.cloud/11166872.jpeg,OUTOFSTOCK,0,3,en,Jacquemus Bicolor Calf Leather Bos Taurus Shoulder Bag,"Jacquemus Bicolor Calf Leather Bos Taurus Shoulder Bag. The Le Turismo Long Shoulder Bag by Jacquemus features a soft, elongated silhouette crafted from textured leather. The model is designed with double handles and a leather loop that allows the length to be adjusted, complemented by a distinctive knotted detail at the front. A magnetic flap closure opens to a fully cotton-lined interior with a zipped pocket and patch pocket. An embossed logo at the front completes the design. Season: AW26 Dimension: 33×18.5×11.5 Composition: 100% Calf Leather Bos Taurus Colour: Bicolor. Dimensions: 33 / 18.5 / 11.5 (cm). Country of origin: IT. Manufacturer part number: BAW00467AC09A04_560. Condition: new with tags.",Bicolor,,,BAW00467AC09A04_560,BAW00467AC09A04_560,EUR,1206.25,23
AP11169615,AP11169615,3700943983565,,Jacquemus,"Apparel & Accessories > Handbags, Wallets & Cases > Handbags > Womens",https://brandsgateway-img.s3.fr-par.scw.cloud/11169608.jpeg,https://brandsgateway-img.s3.fr-par.scw.cloud/11169610.jpeg,https://brandsgateway-img.s3.fr-par.scw.cloud/11169612.jpeg,OUTOFSTOCK,0,3,en,Jacquemus Red Calf Leather Bos Taurus Handbag,"Jacquemus Red Calf Leather Bos Taurus Handbag. The Le Petit Vanity Handbag by Jacquemus is crafted from leather and features a compact geometric silhouette with a monochrome finish. The model is designed with a short top handle, zip fastening and two geometric-shaped zip pulls that add a distinctive signature detail. A removable shoulder strap allows versatile shoulder or crossbody carrying. Season: AW26 Dimension: 21x14x8 Composition: 100% Calf Leather Bos Taurus Colour: Red. Dimensions: 21 / 14 / 8 (cm). Country of origin: IT. Manufacturer part number: BAW00479AC07A20_470. Condition: new with tags.",Red,,,BAW00479AC07A20_470,BAW00479AC07A20_470,EUR,1206.25,23
AP10993262,AP10993262,8050597814117,,Furla,"Apparel & Accessories > Handbags, Wallets & Cases > Handbags > Womens",https://brandsgateway-img.s3.fr-par.scw.cloud/10993257.jpeg,https://brandsgateway-img.s3.fr-par.scw.cloud/10993259.jpeg,https://brandsgateway-img.s3.fr-par.scw.cloud/10993260.jpeg,INSTOCK,10,3,en,Furla Gray Calfskin Handbag,"Furla Gray Calfskin Handbag. Meet the Furla Poppy M handbag, the epitome of bold sophistication and trendy elegance. Crafted with 100% calfskin leather, this structured dome silhouette showcases exquisite Diamond full-grain leather and Sydney calf leather profiles. The bag is adorned with a sleek gold metal logo, complemented by tubular handles with gold eyelets. Its versatile design includes an adjustable top knot and protective metal feet, making it a chic essential for any fashion-forward ensemble. Color: Gray Material: 100% Calfskin Leather Country of Origin: China Colour: Gray. Country of origin: CN. Manufacturer part number: WB02109BX45734897S. Condition: new with tags.",Gray,,,WB02109BX45734897S,WB02109BX45734897S,EUR,377.50,23
AP11169595,AP11169595,3700943970817,,Jacquemus,"Apparel & Accessories > Handbags, Wallets & Cases > Handbags > Womens",https://brandsgateway-img.s3.fr-par.scw.cloud/11169591.jpeg,https://brandsgateway-img.s3.fr-par.scw.cloud/11169592.jpeg,https://brandsgateway-img.s3.fr-par.scw.cloud/11169593.jpeg,INSTOCK,4,3,en,Jacquemus Bordeaux Calf Leather Bos Taurus Shoulder Bag,"Jacquemus Bordeaux Calf Leather Bos Taurus Shoulder Bag. The Il Turismo Shoulder Bag by Jacquemus is an elegant reinterpretation of the classic bowling bag, crafted from grainy leather. Featuring a two-way zipper closure, it features a large patch pocket on the front, an interior zippered pocket and a refined bow detail that adds a feminine and distinctive touch to the design. Season: AW26 Dimension: 39x21x17 Composition: 100% Calf Leather Bos Taurus Colour: Bordeaux. Dimensions: 39 / 21 / 17 (cm). Country of origin: IT. Manufacturer part number: BAU00417AC03A03_490. Condition: new with tags.",Bordeaux,,,BAU00417AC03A03_490,BAU00417AC03A03_490,EUR,1256.25,23
AP11226886,AP11226886,197865689744,,Tory Burch,"Apparel & Accessories > Handbags, Wallets & Cases > Handbags > Womens",https://brandsgateway-img.s3.fr-par.scw.cloud/11226878.jpeg,https://brandsgateway-img.s3.fr-par.scw.cloud/11226883.jpeg,https://brandsgateway-img.s3.fr-par.scw.cloud/11226884.jpeg,INSTOCK,5,3,en,Tory Burch Black Lambskin Shoulder Bag,"Tory Burch Black Lambskin Shoulder Bag. Elevate your elegance with the TORY BURCH ‘Lee Radziwill Small’ shoulder bag. Crafted from premium black hammered sheepskin leather, it boasts a luxurious structured silhouette enriched by contrasting suede side gussets. The sophistication is highlighted by a gold metal padlock closure and belt detail on the front panel. Its practical interior reveals a gold-foil printed logo with a functional zip pocket. With a top handle and an adjustable shoulder strap, this bag is a true style statement. Material: 100% sheepskin leather Country of origin: Vietnam Color: Black Colour: Black. Country of origin: VN. Manufacturer part number: 176635001. Condition: new with tags.",Black,,,176635001,176635001,EUR,870.00,23
AP10905040,AP10905040,3700943944313,,Jacquemus,"Apparel & Accessories > Handbags, Wallets & Cases > Handbags > Womens",https://brandsgateway-img.s3.fr-par.scw.cloud/10905036.jpeg,https://brandsgateway-img.s3.fr-par.scw.cloud/10905037.jpeg,https://brandsgateway-img.s3.fr-par.scw.cloud/10905038.jpeg,INSTOCK,4,3,en,Jacquemus Brown Cotton Handbag,"Jacquemus Brown Cotton Handbag. Turn heads with the bold flair of the JACQUEMUS Le Petit Turismo bowling handbag. Crafted in Italy with woven suede in a striking chevron pattern, this bag delivers subtle elegance and undeniable style. The embossed front logo and double fixed tubular handles with bow detailing add a sophisticated touch, while the top zip closure and adjustable strap offer versatility. Each leather piece showcases the unique craftsmanship of our skilled artisans, making every bag one of a kind. Color: Brown Material: 100% Fabric (Cotton) Country of Origin: Italy Colour: Brown. Country of origin: IT. Manufacturer part number: 26EBAW00416CC23A03880. Condition: new with tags.",Brown,,,26EBAW00416CC23A03880,26EBAW00416CC23A03880,EUR,1636.25,23
AP10970302,AP10970302,197865774761,,Tory Burch,"Apparel & Accessories > Handbags, Wallets & Cases > Handbags > Womens",https://brandsgateway-img.s3.fr-par.scw.cloud/10970297.jpeg,https://brandsgateway-img.s3.fr-par.scw.cloud/10970298.jpeg,https://brandsgateway-img.s3.fr-par.scw.cloud/10970299.jpeg,INSTOCK,3,3,en,Tory Burch Brown Calfskin Shoulder Bag,"Tory Burch Brown Calfskin Shoulder Bag. Elevate your style with the bold sophistication of the Tory Burch ‘Kira Turnlock’ shoulder bag. Crafted in premium brown calfskin leather, this bag’s structured silhouette is highlighted by its luxurious suede front flap. The iconic turnlock closure with a gold ‘Double T’ logo brings a dash of elegance. Effortlessly transition from day to night with the sliding gold chain shoulder strap. It’s an essential piece for any fashion-forward wardrobe. Material: 100% calfskin leather Country of origin: Vietnam Color: Brown Colour: Brown. Country of origin: VN. Manufacturer part number: 178857200. Condition: new with tags.",Brown,,,178857200,178857200,EUR,616.25,23
AP10890276,AP10890276,8050597597805,,Furla,"Apparel & Accessories > Handbags, Wallets & Cases > Handbags > Womens",https://brandsgateway-img.s3.fr-par.scw.cloud/10890272.jpeg,https://brandsgateway-img.s3.fr-par.scw.cloud/10890273.jpeg,https://brandsgateway-img.s3.fr-par.scw.cloud/10890274.jpeg,OUTOFSTOCK,0,3,en,Furla Black Leather Shoulder Bag,"Furla Black Leather Shoulder Bag. Step into sophistication with the FURLA ‘Meridiana’ shoulder bag, an epitome of timeless elegance. Crafted in pristine black leather, this statement accessory combines luxury with versatility. Its removable chain handle and adjustable strap offer styling options, while the flap closure featuring an interlocking metal logo plate ensures a sleek, secure finish. Elevate any ensemble with this bold, trendy masterpiece that seamlessly transitions from day to night. Color: Black Material: 100% Leather Country of origin: Bulgaria Colour: Black. Country of origin: BG. Manufacturer part number: WB01448BX3227O6000. Condition: new with tags.",Black,,,WB01448BX3227O6000,WB01448BX3227O6000,EUR,486.25,23
AP10763647,AP10763647,197865701514,,Tory Burch,"Apparel & Accessories > Handbags, Wallets & Cases > Handbags > Womens",https://brandsgateway-img.s3.fr-par.scw.cloud/10763638.jpeg,https://brandsgateway-img.s3.fr-par.scw.cloud/10763640.jpeg,https://brandsgateway-img.s3.fr-par.scw.cloud/10763643.jpeg,INSTOCK,3,3,en,Tory Burch Black Calf Leather Bos Taurus Shoulder Bag,"Tory Burch Black Calf Leather Bos Taurus Shoulder Bag. The Charlie large Shoulder Bag by Tory Burch is a spacious design with a modern and elegant aesthetic. Crafted from leather, it features a soft and refined structure. The interior is lined in microfibre with a suede-like finish and includes a zip pocket for better organisation. The magnetic snap closure ensures practicality, while the removable shoulder strap adds versatility. The metal logo on the front completes the design with a distinctive signature. Season: AW26 Dimension: 34×22.1×12.5 Composition: 100% Calf Leather Bos Taurus Colour: Black. Dimensions: 34 / 22.1 / 12.5 (cm). Country of origin: VN. Manufacturer part number: 180727_001. Condition: new with tags.",Black,,,180727_001,180727_001,EUR,718.75,23
AP11214520,AP11214520,196133940259,,Tory Burch,"Apparel & Accessories > Handbags, Wallets & Cases > Handbags > Womens",https://brandsgateway-img.s3.fr-par.scw.cloud/11214514.jpeg,https://brandsgateway-img.s3.fr-par.scw.cloud/11214515.jpeg,https://brandsgateway-img.s3.fr-par.scw.cloud/11214516.jpeg,INSTOCK,3,0,en,Tory Burch Black Lamb Ovis Aries Shoulder Bag,"Tory Burch Black Lamb Ovis Aries Shoulder Bag. The Kira Diamond small lambskin Shoulder Bag by Tory Burch features a sleek and sophisticated design, featuring a sliding chain strap with tassel details that add a touch of sophistication. The all-over padded and quilted design lends a soft, modern look, while the front magnetic button closure offers convenience and security. The three-dimensional plaque with the brand’s iconic logo applied to the front is a distinctive detail. Inside, the bag features a single compartment, ideal for organizing essentials. A perfect accessory to complete a stylish and contemporary look. Season: AW26 Dimension: 22.5×15.5×7 Composition: 100% Lamb Ovis Aries Aries Colour: Black. Dimensions: 22.5 / 15.5 / 7 (cm). Country of origin: VN. Manufacturer part number: 154706_001. Condition: new with tags.",Black,,,154706_001,154706_001,EUR,718.75,23
AP11001657,AP11001657,8050597813448,,Furla,"Apparel & Accessories > Handbags, Wallets & Cases > Handbags > Womens",https://brandsgateway-img.s3.fr-par.scw.cloud/11001643.jpeg,https://brandsgateway-img.s3.fr-par.scw.cloud/11001646.jpeg,https://brandsgateway-img.s3.fr-par.scw.cloud/11001648.jpeg,INSTOCK,5,3,en,Furla Brown Calfskin Handbag,"Furla Brown Calfskin Handbag. Experience luxury with the bold and trendy FURLA Flow M handbag, a masterpiece of form and function. Crafted from fine suede and smooth calf leather in an irresistible deep chocolate hue, this bag is the epitome of elegance. The iconic gold metal buckle flaunts the ‘F’ logo, offering a chic closure to its curved front flap. With a fixed top handle and an adjustable, removable strap, this stunning piece transforms effortlessly for versatile wear. Streamlined yet sophisticated, this bag’s minimal aesthetic is a true celebration of craftsmanship. Material: 100% calfskin leather Country of origin: China Color: Brown Colour: Brown. Country of origin: CN. Manufacturer part number: WB00996BX30453244S. Condition: new with tags.",Brown,,,WB00996BX30453244S,WB00996BX30453244S,EUR,455.00,23
AP11071271,AP11071271,3700943983138,,Jacquemus,"Apparel & Accessories > Handbags, Wallets & Cases > Handbags > Womens",https://brandsgateway-img.s3.fr-par.scw.cloud/11071262.jpeg,https://brandsgateway-img.s3.fr-par.scw.cloud/11071264.jpeg,https://brandsgateway-img.s3.fr-par.scw.cloud/11071266.jpeg,OUTOFSTOCK,0,2,en,Jacquemus White Lamb Leather Clutch Bag,"Jacquemus White Lamb Leather Clutch Bag. Unveil elegance with the ‘Le Sac Rond Carré’ clutch by JACQUEMUS, a bold masterpiece in soft ivory lamb leather. Its structured silhouette is accentuated by the ‘Rond Carré’ gold metal terminals, and a sleek gold metal logo. An adjustable leather strap and flat back pocket add functionality, making it a versatile staple. Embrace a fusion of geometric charm and modern elegance with this distinguished accessory. Material: 100% lamb leather Country of origin: France Color: White Colour: White. Country of origin: FR. Manufacturer part number: 26HBAW00472AC27L14115. Condition: new with tags.",White,,,26HBAW00472AC27L14115,26HBAW00472AC27L14115,EUR,977.50,23
AP10993213,AP10993213,8050597774077,,Furla,"Apparel & Accessories > Handbags, Wallets & Cases > Handbags > Womens",https://brandsgateway-img.s3.fr-par.scw.cloud/10993209.jpeg,https://brandsgateway-img.s3.fr-par.scw.cloud/10993210.jpeg,https://brandsgateway-img.s3.fr-par.scw.cloud/10993211.jpeg,INSTOCK,15,2.5,en,Furla Beige Calfskin Crossbody Bag,"Furla Beige Calfskin Crossbody Bag. Elevate your style game with the chic ‘Furla 1927’ mini crossbody bag. Crafted from plush beige calf leather, this structured accessory is the epitome of bold sophistication. The iconic golden Arco Furla turn lock and versatile chain strap add a trendy, luxe touch. Its neat interior, lined with a contrasting embossed leather plaque, makes it your go-to companion for a trendy and bold statement. A must-have for any fashion-forward wardrobe. Material: 100% calfskin leather Country of origin: Bulgaria Color: Beige Colour: Beige. Country of origin: BG. Manufacturer part number: BAFKACOARE0001257S. Condition: new with tags.",Beige,,,BAFKACOARE0001257S,BAFKACOARE0001257S,EUR,350.00,23
AP10913147,AP10913147,3700943922557,,Jacquemus,"Apparel & Accessories > Handbags, Wallets & Cases > Handbags > Womens",https://brandsgateway-img.s3.fr-par.scw.cloud/10913143.jpeg,https://brandsgateway-img.s3.fr-par.scw.cloud/10913144.jpeg,https://brandsgateway-img.s3.fr-par.scw.cloud/10913145.jpeg,INSTOCK,4,3,en,Jacquemus Brown Raffia Tote Bag,"Jacquemus Brown Raffia Tote Bag. Elevate your style with JACQUEMUS’ ‘Le Grand Turismo Raphia’ bag. This bold and trendy bowling-style shopping bag showcases exquisite raffia braiding, expertly handcrafted by artisans in Madagascar. Its double fixed handle flaunts a chic tone-on-tone bow detail, while a top zip closure keeps essentials secure. Complete with an inner pocket, this bag is a testament to unique craftsmanship. Color: Brown Material: 100% Raffia Country of Origin: France Colour: Brown. Country of origin: FR. Manufacturer part number: 26EBAU00427BW00513830. Condition: new with tags.",Brown,,,26EBAU00427BW00513830,26EBAU00427BW00513830,EUR,1378.75,23
AP10993219,AP10993219,8050597774114,,Furla,"Apparel & Accessories > Handbags, Wallets & Cases > Handbags > Womens",https://brandsgateway-img.s3.fr-par.scw.cloud/10993214.jpeg,https://brandsgateway-img.s3.fr-par.scw.cloud/10993215.jpeg,https://brandsgateway-img.s3.fr-par.scw.cloud/10993216.jpeg,INSTOCK,13,2.5,en,Furla White Calfskin Crossbody Bag,"Furla White Calfskin Crossbody Bag. Discover the epitome of elegance with the Furla 1927 Mini Shoulder Bag. Crafted from premium textured calf leather, this compact masterpiece boasts a structured silhouette that’s bold yet infinitely trendy. The bag shines with a gold metal turn lock embossed with the classic ‘Arco Furla’ logo, while a sophisticated chain shoulder strap adds a touch of luxury. Complete with a back slit pocket and a contrasting leather logo patch, this piece is the ultimate wardrobe elevating accessory. Color: White Material: 100% Calfskin Leather Country of Origin: Bulgaria Colour: White. Country of origin: BG. Manufacturer part number: BAFKACOARE000PNN00. Condition: new with tags.",White,,,BAFKACOARE000PNN00,BAFKACOARE000PNN00,EUR,350.00,23
AP11001670,AP11001670,8050597814063,,Furla,"Apparel & Accessories > Handbags, Wallets & Cases > Handbags > Womens",https://brandsgateway-img.s3.fr-par.scw.cloud/11001660.jpeg,https://brandsgateway-img.s3.fr-par.scw.cloud/11001662.jpeg,https://brandsgateway-img.s3.fr-par.scw.cloud/11001664.jpeg,INSTOCK,14,3,en,Furla Brown Calfskin Handbag,"Furla Brown Calfskin Handbag. Meet sophistication at its finest with the Furla Dora S Tote Bag. A mesmerizing blend of lush suede and smooth calfskin leather in rich dark brown, this tote is perfect for the trendsetting individual who appreciates elegant design and function. Its structured hobo silhouette, adjustable handles with glossy metal buckles, and strategically embossed Furla logo make it irresistibly chic. A timeless classic, this bag guarantees to elevate any wardrobe with its exquisite craftsmanship. Color: Brown Material: 100% Calfskin Leather Country of origin: Cambodia Colour: Brown. Country of origin: KH. Manufacturer part number: WB02099BX40183244S. Condition: new with tags.",Brown,,,WB02099BX40183244S,WB02099BX40183244S,EUR,346.25,23
AP10911670,AP10911670,197865780472,,Tory Burch,"Apparel & Accessories > Handbags, Wallets & Cases > Handbags > Womens",https://brandsgateway-img.s3.fr-par.scw.cloud/10911666.jpeg,https://brandsgateway-img.s3.fr-par.scw.cloud/10911667.jpeg,https://brandsgateway-img.s3.fr-par.scw.cloud/10911668.jpeg,INSTOCK,3,3,en,Tory Burch Blue Lamb Leather Handbag,"Tory Burch Blue Lamb Leather Handbag. Unlock the essence of style with the Tory Burch ‘Romy’ bucket bag. Crafted from luxurious nubuck lamb leather, this bold and trendy accessory is a testament to meticulous craftsmanship. It features an adjustable belt with an engraved logo metal detail and a fixed handle. The magnetic closure opens to reveal a suede lining that ensures your essentials are housed in comfort. Carry it over the shoulder or hand-carry with the adjustable, removable strap for versatile chic. Color: Blue Material: 100% lamb leather Country of origin: Philippines Colour: Blue. Country of origin: PH. Manufacturer part number: 182904401. Condition: new with tags.",Blue,,,182904401,182904401,EUR,497.50,23
AP10926934,AP10926934,197865780618,,Tory Burch,"Apparel & Accessories > Handbags, Wallets & Cases > Handbags > Womens",https://brandsgateway-img.s3.fr-par.scw.cloud/10926930.jpeg,https://brandsgateway-img.s3.fr-par.scw.cloud/10926931.jpeg,https://brandsgateway-img.s3.fr-par.scw.cloud/10926932.jpeg,OUTOFSTOCK,0,2,en,Tory Burch Multicolor Cowhide Clutch Bag,"Tory Burch Multicolor Cowhide Clutch Bag. Step into the realm of luxury with the Tory Burch ‘Fleming’ clutch. This masterpiece, crafted from premium powder-pink nappa leather, boasts a bold diamond-quilted pattern exuding modern elegance. Adorned with silver-tone hardware, it features the iconic ‘Double T’ logo charm on the zipper pull, offering a lavish touch. Versatility at its best, wear it three ways to redefine any look. Elevate your style with this must-have fashion statement. Color: Pink Material: 100% cow leather Country of origin: Indonesia Colour: Multicolor. Country of origin: ID. Manufacturer part number: 182997650. Condition: new with tags.",Multicolor,,,182997650,182997650,EUR,497.50,23
AP11050208,AP11050208,3700943983152,,Jacquemus,"Apparel & Accessories > Handbags, Wallets & Cases > Handbags > Womens",https://brandsgateway-img.s3.fr-par.scw.cloud/11050202.jpeg,https://brandsgateway-img.s3.fr-par.scw.cloud/11050205.jpeg,https://brandsgateway-img.s3.fr-par.scw.cloud/11050206.jpeg,INSTOCK,4,2,en,Jacquemus Black Lamb Ovis Aries Shoulder Bag,"Jacquemus Black Lamb Ovis Aries Shoulder Bag. The Rond Carré leather Shoulder Bag by Jacquemus features an elegant and refined design. Crafted from soft nappa leather, it showcases a top handle, a magnetic fold-over flap closure, and distinctive details such as the gold-plated sphere and cube charm. The style is completed with a back pocket, internal zip and patch pockets, gold-plated logo and hardware, and a cotton-lined interior. Season: AW26 Dimension: 23x16x9 Composition: 100% Lamb Ovis Aries Aries Colour: Black. Dimensions: 23 / 16 / 9 (cm). Country of origin: IT. Manufacturer part number: BAW00472AC27L14_990. Condition: new with tags.",Black,,,BAW00472AC27L14_990,BAW00472AC27L14_990,EUR,1043.75,23
AP11050200,AP11050200,3700943968173,,Jacquemus,"Apparel & Accessories > Handbags, Wallets & Cases > Handbags > Womens",https://brandsgateway-img.s3.fr-par.scw.cloud/11050194.jpeg,https://brandsgateway-img.s3.fr-par.scw.cloud/11050195.jpeg,https://brandsgateway-img.s3.fr-par.scw.cloud/11050197.jpeg,INSTOCK,3,3,en,Jacquemus Brown Calf Leather Bos Taurus Handbag,"Jacquemus Brown Calf Leather Bos Taurus Handbag. The Le Petit Turismo leather Top Handle Bag by Jacquemus combines elegance and functionality in a compact and refined silhouette. Crafted from grained leather, it features an internal pocket to organize everyday essentials, a double zip closure, and an adjustable removable shoulder strap. The bow detail enhances the design with a feminine and distinctive touch. Season: AW26 Dimension: 26x16x11 Composition: 100% Calf Leather Bos Taurus Colour: Brown. Dimensions: 26 / 16 / 11 (cm). Country of origin: IT. Manufacturer part number: BAW00416AC03A03_880. Condition: new with tags.",Brown,,,BAW00416AC03A03_880,BAW00416AC03A03_880,EUR,1043.75,23
AP11046808,AP11046808,197865784807,,Tory Burch,"Apparel & Accessories > Handbags, Wallets & Cases > Handbags > Womens",https://brandsgateway-img.s3.fr-par.scw.cloud/11046804.jpeg,https://brandsgateway-img.s3.fr-par.scw.cloud/11046805.jpeg,https://brandsgateway-img.s3.fr-par.scw.cloud/11046806.jpeg,INSTOCK,3,3,en,Tory Burch Brown Bovine Leather Tote Bag,"Tory Burch Brown Bovine Leather Tote Bag. Unleash sophistication with TORY BURCH’s ‘Romy’ tote bag, a masterpiece of structured elegance. Crafted in luxurious suede and accented with a crocodile print leather strap, this chic accessory is adorned with a dazzling gold metal button, embodying material opulence. Its unlined, cavernous interior is perfect for essentials, featuring a crafted leather zip pocket. Make a bold, trendy statement, elevating everyday looks with sheer functionality and style. Color: Brown Material: 100% bovine leather (Bos Taurus) Country of origin: Philippines Colour: Brown. Country of origin: PH. Manufacturer part number: 186348200. Condition: new with tags.",Brown,,,186348200,186348200,EUR,762.50,23
AP11049643,AP11049643,197865314004,,Tory Burch,"Apparel & Accessories > Handbags, Wallets & Cases > Handbags > Womens",https://brandsgateway-img.s3.fr-par.scw.cloud/11049638.jpeg,https://brandsgateway-img.s3.fr-par.scw.cloud/11049639.jpeg,https://brandsgateway-img.s3.fr-par.scw.cloud/11049640.jpeg,INSTOCK,3,0,en,Tory Burch Black Cowhide Tote Bag,"Tory Burch Black Cowhide Tote Bag. Elevate your ensemble with the Tory Burch Romy tote bag—a perfect blend of everyday elegance and luxury. Crafted from premium black hammered leather, this bag presents a spacious silhouette with integrated top handles for ultimate comfort. The gold logo plate embellishes the slender front strap, while a contrasting interior featuring a zip pocket underscores meticulous craftsmanship. This essential tote marries functionality with sophisticated aesthetics, proving indispensable for every day. Material: 100% cow leather (Bos Taurus) Country of Origin: Philippines Color: Black Colour: Black. Country of origin: PH. Manufacturer part number: 163388001001. Condition: new with tags.",Black,,,163388001001,163388001001,EUR,762.50,23
AP11049697,AP11049697,197865691068,,Tory Burch,"Apparel & Accessories > Handbags, Wallets & Cases > Handbags > Womens",https://brandsgateway-img.s3.fr-par.scw.cloud/11049692.jpeg,https://brandsgateway-img.s3.fr-par.scw.cloud/11049694.jpeg,https://brandsgateway-img.s3.fr-par.scw.cloud/11049695.jpeg,INSTOCK,3,2.5,en,Tory Burch Black Lambskin Handbag,"Tory Burch Black Lambskin Handbag. Meet the Tory Burch Lee Radziwill Petite Double Bag, where geometric elegance meets daily practicality. Crafted from luxurious black hammered sheepskin leather, this bag showcases a sleek silhouette with chic suede side gussets. Its sophisticated gold metal padlock closure provides an eye-catching statement while the adjustable shoulder strap offers versatile wear. Internally, the magnetic closure and hot-stamped logo add a touch of timeless sophistication. Elevate your style with this fashion-forward accessory. Color: Black Material: 100% Sheepskin Country of origin: Vietnam Colour: Black. Country of origin: VN. Manufacturer part number: 178963001. Condition: new with tags.",Black,,,178963001,178963001,EUR,762.50,23
AP11169605,AP11169605,3700943983367,,Jacquemus,"Apparel & Accessories > Handbags, Wallets & Cases > Handbags > Womens",https://brandsgateway-img.s3.fr-par.scw.cloud/11169598.jpeg,https://brandsgateway-img.s3.fr-par.scw.cloud/11169600.jpeg,https://brandsgateway-img.s3.fr-par.scw.cloud/11169601.jpeg,INSTOCK,3,2,en,Jacquemus Black Calf Leather Bos Taurus Clutch Bag,"Jacquemus Black Calf Leather Bos Taurus Clutch Bag. The crocodile-effect Bambino Pouch by Jacquemus features a structured silhouette crafted from embossed crocodile-effect leather. The model is designed with a magnetic tab fastening, engraved carabiner closure and a patch pocket at the back. Stitching details, a signature logo and gold-tone metal finishes complete the design with a distinctive finish. Season: AW26 Dimension: 27x10x5 Composition: 100% Calf Leather Bos Taurus Colour: Black. Dimensions: 27 / 10 / 5 (cm). Country of origin: IT. Manufacturer part number: BAW00477AC07A05_990. Condition: new with tags.",Black,,,BAW00477AC07A05_990,BAW00477AC07A05_990,EUR,956.25,23
AP10897705,AP10897705,3700943673213,,Jacquemus,"Apparel & Accessories > Handbags, Wallets & Cases > Handbags > Womens",https://brandsgateway-img.s3.fr-par.scw.cloud/10897701.jpeg,https://brandsgateway-img.s3.fr-par.scw.cloud/10897702.jpeg,https://brandsgateway-img.s3.fr-par.scw.cloud/10897703.jpeg,INSTOCK,4,3,en,Jacquemus Brown Calfskin Shoulder Bag,"Jacquemus Brown Calfskin Shoulder Bag. Discover the epitome of French elegance with the JACQUEMUS ‘Le Turismo’ shoulder bag. Crafted from exquisite hammered calfskin leather, this chic bowling-style piece features a sophisticated embossed logo and charming bow details on the handles. Its top zip closure ensures your essentials are secure. Each bag is distinct, thanks to the unique natural variations in the leather, making yours truly one-of-a-kind. Color: Brown Material: 100% Calfskin Leather (Bos Taurus) Country of Origin: Italy Colour: Brown. Country of origin: IT. Manufacturer part number: 25EBAU00417AC03A03880. Condition: new with tags.",Brown,,,25EBAU00417AC03A03880,25EBAU00417AC03A03880,EUR,1257.50,23
AP11107651,AP11107651,3700943983039,,Jacquemus,"Apparel & Accessories > Handbags, Wallets & Cases > Handbags > Womens",https://brandsgateway-img.s3.fr-par.scw.cloud/11107642.jpeg,https://brandsgateway-img.s3.fr-par.scw.cloud/11107643.jpeg,https://brandsgateway-img.s3.fr-par.scw.cloud/11107648.jpeg,INSTOCK,4,3,en,Jacquemus Brown Calfskin Shoulder Bag,"Jacquemus Brown Calfskin Shoulder Bag. Elevate your style game with the JACQUEMUS ‘Le Turismo Long’ shoulder bag—an exceptional blend of bold design and trendy aesthetics. This standout piece features an elongated silhouette made from luxurious calfskin leather with a plush suede finish, perfect for turning heads. Its innovative tubular strap elegantly crosses the bag, ending with a chic sculptural knot. A magnetic flap closure and embossed logo add a touch of sophistication, making this accessory a must-have in every fashion-forward closet. Material: 100% Calfskin Leather Country of origin: France Color: Brown Colour: Brown. Country of origin: FR. Manufacturer part number: 26HBAW00467AC09A04855. Condition: new with tags.",Brown,,,26HBAW00467AC09A04855,26HBAW00467AC09A04855,EUR,1206.25,23
AP11135422,AP11135422,3700943982995,,Jacquemus,"Apparel & Accessories > Handbags, Wallets & Cases > Handbags > Womens",https://brandsgateway-img.s3.fr-par.scw.cloud/11135413.jpeg,https://brandsgateway-img.s3.fr-par.scw.cloud/11135417.jpeg,https://brandsgateway-img.s3.fr-par.scw.cloud/11135420.jpeg,INSTOCK,4,3,en,Jacquemus Black Calfskin Handbag,"Jacquemus Black Calfskin Handbag. Elevate your ensemble with the JACQUEMUS Le Turismo Long shoulder bag, an audacious fusion of art and functionality. Flaunting a deconstructed, elongated silhouette crafted from premium hammered calf leather in a sleek black shade, it features double continuous handles ending in a chic knot detail. Its magnetic flap closure opens to a cotton-lined interior, equipped with zip and pouch pockets. The front embossed logo epitomizes luxury, making it the ultimate style statement. Material: 100% calfskin leather Country of origin: Italy Color: Black Colour: Black. Country of origin: IT. Manufacturer part number: 26HBAW00467AC03A03990. Condition: new with tags.",Black,,,26HBAW00467AC03A03990,26HBAW00467AC03A03990,EUR,1206.25,23
AP10993272,AP10993272,8050597838762,,Furla,"Apparel & Accessories > Handbags, Wallets & Cases > Handbags > Womens",https://brandsgateway-img.s3.fr-par.scw.cloud/10993264.jpeg,https://brandsgateway-img.s3.fr-par.scw.cloud/10993265.jpeg,https://brandsgateway-img.s3.fr-par.scw.cloud/10993267.jpeg,INSTOCK,8,3,en,Furla Multicolor Calfskin Handbag,"Furla Multicolor Calfskin Handbag. Step into elegance with the Furla 1927 mini handbag, a striking piece that embodies refined sophistication. Crafted from luxurious calf leather in a delicate antique pink, its structured silhouette is both bold and trendy. This stylish companion boasts a signature gold ‘Arco Furla’ swivel closure, versatile carrying options with its rigid top handle and adjustable strap, along with practical features like a rear slit pocket and protective feet. Experience the blend of aesthetic form and function with this chic Furla creation. Color: Pink Material: 100% Calfskin Leather Country of origin: Bulgaria Colour: Multicolor. Country of origin: BG. Manufacturer part number: WB00109ARE0004898S. Condition: new with tags.",Multicolor,,,WB00109ARE0004898S,WB00109ARE0004898S,EUR,406.25,23
AP10993563,AP10993563,8050597823553,,Furla,"Apparel & Accessories > Handbags, Wallets & Cases > Handbags > Womens",https://brandsgateway-img.s3.fr-par.scw.cloud/10993559.jpeg,https://brandsgateway-img.s3.fr-par.scw.cloud/10993560.jpeg,https://brandsgateway-img.s3.fr-par.scw.cloud/10993561.jpeg,INSTOCK,9,3,en,Furla White Calfskin Tote Bag,"Furla White Calfskin Tote Bag. Revitalize your wardrobe with the bold elegance of the FURLA Ava M tote bag, a masterpiece of craftsmanship. Crafted from fine hammered calf leather in a refined cream shade, its structured silhouette is complemented by gold-finished ‘Arco’ buckle-adjustable handles. Experience versatility with dynamic leather side tie rods and functionality with a top zip closure. Inside, the contrasting burgundy lining and pouch pocket add sophistication, embossed with the FURLA logo. Material: 100% Calfskin Leather Country of origin: China Color: White Colour: White. Country of origin: CN. Manufacturer part number: WB02069BX43294915S. Condition: new with tags.",White,,,WB02069BX43294915S,WB02069BX43294915S,EUR,340.00,23
AP10918010,AP10918010,3700943922533,,Jacquemus,"Apparel & Accessories > Handbags, Wallets & Cases > Handbags > Womens",https://brandsgateway-img.s3.fr-par.scw.cloud/10918006.jpeg,https://brandsgateway-img.s3.fr-par.scw.cloud/10918007.jpeg,https://brandsgateway-img.s3.fr-par.scw.cloud/10918008.jpeg,INSTOCK,4,3,en,Jacquemus Bicolor Raffia Tote Bag,"Jacquemus Bicolor Raffia Tote Bag. Meet “Le Turismo Raphia,” a bold and trendy statement piece from JACQUEMUS. Crafted from 100% raffia, this bowling-style bag features a braided design that seamlessly blends simplicity with elegance. With its chic green hue, double fixed handles, and a stylish bow detail, it’s your go-to for a unique fashion statement. Made by artisans in Madagascar, each bag is a testament to craftsmanship, where natural imperfections highlight its singular character. Color: Green Material: 100% Raffia Country of Origin: Italy Colour: Bicolor. Country of origin: IT. Manufacturer part number: 26EBAU00417BW00513590. Condition: new with tags.",Bicolor,,,26EBAU00417BW00513590,26EBAU00417BW00513590,EUR,1171.25,23
AP10763642,AP10763642,197865692492,,Tory Burch,"Apparel & Accessories > Handbags, Wallets & Cases > Handbags > Womens",https://brandsgateway-img.s3.fr-par.scw.cloud/10763636.jpeg,https://brandsgateway-img.s3.fr-par.scw.cloud/10763637.jpeg,https://brandsgateway-img.s3.fr-par.scw.cloud/10763639.jpeg,INSTOCK,3,3,en,Tory Burch Black Calf Leather Bos Taurus Shoulder Bag,"Tory Burch Black Calf Leather Bos Taurus Shoulder Bag. The Charlie Shoulder Bag by Tory Burch is a modern classic with a simple and elegant design. Crafted from leather, it features a soft structure that balances clean lines and refined, rounded details. The style includes a flap with magnetic closure and a removable shoulder strap for versatility. The interior is organized with a zip pocket and lined in microfibre with a suede-like finish. A protective dust bag is also included. Season: AW26 Dimension: 27.5×17.2×9.7 Composition: 100% Calf Leather Bos Taurus Colour: Black. Dimensions: 27.5 / 17.2 / 9.7 (cm). Country of origin: VN. Manufacturer part number: 180726_001. Condition: new with tags.",Black,,,180726_001,180726_001,EUR,643.75,23
AP10993279,AP10993279,8050597814049,,Furla,"Apparel & Accessories > Handbags, Wallets & Cases > Handbags > Womens",https://brandsgateway-img.s3.fr-par.scw.cloud/10993269.jpeg,https://brandsgateway-img.s3.fr-par.scw.cloud/10993273.jpeg,https://brandsgateway-img.s3.fr-par.scw.cloud/10993276.jpeg,INSTOCK,6,3,en,Furla Gray Calfskin Tote Bag,"Furla Gray Calfskin Tote Bag. Elevate your style with the bold and trendy Furla Ava M tote bag—a masterpiece of everyday elegance. Crafted from luxurious fine-grained calf leather, its chic gray hue exudes sophistication. The adjustable leather handles with iconic gold ‘Arco’ logo buckles and side laces offer versatility in form. A contrasting interior and practical top closure enrich this essential accessory, showcasing Furla’s signature minimalist allure for the modern fashionista. Material: 100% calfskin leather (Bos Taurus) Country of origin: China Color: Gray Colour: Gray. Country of origin: CN. Manufacturer part number: WB02069BX43294916S. Condition: new with tags.",Gray,,,WB02069BX43294916S,WB02069BX43294916S,EUR,340.00,23
AP11005028,AP11005028,8050597813561,,Furla,"Apparel & Accessories > Handbags, Wallets & Cases > Handbags > Womens",https://brandsgateway-img.s3.fr-par.scw.cloud/11005022.jpeg,https://brandsgateway-img.s3.fr-par.scw.cloud/11005023.jpeg,https://brandsgateway-img.s3.fr-par.scw.cloud/11005024.jpeg,INSTOCK,13,3,en,Furla Bicolor Calfskin Shoulder Bag,"Furla Bicolor Calfskin Shoulder Bag. Make a grand entrance wherever you go with the Furla Goccia M shoulder bag. Crafted from a sophisticated blend of smooth calfskin leather and soft suede, it features a sleek, destructured silhouette. The standout adjustable handle and iconic Arco Furla logo detailing in gold make it a timeless piece. Inside, discover the elegant technical fabric lining with a convenient zip pocket. Elevate your style with this chic symbol of minimal aesthetic and luxurious craftsmanship. Material: 100% calfskin leather Country of origin: China Color: Green Colour: Bicolor. Country of origin: CN. Manufacturer part number: WB01499BX31584958S. Condition: new with tags.",Bicolor,,,WB01499BX31584958S,WB01499BX31584958S,EUR,333.75,23
AP11002437,AP11002437,8050597813523,,Furla,"Apparel & Accessories > Handbags, Wallets & Cases > Handbags > Womens",https://brandsgateway-img.s3.fr-par.scw.cloud/11002431.jpeg,https://brandsgateway-img.s3.fr-par.scw.cloud/11002432.jpeg,https://brandsgateway-img.s3.fr-par.scw.cloud/11002433.jpeg,INSTOCK,7,3,en,Furla Brown Calfskin Handbag,"Furla Brown Calfskin Handbag. Unleash your style statement with the bold and trendy Furla Flow Mini Handbag. This masterpiece redefines elegance with its rich chocolate brown hue, crafted from luxe suede complemented by smooth leather details. Featuring the iconic ‘Arco Furla’ buckle in a gold finish, secure your essentials with the sleek magnetic closure. Effortlessly transition styles with its adjustable, removable shoulder strap and durable top handle, making it the ultimate accessory for modern sophistication. Color: Brown Material: 100% Calfskin Leather Country of Origin: China Colour: Brown. Country of origin: CN. Manufacturer part number: WB01032BX30453244S. Condition: new with tags.",Brown,,,WB01032BX30453244S,WB01032BX30453244S,EUR,428.75,23
AP11177376,AP11177376,3700943983558,,Jacquemus,"Apparel & Accessories > Handbags, Wallets & Cases > Handbags > Womens",https://brandsgateway-img.s3.fr-par.scw.cloud/11177370.jpeg,https://brandsgateway-img.s3.fr-par.scw.cloud/11177371.jpeg,https://brandsgateway-img.s3.fr-par.scw.cloud/11177372.jpeg,INSTOCK,3,0,en,Jacquemus Multicolor Calfskin Handbag,"Jacquemus Multicolor Calfskin Handbag. Elevate your accessory game with the “Le Petit Vanity” handbag by Jacquemus. This geometric marvel reimagines luxury through its structured silhouette and striking crocodile-print suede in a delicate pink hue. Detailed with unique ‘Rond Carré’ zip pullers, versatile shoulder strap, and embossed logo, it seamlessly blends sophistication with functionality. Ideal for the fashion-forward individual who values precision in craftsmanship and modern aesthetics. Color: Pink Material: 100% calfskin leather (Bos Taurus) Country of origin: France Colour: Multicolor. Country of origin: FR. Manufacturer part number: 26HBAW00479AC07A09410. Condition: new with tags.",Multicolor,,,26HBAW00479AC07A09410,26HBAW00479AC07A09410,EUR,1171.25,23
AP10993284,AP10993284,8050597741963,,Furla,"Apparel & Accessories > Handbags, Wallets & Cases > Handbags > Womens",https://brandsgateway-img.s3.fr-par.scw.cloud/10993278.jpeg,https://brandsgateway-img.s3.fr-par.scw.cloud/10993280.jpeg,https://brandsgateway-img.s3.fr-par.scw.cloud/10993281.jpeg,INSTOCK,6,3,en,Furla Black Calfskin Tote Bag,"Furla Black Calfskin Tote Bag. Step into sophistication with the Furla Ava M tote, meticulously crafted from luxurious black hammered calf leather. This structured, spacious accessory offers style and versatility with its adjustable handles adorned with gold-finish ‘Arco’ logo buckles. The side leather laces elegantly modulate its volume, while a secure top zip closure keeps essentials safe. A gold metal logo graces the front, adding a touch of glamour to your everyday elegance. Boldly redefine your statement! Material: 100% Calfskin Leather nCountry of Origin: China nColor: Black Colour: Black. Country of origin: CN. Manufacturer part number: WB02069BX43293924S. Condition: new with tags.",Black,,,WB02069BX43293924S,WB02069BX43293924S,EUR,347.50,23
AP11001741,AP11001741,8050597813547,,Furla,"Apparel & Accessories > Handbags, Wallets & Cases > Handbags > Womens",https://brandsgateway-img.s3.fr-par.scw.cloud/11001736.jpeg,https://brandsgateway-img.s3.fr-par.scw.cloud/11001737.jpeg,https://brandsgateway-img.s3.fr-par.scw.cloud/11001738.jpeg,INSTOCK,13,3,en,Furla Brown Calfskin Shoulder Bag,"Furla Brown Calfskin Shoulder Bag. Introducing the ‘Furla Goccia M’ hobo shoulder bag—a masterpiece of bold design and trendy elegance. This structured silhouette is crafted from smooth calfskin leather and soft chocolate suede, embodying a sophisticated material contrast. With a unique front strap closure featuring iconic ‘Arco Furla’ cycling hardware, this bag promises style and practicality. The interior, lined with structured fabric, includes a zip pocket, perfect for the organized fashionista. Elevate your daily wardrobe with this essential accessory. Color: Brown Material: 100% Calfskin Leather Country of Origin: China Colour: Brown. Country of origin: CN. Manufacturer part number: WB01499BX31584286S. Condition: new with tags.",Brown,,,WB01499BX31584286S,WB01499BX31584286S,EUR,341.25,23
AP11108408,AP11108408,3700943970831,,Jacquemus,"Apparel & Accessories > Handbags, Wallets & Cases > Handbags > Womens",https://brandsgateway-img.s3.fr-par.scw.cloud/11108403.jpeg,https://brandsgateway-img.s3.fr-par.scw.cloud/11108404.jpeg,https://brandsgateway-img.s3.fr-par.scw.cloud/11108405.jpeg,INSTOCK,3,0,en,Jacquemus Bordeaux Calfskin Handbag,"Jacquemus Bordeaux Calfskin Handbag. Meet the Jacquemus ‘Le Petit Turismo’ handbag—your next bold statement piece. Crafted from impeccable calf leather with a hammered finish, its rich Bordeaux hue offers unmatched elegance. Far from ordinary, it redefines the bowling-style handbag with double top handles, one adorned with an iconic knot. A silver metal zipper adds contemporary polish, while an adjustable strap provides versatile wear. Elevate your fashion game with this sculptural masterpiece. Color: Bordeaux Material: 100% calfskin leather Country of origin: Italy Colour: Bordeaux. Country of origin: IT. Manufacturer part number: 25EBAW00416AC03A03490. Condition: new with tags.",Bordeaux,,,25EBAW00416AC03A03490,25EBAW00416AC03A03490,EUR,1033.75,23
AP11172839,AP11172839,3700943923158,,Jacquemus,"Apparel & Accessories > Handbags, Wallets & Cases > Handbags > Womens",https://brandsgateway-img.s3.fr-par.scw.cloud/11172835.jpeg,https://brandsgateway-img.s3.fr-par.scw.cloud/11172836.jpeg,https://brandsgateway-img.s3.fr-par.scw.cloud/11172837.jpeg,OUTOFSTOCK,0,3,en,Jacquemus Red Lamb Leather Shoulder Bag,"Jacquemus Red Lamb Leather Shoulder Bag. Elevate your accessory game with the bold and trendy ‘Le Bambino Chaîne’ shoulder bag from JACQUEMUS. This striking bag features a sleek embossed logo, front metal foil detail, and a magnetic flap closure ensuring style meets functionality. The fusion of a silver and gold metal chain with removable leather adds versatility and luxe appeal. Each piece is meticulously crafted from 100% lamb leather, ensuring a one-of-a-kind treasure you’ll cherish. Color: Red Material: 100% lamb leather Country of origin: France Colour: Red. Country of origin: FR. Manufacturer part number: 26EBAW00453AC27L14480. Condition: new with tags.",Red,,,26EBAW00453AC27L14480,26EBAW00453AC27L14480,EUR,1033.75,23
AP11008273,AP11008273,8050597813745,,Furla,"Apparel & Accessories > Handbags, Wallets & Cases > Handbags > Womens",https://brandsgateway-img.s3.fr-par.scw.cloud/11008262.jpeg,https://brandsgateway-img.s3.fr-par.scw.cloud/11008265.jpeg,https://brandsgateway-img.s3.fr-par.scw.cloud/11008270.jpeg,INSTOCK,15,3,en,Furla Bicolor Calfskin Shoulder Bag,"Furla Bicolor Calfskin Shoulder Bag. Get ready to elevate your style with FURLA’s ‘Furla Goccia S’ hobo bag—a masterpiece of bold design and luxury craftsmanship. This hobo bag flaunts a stunning mix of high-quality, smooth forest green calf leather and a complementary tone-on-tone suede, offering an exquisite texture play. The structured yet deconstructed elegance is highlighted by its slender adjustable leather handle and a striking front closure with a cylindrical gilded metal detail, featuring Furla’s iconic ‘Arco Furla’ logo. Color: Green Material: 100% calfskin leather Country of origin: China Colour: Bicolor. Country of origin: CN. Manufacturer part number: WB01979BX31584958S. Condition: new with tags.",Bicolor,,,WB01979BX31584958S,WB01979BX31584958S,EUR,321.25,23
AP11049668,AP11049668,197865779452,,Tory Burch,"Apparel & Accessories > Handbags, Wallets & Cases > Handbags > Womens",https://brandsgateway-img.s3.fr-par.scw.cloud/11049663.jpeg,https://brandsgateway-img.s3.fr-par.scw.cloud/11049664.jpeg,https://brandsgateway-img.s3.fr-par.scw.cloud/11049665.jpeg,INSTOCK,5,2.5,en,Tory Burch Black Cowhide Crossbody Bag,"Tory Burch Black Cowhide Crossbody Bag. Meet your next fashion icon – the Romy Trunk Bag by TORY BURCH, where timeless elegance meets modern design. Made from lustrous black hammered cowhide, this structured beauty dazzles with a chic knotted belt detail and a gold metal logo button. Carry with ease using the double top handles or go hands-free with its adjustable shoulder strap. Inside, find a leather lanyard ending in a golden swivel snap hook. Elevate every ensemble with this luxurious touch! Material: 100% cow leather (Bos Taurus) Country of origin: Vietnam Color: Black Colour: Black. Country of origin: VN. Manufacturer part number: 179990001. Condition: new with tags.",Black,,,179990001,179990001,EUR,666.25,23
AP10918123,AP10918123,197865847977,,Tory Burch,"Apparel & Accessories > Handbags, Wallets & Cases > Handbags > Womens",https://brandsgateway-img.s3.fr-par.scw.cloud/10918119.jpeg,https://brandsgateway-img.s3.fr-par.scw.cloud/10918120.jpeg,https://brandsgateway-img.s3.fr-par.scw.cloud/10918121.jpeg,INSTOCK,3,3,en,Tory Burch Beige Calfskin Shoulder Bag,"Tory Burch Beige Calfskin Shoulder Bag. Step up your accessory game with the TORY BURCH Mini Fleming shoulder bag. Crafted from luxurious 100% calfskin leather, this chic beige hobo bag features diamond-patterned pleats that catch the eye. Its inner magnetic closure and elegant top curl embody sophisticated style. The double handle design and fixed chain woven with leather give it a bold, trendy edge. Complete with a lining and a metal logo pendant, this bag is a statement of refined fashion. Material: 100% Calfskin Leather Country of Origin: Vietnam Color: Beige Colour: Beige. Country of origin: VN. Manufacturer part number: 166066250. Condition: new with tags.",Beige,,,166066250,166066250,EUR,666.25,23
AP11049406,AP11049406,197865784210,,Tory Burch,"Apparel & Accessories > Handbags, Wallets & Cases > Handbags > Womens",https://brandsgateway-img.s3.fr-par.scw.cloud/11049397.jpeg,https://brandsgateway-img.s3.fr-par.scw.cloud/11049401.jpeg,https://brandsgateway-img.s3.fr-par.scw.cloud/11049402.jpeg,INSTOCK,4,2.5,en,Tory Burch Black Lamb Leather Crossbody Bag,"Tory Burch Black Lamb Leather Crossbody Bag. Elevate your style with the bold and trendy Tory Burch ‘Charlie’ vanity case. Crafted from luxurious black lamb leather with a striking crocodile-print finish, this structured east-west design exudes sophistication. The silver metal ‘Double T’ logo adds a touch of iconic flair. Versatile with a leather top handle and detachable chain shoulder strap, it is perfect for any occasion. Unzip style with its geometric aesthetic and sumptuous textures. Color: Black Material: 100% lamb leather Country of origin: Vietnam Colour: Black. Country of origin: VN. Manufacturer part number: 185868001. Condition: new with tags.",Black,,,185868001,185868001,EUR,662.50,23
AP10899063,AP10899063,3700943915931,,Jacquemus,"Apparel & Accessories > Handbags, Wallets & Cases > Handbags > Womens",https://brandsgateway-img.s3.fr-par.scw.cloud/10899059.jpeg,https://brandsgateway-img.s3.fr-par.scw.cloud/10899060.jpeg,https://brandsgateway-img.s3.fr-par.scw.cloud/10899061.jpeg,OUTOFSTOCK,0,3,en,Jacquemus Beige Calfskin Handbag,"Jacquemus Beige Calfskin Handbag. Introducing the “Le Petit Bambola” mini handbag by Jacquemus, a captivating blend of bold design and luxurious craftsmanship. This bucket-style handbag with its crocodile-effect embossed suede and distinctive asymmetric shape is perfect for those who dare to be fashionable. Featuring a standout front metal logo, double fixed handles, a magnetic closure with a maxi metal ring, and a removable shoulder strap, this bag is both chic and versatile. Material: 100% calfskin leather Country of origin: Italy Color: Beige Colour: Beige. Country of origin: IT. Manufacturer part number: 26EBAW00389AC07A17150. Condition: new with tags.",Beige,,,26EBAW00389AC07A17150,26EBAW00389AC07A17150,EUR,1000.00,23
AP11046813,AP11046813,197865779469,,Tory Burch,"Apparel & Accessories > Handbags, Wallets & Cases > Handbags > Womens",https://brandsgateway-img.s3.fr-par.scw.cloud/11046809.jpeg,https://brandsgateway-img.s3.fr-par.scw.cloud/11046810.jpeg,https://brandsgateway-img.s3.fr-par.scw.cloud/11046811.jpeg,INSTOCK,5,3,en,Tory Burch Bicolor Cowhide Handbag,"Tory Burch Bicolor Cowhide Handbag. Discover elegance with the Tory Burch ‘Romy’ top case handbag, a sculpted masterpiece in rich olive green hammered leather. This handbag elevates your ensemble with a knotted belt detail, secured with a sophisticated silver medallion featuring the iconic double T logo. Transition from handheld to shoulder carry with ease using the detachable strap. Inside, a spacious compartment awaits, complete with a stylish swivel hook and zip pocket for your essentials. Elevate your style quotient with this versatile piece. Color: Green Material: 100% Cow Leather (Bos Taurus) Country of Origin: Vietnam Colour: Bicolor. Country of origin: VN. Manufacturer part number: 179990325. Condition: new with tags.",Bicolor,,,179990325,179990325,EUR,638.75,23
AP11049607,AP11049607,197865781202,,Tory Burch,"Apparel & Accessories > Handbags, Wallets & Cases > Handbags > Womens",https://brandsgateway-img.s3.fr-par.scw.cloud/11049603.jpeg,https://brandsgateway-img.s3.fr-par.scw.cloud/11049604.jpeg,https://brandsgateway-img.s3.fr-par.scw.cloud/11049605.jpeg,INSTOCK,5,2.5,en,Tory Burch Brown Bovine Leather Crossbody Bag,"Tory Burch Brown Bovine Leather Crossbody Bag. Unleash your bold fashion statement with the Tory Burch Romy Trunk Bag, where the elegance of soft brown suede meets rich crocodile print leather accents. Its rounded silhouette, adorned with the iconic gold metal double T logo button, offers a luxe tactile contrast. This timeless tote comes with versatile double handles and an elongated shoulder strap, ensuring effortless style. The Romy promises functionality with its well-kept interior, zip pocket, and secure gold-tone swivel snap hook closure. Color: Brown Material: 100% Bovine Leather (Bos Taurus) Country of Origin: Vietnam Colour: Brown. Country of origin: VN. Manufacturer part number: 183363201. Condition: new with tags.",Brown,,,183363201,183363201,EUR,638.75,23
AP10993208,AP10993208,8050597814698,,Furla,"Apparel & Accessories > Handbags, Wallets & Cases > Handbags > Womens",https://brandsgateway-img.s3.fr-par.scw.cloud/10993203.jpeg,https://brandsgateway-img.s3.fr-par.scw.cloud/10993205.jpeg,https://brandsgateway-img.s3.fr-par.scw.cloud/10993206.jpeg,INSTOCK,3,3,en,Furla Bicolor Calfskin Handbag,"Furla Bicolor Calfskin Handbag. Step into the spotlight with Furla’s head-turning ‘Moonlight’ mignon handbag. This bold, trendy piece, crafted from lush, smooth Sydney calf leather, boasts a striking colorblock design. The pièce de résistance? A spherical gold metal magnetic closure adorned with the brand’s engraved logo. Its versatility shines through a single top handle and a removable shoulder strap for multiple styling options. Inside, find luxurious finishing touches that speak volumes of elegant sophistication. Material: 100% calfskin leather nCountry of origin: China nColor: Green Colour: Bicolor. Country of origin: CN. Manufacturer part number: WE00924BX31754958S. Condition: new with tags.",Bicolor,,,WE00924BX31754958S,WE00924BX31754958S,EUR,321.25,23
AP10993174,AP10993174,8050597813684,,Furla,"Apparel & Accessories > Handbags, Wallets & Cases > Handbags > Womens",https://brandsgateway-img.s3.fr-par.scw.cloud/10993167.jpeg,https://brandsgateway-img.s3.fr-par.scw.cloud/10993168.jpeg,https://brandsgateway-img.s3.fr-par.scw.cloud/10993171.jpeg,INSTOCK,8,3,en,Furla Bicolor Calfskin Tote Bag,"Furla Bicolor Calfskin Tote Bag. Step into luxury with the Furla Goccia S tote bag, an epitome of timeless elegance rendered in premium hammered calf leather. The alluring deep teal hue complements the smooth leather accents, creating a striking visual contrast. Its structured silhouette, enhanced by flared sides and double top handles, embodies sophistication. The iconic gold metal ‘Arco Furla’ closure adds a sculptural flair. Complete with adjustable straps, versatility is at your fingertips—style it your way. Color: Green Material: 100% calfskin leather Country of origin: China Technical fabric lining Inside zip pocket Protective metal feet Colour: Bicolor. Country of origin: CN. Manufacturer part number: WB01789BX33534907S. Condition: new with tags.",Bicolor,,,WB01789BX33534907S,WB01789BX33534907S,EUR,315.00,23
AP10986018,AP10986018,3700943982322,,Jacquemus,"Apparel & Accessories > Handbags, Wallets & Cases > Handbags > Womens",https://brandsgateway-img.s3.fr-par.scw.cloud/10986012.jpeg,https://brandsgateway-img.s3.fr-par.scw.cloud/10986013.jpeg,https://brandsgateway-img.s3.fr-par.scw.cloud/10986014.jpeg,INSTOCK,6,3,en,Jacquemus Multicolor Cowhide Handbag,"Jacquemus Multicolor Cowhide Handbag. Step up your style game with JACQUEMUS’s ‘Le Bambino’ handbag, a bold statement piece crafted for the modern trendsetter. This structured trapezoidal silhouette is made from premium cowhide leather, featuring a sophisticated textured finish in a radiant light yellow. The fixed top handle and magnetic closure create a sleek profile, while the adjustable shoulder strap adds versatility. Finished with a striking silver metal logo and practical features like a flat rear pocket, this bag blends geometric finesse with French craftsmanship. Material: 100% cow leather (Bos Taurus) Country of origin: France Color: Yellow Colour: Multicolor. Country of origin: FR. Manufacturer part number: 26HBAW00006AC45C01755. Condition: new with tags.",Multicolor,,,26HBAW00006AC45C01755,26HBAW00006AC45C01755,EUR,720.00,23
AP11182612,AP11182612,8050560599980,,Furla,"Apparel & Accessories > Handbags, Wallets & Cases > Handbags > Womens",https://brandsgateway-img.s3.fr-par.scw.cloud/11182608.jpeg,https://brandsgateway-img.s3.fr-par.scw.cloud/11182609.jpeg,https://brandsgateway-img.s3.fr-par.scw.cloud/11182610.jpeg,INSTOCK,12,2.5,en,Furla Black Leather Crossbody Bag,"Furla Black Leather Crossbody Bag. Introducing the Furla 1927 Mini Shoulder Bag—a bold and trendy addition to your collection. Crafted from luxurious 100% textured leather, this bag boasts elegance with its sophisticated flap closure and signature Arco logo swivel. The sliding chain strap with leather protector ensures comfort and style, making it perfect for any occasion. Whether you’re heading to dinner or a night out, this little black bag has all the versatility and flair you’ll need. Color: Black Material: 100% Leather Country of Origin: Bulgaria Colour: Black. Country of origin: BG. Manufacturer part number: BAFKACOARE000O6000. Condition: new with tags.",Black,,,BAFKACOARE000O6000,BAFKACOARE000O6000,EUR,377.50,23
AP10784097,AP10784097,197865457565,,Tory Burch,"Apparel & Accessories > Handbags, Wallets & Cases > Handbags > Womens",https://brandsgateway-img.s3.fr-par.scw.cloud/10784092.jpeg,https://brandsgateway-img.s3.fr-par.scw.cloud/10784093.jpeg,https://brandsgateway-img.s3.fr-par.scw.cloud/10784094.jpeg,OUTOFSTOCK,0,3,en,Tory Burch Black Calf Leather Bos Taurus Handbag,"Tory Burch Black Calf Leather Bos Taurus Handbag. The Perry Handbag by Tory Burch combines practicality and elegance in a versatile design created for everyday use. Featuring a functional magnetic closure, it includes a convenient inner pouch for organizing essential items. The handles and the removable adjustable strap provide different carrying options, completing a modern and refined accessory. Season: AW26 Dimension: 22x22x10 Composition: 100% Calf Leather Bos Taurus Colour: Black. Dimensions: 22 / 22 / 10 (cm). Country of origin: CA. Manufacturer part number: 174234_001. Condition: new with tags.",Black,,,174234_001,174234_001,EUR,481.25,23
AP11002471,AP11002471,8050597813769,,Furla,"Apparel & Accessories > Handbags, Wallets & Cases > Handbags > Womens",https://brandsgateway-img.s3.fr-par.scw.cloud/11002450.jpeg,https://brandsgateway-img.s3.fr-par.scw.cloud/11002460.jpeg,https://brandsgateway-img.s3.fr-par.scw.cloud/11002463.jpeg,INSTOCK,10,3,en,Furla Brown Calfskin Shoulder Bag,"Furla Brown Calfskin Shoulder Bag. Elevate your everyday elegance with the bold and trendy Furla Goccia S shoulder bag. Masterfully crafted from the finest smooth calfskin leather, it features a rich dark brown hue complemented by a soft suede panel. Its standout front closure with gold-finish cylindrical hardware, emblazoned with the ‘Arco Furla’ logo, is both functional and stylish. With an adjustable handle and a well-organized interior, it seamlessly blends luxury with practicality. Color: Brown Material: 100% calfskin leather Country of origin: China Colour: Brown. Country of origin: CN. Manufacturer part number: WB01979BX31584286S. Condition: new with tags.",Brown,,,WB01979BX31584286S,WB01979BX31584286S,EUR,327.50,23
AP11005331,AP11005331,197865784357,,Tory Burch,"Apparel & Accessories > Handbags, Wallets & Cases > Handbags > Womens",https://brandsgateway-img.s3.fr-par.scw.cloud/11005322.jpeg,https://brandsgateway-img.s3.fr-par.scw.cloud/11005326.jpeg,https://brandsgateway-img.s3.fr-par.scw.cloud/11005328.jpeg,INSTOCK,3,2.5,en,Tory Burch White Cowhide Crossbody Bag,"Tory Burch White Cowhide Crossbody Bag. Elevate your style game with the bold and trendy Tory Burch Vanity Case ‘Charlie’ crossbody bag! Made from luxurious cream cowhide, it flaunts a distinguished and structured silhouette with diamond quilted texture. The bag features dual carrying options — a chic top handle and a detachable chain shoulder strap. Its interior, lined in contrast fabric, is a masterpiece of design, offering practicality with internal card compartments. The signature T logo pullers in silver metal add a touch of sophistication. Color: White Material: 100% cow leather Country of origin: Vietnam Lining: Fabric Closure: Bidirectional zip around Strap: Detachable chain shoulder strap Handles: Top handle Internal Feature: Card compartments Colour: White. Country of origin: VN. Manufacturer part number: 186038250. Condition: new with tags.",White,,,186038250,186038250,EUR,623.75,23
AP11111164,AP11111164,3667567050069,,Jacquemus,"Apparel & Accessories > Handbags, Wallets & Cases > Handbags > Womens",https://brandsgateway-img.s3.fr-par.scw.cloud/11111156.jpeg,https://brandsgateway-img.s3.fr-par.scw.cloud/11111159.jpeg,https://brandsgateway-img.s3.fr-par.scw.cloud/11111160.jpeg,INSTOCK,8,3,en,Jacquemus Brown Calfskin Handbag,"Jacquemus Brown Calfskin Handbag. Elevate your style boldly with the JACQUEMUS ‘Le Grand Bambino’ handbag. This standout piece boasts a meticulously structured silhouette and is crafted from rich dark brown suede. The padded top handle and a chic front flap with a discreet magnetic closure enhance its elegance, while the adaptable shoulder strap offers versatile wear options. Gold metal hardware exudes luxe, featuring swivel carabiners and a signature logo for that high-fashion edge. Perfect for the trendsetter with a taste for timeless pieces. Material: 100% calfskin leather (Bos Taurus) Country of origin: Italy Color: Brown Colour: Brown. Country of origin: IT. Manufacturer part number: 24HBAW00007AC09A04855. Condition: new with tags.",Brown,,,24HBAW00007AC09A04855,24HBAW00007AC09A04855,EUR,887.50,23
AP10893390,AP10893390,3700943659422,,Jacquemus,"Apparel & Accessories > Handbags, Wallets & Cases > Handbags > Womens",https://brandsgateway-img.s3.fr-par.scw.cloud/10893386.jpeg,https://brandsgateway-img.s3.fr-par.scw.cloud/10893387.jpeg,https://brandsgateway-img.s3.fr-par.scw.cloud/10893388.jpeg,OUTOFSTOCK,0,3,en,Jacquemus Red Calfskin Shoulder Bag,"Jacquemus Red Calfskin Shoulder Bag. Elevate your style with the bold elegance of the JACQUEMUS ‘Le Bambino Long’ shoulder bag. Crafted from 100% calfskin leather, this trend-setting accessory boasts a sleek, magnetic flap closure and a classy front metal logo embellishment. Its adjustable handle offers versatile wear, while the back pocket adds a practical touch. Note that its unique leather might exhibit subtle imperfections, adding to its natural charm—truly a must-have for the contemporary fashionista. Material: 100% calfskin leather Country of origin: Italy Color: Red Colour: Red. Country of origin: IT. Manufacturer part number: 23HBAW00013AC18A01470. Condition: new with tags.",Red,,,23HBAW00013AC18A01470,23HBAW00013AC18A01470,EUR,913.75,23
AP10993158,AP10993158,8050597813622,,Furla,"Apparel & Accessories > Handbags, Wallets & Cases > Handbags > Womens",https://brandsgateway-img.s3.fr-par.scw.cloud/10993147.jpeg,https://brandsgateway-img.s3.fr-par.scw.cloud/10993150.jpeg,https://brandsgateway-img.s3.fr-par.scw.cloud/10993156.jpeg,INSTOCK,12,3,en,Furla Beige Calfskin Shoulder Bag,"Furla Beige Calfskin Shoulder Bag. Step into the spotlight with the Furla Goccia S, a shoulder bag that marries elegance with edge. Expertly crafted in luxurious beige calfskin leather, this crescent-shaped accessory is the epitome of modern sophistication. The iconic gold metal ‘Arco Furla’ closure adds a flash of glamour, while the adjustable handle ensures a perfect fit. Its interior, made of structured fabric, boasts a leather label with the ‘FURLA SINCE 1927’ logo embossment—an ode to the brand’s legacy. Color: Beige Material: 100% Calfskin Leather Country of Origin: China Colour: Beige. Country of origin: CN. Manufacturer part number: WB01500BX33534903S. Condition: new with tags.",Beige,,,WB01500BX33534903S,WB01500BX33534903S,EUR,308.75,23
AP10993163,AP10993163,8050597813615,,Furla,"Apparel & Accessories > Handbags, Wallets & Cases > Handbags > Womens",https://brandsgateway-img.s3.fr-par.scw.cloud/10993159.jpeg,https://brandsgateway-img.s3.fr-par.scw.cloud/10993160.jpeg,https://brandsgateway-img.s3.fr-par.scw.cloud/10993161.jpeg,INSTOCK,9,3,en,Furla Bicolor Calfskin Shoulder Bag,"Furla Bicolor Calfskin Shoulder Bag. Elevate your accessory game with the Furla Goccia S shoulder bag, a timeless piece that flawlessly blends luxury with everyday functionality. Crafted from exquisite Night fine-grained calf leather and accented with smooth Sydney calf leather, this striking green hobo silhouette is complete with the iconic ‘Arco Furla’ gold metal logo. Its adjustable handle and top zip closure ensure both style and convenience, making it the go-to choice for the modern trendsetter. Color: Green Material: 100% Calfskin Leather Country of origin: China Colour: Bicolor. Country of origin: CN. Manufacturer part number: WB01500BX33534899S. Condition: new with tags.",Bicolor,,,WB01500BX33534899S,WB01500BX33534899S,EUR,308.75,23
AP10825089,AP10825089,197865692454,,Tory Burch,"Apparel & Accessories > Handbags, Wallets & Cases > Handbags > Womens",https://brandsgateway-img.s3.fr-par.scw.cloud/10825083.jpeg,https://brandsgateway-img.s3.fr-par.scw.cloud/10825084.jpeg,https://brandsgateway-img.s3.fr-par.scw.cloud/10825085.jpeg,INSTOCK,6,3,en,Tory Burch Black Calf Leather Bos Taurus Shoulder Bag,"Tory Burch Black Calf Leather Bos Taurus Shoulder Bag. The small Charlie Shoulder Bag by Tory Burch is a compact and versatile model with a modern and feminine design. The soft structure is balanced with tailored edges and elegant rounded details, while the front logo adds a distinctive touch. Featuring a magnetic closure, removable shoulder strap, and an internal zip pocket, it combines practicality and style in a single accessory. Season: AW26 Dimension: 22.6x13x8.2 Composition: 100% Calf Leather Bos Taurus Colour: Black. Dimensions: 22.6 / 13 / 8.2 (cm). Country of origin: VN. Manufacturer part number: 180725_001. Condition: new with tags.",Black,,,180725_001,180725_001,EUR,568.75,23
AP11050079,AP11050079,197865781196,,Tory Burch,"Apparel & Accessories > Handbags, Wallets & Cases > Handbags > Womens",https://brandsgateway-img.s3.fr-par.scw.cloud/11050074.jpeg,https://brandsgateway-img.s3.fr-par.scw.cloud/11050075.jpeg,https://brandsgateway-img.s3.fr-par.scw.cloud/11050076.jpeg,INSTOCK,5,3,en,Tory Burch Brown Suede Leather Handbag,"Tory Burch Brown Suede Leather Handbag. The Small Romy suede Top Handle Bag by Tory Burch features a structured and refined design. Crafted from suede, it showcases a mini barrel silhouette with structured top handles, a top zip closure, and a removable shoulder strap for versatile styling. The interior includes a zip pocket, while refined-tone metal hardware adds an elegant finishing touch. Season: AW26 Dimension: 24×14.5×9 Composition: 100% Suede Colour: Brown. Dimensions: 24 / 14.5 / 9 (cm). Country of origin: VN. Manufacturer part number: 183362_201. Condition: new with tags.",Brown,,,183362_201,183362_201,EUR,568.75,23
AP10993170,AP10993170,8050597820835,,Furla,"Apparel & Accessories > Handbags, Wallets & Cases > Handbags > Womens",https://brandsgateway-img.s3.fr-par.scw.cloud/10993164.jpeg,https://brandsgateway-img.s3.fr-par.scw.cloud/10993165.jpeg,https://brandsgateway-img.s3.fr-par.scw.cloud/10993166.jpeg,INSTOCK,12,3,en,Furla Brown Calfskin Tote Bag,"Furla Brown Calfskin Tote Bag. Experience bold luxury with the Furla Goccia S tote bag, a true testament to superior craftsmanship. This dark brown beauty masterfully combines hammered and smooth calf leather, featuring elegant double top handles that transform into structured vertical panels for a chic silhouette. With a distinctive gold metal ‘Arco Furla’ closure, it’s as secure as it is stylish. Versatility shines with an adjustable, removable strap, making it an essential, trend-setting accessory. Color: Brown Material: 100% Calfskin Leather Country of Origin: China Colour: Brown. Country of origin: CN. Manufacturer part number: WB01789BX33532460S. Condition: new with tags.",Brown,,,WB01789BX33532460S,WB01789BX33532460S,EUR,321.25,23
AP10991420,AP10991420,8050597812441,,Furla,"Apparel & Accessories > Handbags, Wallets & Cases > Handbags > Womens",https://brandsgateway-img.s3.fr-par.scw.cloud/10991415.jpeg,https://brandsgateway-img.s3.fr-par.scw.cloud/10991417.jpeg,https://brandsgateway-img.s3.fr-par.scw.cloud/10991418.jpeg,INSTOCK,5,2.5,en,Furla White Calfskin Crossbody Bag,"Furla White Calfskin Crossbody Bag. Elevate your style with the bold and trendy ‘Furla Iride S’ crossbody bag. Crafted from textured calf leather, this bag exudes structured, contemporary elegance. Its compact silhouette flaunts a refined cream hue, highlighted by a striking gold metal snap closure featuring the ‘Arco Furla’ logo. Designed for versatility, it boasts an adjustable, removable shoulder strap alongside a practical inside zip pocket. Make this sophisticated accessory the centerpiece of your collection today. Material: 100% calfskin leather (Bos Taurus) Country of origin: China Color: White Colour: White. Country of origin: CN. Manufacturer part number: WB02206ARE0004901S. Condition: new with tags.",White,,,WB02206ARE0004901S,WB02206ARE0004901S,EUR,308.75,23
AP11050085,AP11050085,197865834380,,Tory Burch,"Apparel & Accessories > Handbags, Wallets & Cases > Handbags > Womens",https://brandsgateway-img.s3.fr-par.scw.cloud/11050078.jpeg,https://brandsgateway-img.s3.fr-par.scw.cloud/11050080.jpeg,https://brandsgateway-img.s3.fr-par.scw.cloud/11050081.jpeg,INSTOCK,3,3,en,Tory Burch Beige Suede Leather Shoulder Bag,"Tory Burch Beige Suede Leather Shoulder Bag. The Romy suede crescent Shoulder Bag by Tory Burch features a soft and refined design. Crafted from leather, it showcases a rounded crescent silhouette with a curved top line, a single shoulder strap, and a secure top zip closure. Decorative stitching enhances the clean structure, creating a versatile and functional accessory for everyday looks. Season: AW26 Dimension: 18.2x14x9.5 Composition: 100% Suede Colour: Beige. Dimensions: 18.2 / 14 / 9.5 (cm). Country of origin: VN. Manufacturer part number: 185086_250. Condition: new with tags.",Beige,,,185086_250,185086_250,EUR,568.75,23
AP11050091,AP11050091,197865784081,,Tory Burch,"Apparel & Accessories > Handbags, Wallets & Cases > Handbags > Womens",https://brandsgateway-img.s3.fr-par.scw.cloud/11050082.jpeg,https://brandsgateway-img.s3.fr-par.scw.cloud/11050084.jpeg,https://brandsgateway-img.s3.fr-par.scw.cloud/11050087.jpeg,INSTOCK,3,3,en,Tory Burch Beige Suede Leather Shoulder Bag,"Tory Burch Beige Suede Leather Shoulder Bag. The Romy suede Shoulder Bag by Tory Burch features an elegant and refined soft silhouette. Crafted from suede, it showcases a monochrome design with a top zip closure, an adjustable shoulder strap, and a single compartment for everyday functionality. The crocodile-effect handle and wide shoulder strap complete the style with a sophisticated and distinctive touch. Season: AW26 Dimension: 33x22x10 Composition: 100% Suede Colour: Beige. Dimensions: 33 / 22 / 10 (cm). Country of origin: PH. Manufacturer part number: 185816_250. Condition: new with tags.",Beige,,,185816_250,185816_250,EUR,568.75,23
AP11106019,AP11106019,3700943659811,,Jacquemus,"Apparel & Accessories > Handbags, Wallets & Cases > Handbags > Womens",https://brandsgateway-img.s3.fr-par.scw.cloud/11106015.jpeg,https://brandsgateway-img.s3.fr-par.scw.cloud/11106016.jpeg,https://brandsgateway-img.s3.fr-par.scw.cloud/11106017.jpeg,INSTOCK,4,2,en,Jacquemus Black Lamb Leather Clutch Bag,"Jacquemus Black Lamb Leather Clutch Bag. Introducing the chic ‘La Petite Pochette Rond Carré’ clutch by JACQUEMUS, crafted for those who dare to be bold. Exquisitely sculpted from luxurious 100% lamb leather, this bag radiates sophistication with its sleek black finish. A statement metal ball and cube detail adorns the design, while the elegant front metal lettering logo makes an irresistible mark. With its folded magnetic closure and detachable chain shoulder strap, it’s your perfect companion for evenings that demand flair. Material: 100% Lamb Leather Country of Origin: Italy Color: Black Colour: Black. Country of origin: IT. Manufacturer part number: 24EBAW00392AC27L14990. Condition: new with tags.",Black,,,24EBAW00392AC27L14990,24EBAW00392AC27L14990,EUR,861.25,23
AP10911763,AP10911763,197865317258,,Tory Burch,"Apparel & Accessories > Handbags, Wallets & Cases > Handbags > Womens",https://brandsgateway-img.s3.fr-par.scw.cloud/10911758.jpeg,https://brandsgateway-img.s3.fr-par.scw.cloud/10911759.jpeg,https://brandsgateway-img.s3.fr-par.scw.cloud/10911760.jpeg,INSTOCK,3,3,en,Tory Burch Black Cowhide Handbag,"Tory Burch Black Cowhide Handbag. Elevate your style quotient with the TORY BURCH ‘Romy Small’ handbag, a symbol of refined elegance. Crafted from luxurious fine hammered leather, this bag exudes sophistication and timeless beauty. It features an adjustable belt with a striking metal detail showcasing the engraved logo, ensuring you stand out in every crowd. Equipped with a double fixed handle, magnetic closure, suede lining, and a versatile adjustable and removable shoulder strap, it’s the perfect fusion of style and functionality. Color: Black Material: 100% cow leather (Bos Taurus) Country of origin: Philippines Colour: Black. Country of origin: PH. Manufacturer part number: 164866001. Condition: new with tags.",Black,,,164866001,164866001,EUR,605.00,23
AP10763651,AP10763651,197865695103,,Tory Burch,"Apparel & Accessories > Handbags, Wallets & Cases > Handbags > Womens",https://brandsgateway-img.s3.fr-par.scw.cloud/10763644.jpeg,https://brandsgateway-img.s3.fr-par.scw.cloud/10763645.jpeg,https://brandsgateway-img.s3.fr-par.scw.cloud/10763648.jpeg,OUTOFSTOCK,0,3,en,Tory Burch Beige Leather Shoulder Bag,"Tory Burch Beige Leather Shoulder Bag. The Charlie Mini suede Shoulder Bag by Tory Burch is a compact version with an elegant and modern design. Crafted from brushed Italian suede with a nappa finish, it combines softness and refinement. It features a magnetic closure and an internal zip pocket for practical organisation. The interior is lined in microfibre with a suede-like finish, and a protective dust bag is included. Season: AW26 Dimension: 22.6x13x8.2 Composition: 100% Chamois Leather Colour: Beige. Dimensions: 22.6 / 13 / 8.2 (cm). Country of origin: VN. Manufacturer part number: 183225_200. Condition: new with tags.",Beige,,,183225_200,183225_200,EUR,568.75,23
AP11050067,AP11050067,197865837107,,Tory Burch,"Apparel & Accessories > Handbags, Wallets & Cases > Handbags > Womens",https://brandsgateway-img.s3.fr-par.scw.cloud/11050063.jpeg,https://brandsgateway-img.s3.fr-par.scw.cloud/11050064.jpeg,https://brandsgateway-img.s3.fr-par.scw.cloud/11050065.jpeg,OUTOFSTOCK,0,0,en,Tory Burch Beige Suede Leather Backet Bag,"Tory Burch Beige Suede Leather Backet Bag. The Romy suede Bucket Bag by Tory Burch is a versatile accessory with a soft and refined design. Crafted from suede with crocodile-print leather details, it features a softly gathered silhouette, magnetic button closure, and snap-button strap. The style is completed with a top handle, an adjustable and removable shoulder strap, and an internal pocket for practical everyday use Season: AW26 Dimension: 22×21.5×9.5 Composition: 100% Suede Colour: Beige. Dimensions: 22 / 21.5 / 9.5 (cm). Country of origin: PH. Manufacturer part number: 169275_250. Condition: new with tags.",Beige,,,169275_250,169275_250,EUR,568.75,23
AP11237762,AP11237762,197865909668,,Tory Burch,"Apparel & Accessories > Handbags, Wallets & Cases > Handbags > Womens",https://brandsgateway-img.s3.fr-par.scw.cloud/11237758.jpeg,https://brandsgateway-img.s3.fr-par.scw.cloud/11237759.jpeg,https://brandsgateway-img.s3.fr-par.scw.cloud/11237760.jpeg,OUTOFSTOCK,0,0,en,Tory Burch Brown Calf Leather Bos Taurus Handbag,"Tory Burch Brown Calf Leather Bos Taurus Handbag. The Grained leather Perry Tote Bag by Tory Burch features two top handles for convenient and versatile carrying. Inside features a zippered laptop pocket, enhanced by a removable small pocket that closes with snap buttons, allowing for a balanced division in the center of the bag. The brand’s iconic press-stamped monogram stands out on the front, while metal feet at the base protect the bag from wear and dirt. A functional and sophisticated accessory, perfect for those seeking style and practicality. Season: AW26 Dimension: 37.8x28x13.4 Composition: 100% Calf Leather Bos Taurus Colour: Brown. Dimensions: 37.8 / 28 / 13.4 (cm). Country of origin: KH. Manufacturer part number: 169476_203. Condition: new with tags.",Brown,,,169476_203,169476_203,EUR,568.75,23
AP10993275,AP10993275,8050597814131,,Furla,"Apparel & Accessories > Handbags, Wallets & Cases > Handbags > Womens",https://brandsgateway-img.s3.fr-par.scw.cloud/10993266.jpeg,https://brandsgateway-img.s3.fr-par.scw.cloud/10993268.jpeg,https://brandsgateway-img.s3.fr-par.scw.cloud/10993271.jpeg,INSTOCK,9,3,en,Furla Black Calfskin Handbag,"Furla Black Calfskin Handbag. Step into the spotlight with the bold and trendy Furla Poppy M handbag. Crafted from luxurious diamond full-grain leather, this bag boasts a structured dome silhouette and tubular handles threaded through gold metal eyelets. Its sophisticated look is accentuated by an iconic front metal logo and gold metal accentuated top knot. With a reliable top zip closure and a practical inner zip pocket, it’s your go-to piece for any stylish adventure. Elevate your accessory game today! Color: Black Material: 100% Calfskin Leather Country of origin: China Colour: Black. Country of origin: CN. Manufacturer part number: WB02109BX4573O6000. Condition: new with tags.",Black,,,WB02109BX4573O6000,WB02109BX4573O6000,EUR,433.75,23
AP11174953,AP11174953,197865691051,,Tory Burch,"Apparel & Accessories > Handbags, Wallets & Cases > Handbags > Womens",https://brandsgateway-img.s3.fr-par.scw.cloud/11174949.jpeg,https://brandsgateway-img.s3.fr-par.scw.cloud/11174950.jpeg,https://brandsgateway-img.s3.fr-par.scw.cloud/11174951.jpeg,INSTOCK,3,3,en,Tory Burch Multicolor Cowhide Handbag,"Tory Burch Multicolor Cowhide Handbag. Step into elegance with the Tory Burch Romy Slim hammered leather handbag, a true testament to style and functionality. Crafted from 100% premium cow leather, this chic accessory features a sleek microfiber lining with suede-effect fabric details. Adorned with a front embossed logo, it offers both a fixed handle and an adjustable, removable shoulder strap for versatile wear. Its zip closure ensures your essentials are secure, perfect for the bold, trendsetting woman. Color: Pink Material: 100% Cow Leather Country of Origin: Vietnam Colour: Multicolor. Country of origin: VN. Manufacturer part number: 178948650. Condition: new with tags.",Multicolor,,,178948650,178948650,EUR,415.00,23
AP10956127,AP10956127,8050597546384,,Furla,"Apparel & Accessories > Handbags, Wallets & Cases > Handbags > Womens",https://brandsgateway-img.s3.fr-par.scw.cloud/10956123.jpeg,https://brandsgateway-img.s3.fr-par.scw.cloud/10956124.jpeg,https://brandsgateway-img.s3.fr-par.scw.cloud/10956125.jpeg,INSTOCK,11,3,en,Furla Brown Calfskin Shoulder Bag,"Furla Brown Calfskin Shoulder Bag. Step up your accessory game with Furla’s bold and trendy ‘Furla Goccia’ shoulder bag. Crafted from 100% calfskin leather, this bag marries hammered and smooth textures for a luxe finish. It features a stylish zip closure adorned with cylindrical hardware and the iconic Arco logo. The adjustable handle offers personalized comfort while the rich brown color adds a timeless touch to any ensemble. A must-have for the fashion-forward individual. Material: 100% calfskin leather Country of origin: Cambodia Color: Brown Colour: Brown. Country of origin: KH. Manufacturer part number: WB01500BX33532460S. Condition: new with tags.",Brown,,,WB01500BX33532460S,WB01500BX33532460S,EUR,315.00,23
AP11108417,AP11108417,3700943982414,,Jacquemus,"Apparel & Accessories > Handbags, Wallets & Cases > Handbags > Womens",https://brandsgateway-img.s3.fr-par.scw.cloud/11108413.jpeg,https://brandsgateway-img.s3.fr-par.scw.cloud/11108414.jpeg,https://brandsgateway-img.s3.fr-par.scw.cloud/11108415.jpeg,OUTOFSTOCK,0,3,en,Jacquemus Bordeaux Calfskin Shoulder Bag,"Jacquemus Bordeaux Calfskin Shoulder Bag. Meet the ‘Le Bisou Perle’ by JACQUEMUS – an avant-garde shoulder bag that perfectly embodies geometric elegance. Crafted from exquisite Bordeaux calf leather with a striking crocodile print and glossy finish, this bag is a show-stopper. Sporting two bold golden spheres on its adjustable strap, a chic side metal ring, and a gold metal logo, it’s fashion-forward and functional with a top zip closure unveiling a canvas-lined interior. Color: Bordeaux Material: 100% Calfskin Leather Country of origin: France Colour: Bordeaux. Country of origin: FR. Manufacturer part number: 26HBAW00057AC07A20495. Condition: new with tags.",Bordeaux,,,26HBAW00057AC07A20495,26HBAW00057AC07A20495,EUR,827.50,23
AP10763210,AP10763210,197865626954,,Tory Burch,"Apparel & Accessories > Handbags, Wallets & Cases > Handbags > Womens",https://brandsgateway-img.s3.fr-par.scw.cloud/10763204.jpeg,https://brandsgateway-img.s3.fr-par.scw.cloud/10763205.jpeg,https://brandsgateway-img.s3.fr-par.scw.cloud/10763207.jpeg,INSTOCK,8,3,en,Tory Burch Black Calf Leather Bos Taurus Shoulder Bag,"Tory Burch Black Calf Leather Bos Taurus Shoulder Bag. The Romy Mini Bucket Bag by Tory Burch is a compact design with a modern and essential aesthetic. Crafted from grained leather, it features an elegant and durable texture. The interior is lined in microfibre with a suede-like finish and includes a pocket for better organisation. The magnetic snap closure, along with the strap with snap button fastening, ensures practicality and security. The adjustable and removable strap allows for versatile carry options, either by hand or over the shoulder. Season: AW26 Dimension: 16×15.5×7.5 Composition: 100% Calf Leather Bos Taurus Colour: Black. Dimensions: 16 / 15.5 / 7.5 (cm). Country of origin: KH. Manufacturer part number: 179988_001. Condition: new with tags.",Black,,,179988_001,179988_001,EUR,468.75,23
AP11019784,AP11019784,8050597813912,,Furla,"Apparel & Accessories > Handbags, Wallets & Cases > Handbags > Womens",https://brandsgateway-img.s3.fr-par.scw.cloud/11019773.jpeg,https://brandsgateway-img.s3.fr-par.scw.cloud/11019774.jpeg,https://brandsgateway-img.s3.fr-par.scw.cloud/11019776.jpeg,INSTOCK,9,3,en,Furla Brown Calfskin Tote Bag,"Furla Brown Calfskin Tote Bag. Elevate your everyday style with the bold Furla Dora M tote bag. This statement piece redefines geometry through its luxurious mix of textures. A soft brown suede front is framed by sleek calfskin leather, creating a flared silhouette that’s as trendy as it is functional. Featuring adjustable flat handles with gold-finished buckles, a magnetic closure, and chic interior details, this essential accessory enhances any wardrobe with timeless flair and capacity. Color: Brown Material: 100% calfskin leather Country of origin: Cambodia Colour: Brown. Country of origin: KH. Manufacturer part number: WB02012BX40183244S. Condition: new with tags.",Brown,,,WB02012BX40183244S,WB02012BX40183244S,EUR,427.50,23
AP10993234,AP10993234,8050597814643,,Furla,"Apparel & Accessories > Handbags, Wallets & Cases > Handbags > Womens",https://brandsgateway-img.s3.fr-par.scw.cloud/10993228.jpeg,https://brandsgateway-img.s3.fr-par.scw.cloud/10993230.jpeg,https://brandsgateway-img.s3.fr-par.scw.cloud/10993231.jpeg,INSTOCK,7,3,en,Furla Black Calfskin Handbag,"Furla Black Calfskin Handbag. Introducing the exquisite Furla Moonlight handbag, crafted from premium hammered calf leather in a stylish black hue. This bold and trendy piece boasts a signature gold metal ball closure engraved with the Furla logo, adding an opulent touch. A single top handle offers chic hand-carrying, while the adjustable, removable shoulder strap ensures versatile styling. Inside, find a fabric-lined compartment complete with a practical inner pocket—luxury meets functionality. Material: 100% calfskin leather nCountry of origin: China nColor: Black Colour: Black. Country of origin: CN. Manufacturer part number: WE00921BX3036O6000. Condition: new with tags.",Black,,,WE00921BX3036O6000,WE00921BX3036O6000,EUR,315.00,23
AP11001753,AP11001753,8050597814315,,Furla,"Apparel & Accessories > Handbags, Wallets & Cases > Handbags > Womens",https://brandsgateway-img.s3.fr-par.scw.cloud/11001740.jpeg,https://brandsgateway-img.s3.fr-par.scw.cloud/11001742.jpeg,https://brandsgateway-img.s3.fr-par.scw.cloud/11001744.jpeg,INSTOCK,4,3,en,Furla Brown Calfskin Shoulder Bag,"Furla Brown Calfskin Shoulder Bag. Embrace everyday elegance with the ‘Furla Debby’ shoulder bag – a bold accessory for the modern trendsetter. This refined piece, crafted from high-quality dark brown suede, flaunts smooth leather accents and an adjustable strap for versatile style. Distinguished by its top zip closure with a chic double puller, the bag showcases a cylindrical gold metal detail with the iconic ‘Arco Furla’ logo. The lateral attachment rings enhance both functionality and style in this exquisite creation. Material: 100% calfskin leather (Bos Taurus) Country of origin: Cambodia Color: Brown Colour: Brown. Country of origin: KH. Manufacturer part number: WE00865BX40184286S. Condition: new with tags.",Brown,,,WE00865BX40184286S,WE00865BX40184286S,EUR,315.00,23
AP11047384,AP11047384,197865563372,,Tory Burch,"Apparel & Accessories > Handbags, Wallets & Cases > Handbags > Womens",https://brandsgateway-img.s3.fr-par.scw.cloud/11047380.jpeg,https://brandsgateway-img.s3.fr-par.scw.cloud/11047381.jpeg,https://brandsgateway-img.s3.fr-par.scw.cloud/11047382.jpeg,INSTOCK,3,3,en,Tory Burch Black Calf Leather Bos Taurus Shoulder Bag,"Tory Burch Black Calf Leather Bos Taurus Shoulder Bag. The Small Romy pebbled leather Shoulder Bag by Tory Burch is an everyday accessory featuring a soft yet structured design. Crafted from pebbled leather, it showcases a sculptural silhouette, a wide adjustable shoulder strap with a signature logo button detail, and a zip closure. The microfiber lining with a suede-like finish includes an internal zip pocket, providing practical space for everyday essentials. A lightweight and versatile style, perfect for any occasion. Season: AW26 Dimension: 23x14x7.8 Composition: 100% Calf Leather Bos Taurus Colour: Black. Dimensions: 23 / 14 / 7.8 (cm). Country of origin: PH. Manufacturer part number: 176674_001. Condition: new with tags.",Black,,,176674_001,176674_001,EUR,468.75,23
AP10993229,AP10993229,8050597814636,,Furla,"Apparel & Accessories > Handbags, Wallets & Cases > Handbags > Womens",https://brandsgateway-img.s3.fr-par.scw.cloud/10993221.jpeg,https://brandsgateway-img.s3.fr-par.scw.cloud/10993223.jpeg,https://brandsgateway-img.s3.fr-par.scw.cloud/10993225.jpeg,INSTOCK,3,3,en,Furla Red Calfskin Handbag,"Furla Red Calfskin Handbag. Step into the world of bold sophistication with the ‘Furla Moonlight’ mignon handbag. Crafted by Furla, this handbag is a statement in everyday elegance with its deep burgundy hue and hammered calf leather. The front flap is elegantly adorned with a magnetic closure, featuring a spherical golden detail, engraved with the brand’s logo. A versatile accessory with a top handle and adjustable shoulder strap, it transitions seamlessly from day to night, promising both style and functionality. Material: 100% calfskin leather (Bos Taurus) Country of origin: China Color: Red Colour: Red. Country of origin: CN. Manufacturer part number: WE00921BX30364895S. Condition: new with tags.",Red,,,WE00921BX30364895S,WE00921BX30364895S,EUR,315.00,23
AP11001752,AP11001752,8050597812465,,Furla,"Apparel & Accessories > Handbags, Wallets & Cases > Handbags > Womens",https://brandsgateway-img.s3.fr-par.scw.cloud/11001743.jpeg,https://brandsgateway-img.s3.fr-par.scw.cloud/11001745.jpeg,https://brandsgateway-img.s3.fr-par.scw.cloud/11001746.jpeg,INSTOCK,9,2.5,en,Furla Brown Calfskin Crossbody Bag,"Furla Brown Calfskin Crossbody Bag. Unleash your bold style with the FURLA Iride S crossbody bag, crafted from luxurious dark brown suede and enriched with smooth leather profiles. This stunningly structured bag, detailed with golden-finish metal studs and a sculptural magnetic closure with an ‘Arco Furla’ logo, is the epitome of timeless sophistication. The adjustable leather shoulder strap offers versatile wear, perfect for any chic ensemble. The interior lining, featuring a gold hot-stamped ‘FURLA SINCE 1927’ label, underscores its exquisite craftsmanship. Color: Brown Material: 95% calfskin leather, 5% brass Country of origin: China Colour: Brown. Country of origin: CN. Manufacturer part number: WB02206BX45973244S. Condition: new with tags.",Brown,,,WB02206BX45973244S,WB02206BX45973244S,EUR,420.00,23
AP10574058,AP10574058,197865047124,,Tory Burch,"Apparel & Accessories > Handbags, Wallets & Cases > Handbags > Womens",https://brandsgateway-img.s3.fr-par.scw.cloud/10788914.jpeg,https://brandsgateway-img.s3.fr-par.scw.cloud/10788916.jpeg,https://brandsgateway-img.s3.fr-par.scw.cloud/10788917.jpeg,INSTOCK,7,0,en,Tory Burch Patent Emerson Small Bucket Bag Purse,"Tory Burch Tory Burch Patent Emerson Small Bucket Bag Purse. Elevate your accessory collection with the Tory Burch Patent Emerson Small Bucket Bag Purse, a sleek and stylish addition that embodies modern elegance. Crafted from high-quality patent leather in a charming pink hue, this is more than just a bag; it is a statement piece that complements a variety of occasions, from business meetings to evening soirées. The innovative design features a secure snap closure, providing easy access while ensuring the safety of your essentials. With its gold-tone hardware, this bag exudes a luxurious appeal, making it suitable for both casual outings and formal events. The interior slip pocket offers practical organization, helping you keep your belongings neatly arranged. Measuring 8” in length, 8” in height, and 3” in depth, this small bucket bag is the perfect size for carrying your daily necessities without feeling bulky. The top handle style allows for comfortable carrying, while the fabric lining ensures durability and quality. The Tory Burch Emerson Small Bucket Bag is designed exclusively for women who appreciate luxury and practicality, making it ideal for various settings including travel, work, and weddings. With its sophisticated design and fashionable flair, this bag is sure to become your go-to accessory for years to come. Embrace sophisticated style and enhance your wardrobe with this exquisite handbag. Colour: Gold. Country of origin: IT. Condition: new with tags.",Gold,,,,,EUR,357.50,23
AP11049617,AP11049617,197865778479,,Tory Burch,"Apparel & Accessories > Handbags, Wallets & Cases > Handbags > Womens",https://brandsgateway-img.s3.fr-par.scw.cloud/11049613.jpeg,https://brandsgateway-img.s3.fr-par.scw.cloud/11049614.jpeg,https://brandsgateway-img.s3.fr-par.scw.cloud/11049615.jpeg,INSTOCK,5,2.5,en,Tory Burch Bicolor Cowhide Crossbody Bag,"Tory Burch Bicolor Cowhide Crossbody Bag. Elevate your style with the bold and refined Tory Burch Romy bucket bag, crafted from exquisite hammered leather in a stunning olive green. Its soft, curled silhouette is distinctively defined by a sleek front strap featuring the iconic Double T logo on a silver metal stud. The fixed top handle and versatile adjustable, removable shoulder strap offer you endless styling possibilities. Experience everyday elegance with a touch of contemporary sophistication. Material: 100% cow leather (Bos Taurus) Country of origin: Philippines Color: Green Colour: Bicolor. Country of origin: PH. Manufacturer part number: 166982325. Condition: new with tags.",Bicolor,,,166982325,166982325,EUR,562.50,23
AP10993195,AP10993195,8050597814629,,Furla,"Apparel & Accessories > Handbags, Wallets & Cases > Handbags > Womens",https://brandsgateway-img.s3.fr-par.scw.cloud/10993188.jpeg,https://brandsgateway-img.s3.fr-par.scw.cloud/10993190.jpeg,https://brandsgateway-img.s3.fr-par.scw.cloud/10993191.jpeg,INSTOCK,5,3,en,Furla Multicolor Calfskin Handbag,"Furla Multicolor Calfskin Handbag. Unleash your fashion prowess with the Furla Poppy mini handbag, a masterpiece of luxury craftsmanship that radiates elegance and trendsetting style. Crafted from exquisite Diamond full-grain calfskin leather, this structured accessory in a stunning pastel yellow is a must-have. Featuring dual tubular handles, a versatile shoulder strap, and gold metal logo accents, it is designed for those who dare to make a statement without saying a word. Revolutionize your ensemble with a timeless classic. Color: Pastel Yellow Material: 100% Calfskin Leather Country of Origin: China Colour: Multicolor. Country of origin: CN. Manufacturer part number: WE00915BX4573DFM00. Condition: new with tags.",Multicolor,,,WE00915BX4573DFM00,WE00915BX4573DFM00,EUR,296.25,23
AP10993198,AP10993198,8050597814612,,Furla,"Apparel & Accessories > Handbags, Wallets & Cases > Handbags > Womens",https://brandsgateway-img.s3.fr-par.scw.cloud/10993192.jpeg,https://brandsgateway-img.s3.fr-par.scw.cloud/10993194.jpeg,https://brandsgateway-img.s3.fr-par.scw.cloud/10993196.jpeg,INSTOCK,3,3,en,Furla White Calfskin Handbag,"Furla White Calfskin Handbag. Make a statement with the Furla Poppy S handbag, a bold and trendy accessory for the modern fashionista. This bag shines with its structured dome silhouette crafted from exquisite full-grain Diamond calf leather in a chic cream white. Featuring double tubular handles with unique knot details and a gold metal logo, it exudes sophistication. The versatility of an adjustable, removable shoulder strap and top zip closure adds practical elegance to this already stunning piece. Material: 100% calfskin leather Country of origin: China Color: White Colour: White. Country of origin: CN. Manufacturer part number: WE00915BX4573PNN00. Condition: new with tags.",White,,,WE00915BX4573PNN00,WE00915BX4573PNN00,EUR,296.25,23
AP10993189,AP10993189,8050597814582,,Furla,"Apparel & Accessories > Handbags, Wallets & Cases > Handbags > Womens",https://brandsgateway-img.s3.fr-par.scw.cloud/10993183.jpeg,https://brandsgateway-img.s3.fr-par.scw.cloud/10993185.jpeg,https://brandsgateway-img.s3.fr-par.scw.cloud/10993186.jpeg,INSTOCK,12,3,en,Furla Gray Calfskin Handbag,"Furla Gray Calfskin Handbag. Step into the spotlight with Furla’s Poppy S handbag, a masterpiece in craftsmanship and style. Crafted from luxurious full-grain Diamond calfskin leather in a sophisticated gray shade, this structured dome silhouette is the essence of elegance and functionality. With double tubular handles and a detachable shoulder strap, it’s designed for the modern woman on the go. The top zip closure and gold-finished accents elevate its minimal aesthetic for a bold, trendy look. Color: Gray Material: 100% Calfskin Leather Country of Origin: China Colour: Gray. Country of origin: CN. Manufacturer part number: WE00915BX45734897S. Condition: new with tags.",Gray,,,WE00915BX45734897S,WE00915BX45734897S,EUR,302.50,23
AP11108427,AP11108427,3667567050052,,Jacquemus,"Apparel & Accessories > Handbags, Wallets & Cases > Handbags > Womens",https://brandsgateway-img.s3.fr-par.scw.cloud/11108423.jpeg,https://brandsgateway-img.s3.fr-par.scw.cloud/11108424.jpeg,https://brandsgateway-img.s3.fr-par.scw.cloud/11108425.jpeg,INSTOCK,9,3,en,Jacquemus Brown Calfskin Handbag,"Jacquemus Brown Calfskin Handbag. Step into the spotlight with the bold and trendy Jacquemus ‘Le Bambino’ handbag. Crafted in Italy from 100% calfskin leather, this chocolate-brown suede marvel exudes geometric elegance. Its structured silhouette boasts a padded top handle and a removable shoulder strap with swivel carabiners for versatile styling. The magnetic front flap closure features a striking goldmetal logo plate that elevates the design’s chic allure. Make a statement with this sartorial masterpiece that’s both tactile and sophisticated. Color: Brown Material: 100% calfskin leather Country of origin: Italy Colour: Brown. Country of origin: IT. Manufacturer part number: 24HBAW00006AC09A04855. Condition: new with tags.",Brown,,,24HBAW00006AC09A04855,24HBAW00006AC09A04855,EUR,715.00,23
AP3772165,AP3772165,8053672820966,,Dolce & Gabbana,Apparel & Accessories > Clothing Accessories > Sunglasses > Womens,https://brandsgateway-img.s3.fr-par.scw.cloud/3772414.jpg,https://brandsgateway-img.s3.fr-par.scw.cloud/3772391.jpg,https://brandsgateway-img.s3.fr-par.scw.cloud/3772392.jpg,INSTOCK,7,0.5,en,Dolce & Gabbana Black Gold Sequin Butterfly Polarized DG4326 Sunglasses,"Dolce & Gabbana Black Gold Sequin Butterfly Polarized DG4326 Sunglasses. DOLCE & GABBANA Gorgeous brand new, 100% Authentic Dolce & Gabbana Black gold sequin DG4326 butterfly polarized sunglasses, acetate frame with gray lens offering 100% UVA/B protection. Model: DG4326 Color: Black, gold Embellishment: Gold sequined Gender: Women Material: 100% Acetate Lenses: Gray, polarized, 100% UV protection Material: 100% Acetate. Colour: Black. Country of origin: IT. Condition: new with tags.",Black,,1,,,EUR,442.50,23
AP4088252,AP4088252,8059226565543,,Dolce & Gabbana,Apparel & Accessories > Clothing Accessories > Sunglasses > Womens,https://brandsgateway-img.s3.fr-par.scw.cloud/4088258.jpg,https://brandsgateway-img.s3.fr-par.scw.cloud/4088259.jpg,https://brandsgateway-img.s3.fr-par.scw.cloud/4088260.jpg,INSTOCK,12,0.5,en,Dolce & Gabbana Pink Gold Rose Sequin Embroidery DG2202 Sunglasses,"Dolce & Gabbana Pink Gold Rose Sequin Embroidery DG2202 Sunglasses. DOLCE & GABBANA Gorgeous brand new, 100% Authentic Dolce & Gabbana Special edition DG2202 rose sequin embroidery sunglasses, metal frame with bordeaux lens offering 100% UVA/B protection. Model: DG2202 Color: Pink, Gold Gender: Women Material: 100% Metal Lenses: Bordeaux, 100% UV protection Made in Italy Material: 100% Metal. Colour: Pink. Country of origin: IT. Condition: new with tags.",Pink,,1,,,EUR,480.00,23
AP10822866,AP10822866,197737245115,,Dsquared²,Apparel & Accessories > Clothing Accessories > Sunglasses > Womens,https://brandsgateway-img.s3.fr-par.scw.cloud/10822862.jpeg,https://brandsgateway-img.s3.fr-par.scw.cloud/10822863.jpeg,https://brandsgateway-img.s3.fr-par.scw.cloud/10822864.jpeg,INSTOCK,3,1,en,Dsquared² Multicolor Acetate Sunglasses,Dsquared² Multicolor Acetate Sunglasses. Gender Women Lenses Material Plastic Main color Multicolor Frame color Multicolor Frame material Acetate Rim Style Full-Rim Lenses Color Brown Lenses Effect Gradient Lenses width 52 Size 52-22-135 Lenses Height 46 Bridge width 22 Frame width 145 Temples Length 135 Protection UV400 Spring hinge No Extra No extra Style Cat Eye Filter Category Three Colour: Multicolor. Country of origin: CN. Manufacturer part number: D2 0207/S 52086HA. Condition: new with tags.,Multicolor,,1,D2 0207/S 52086HA,D2 0207/S 52086HA,EUR,263.75,23
AP4088219,AP4088219,8058301889550,,Dolce & Gabbana,Apparel & Accessories > Clothing Accessories > Sunglasses > Womens,https://brandsgateway-img.s3.fr-par.scw.cloud/4088221.jpg,https://brandsgateway-img.s3.fr-par.scw.cloud/4088222.jpg,https://brandsgateway-img.s3.fr-par.scw.cloud/4088223.jpg,INSTOCK,8,0.5,en,Dolce & Gabbana Gold Oval Metal Crystals Shades DG2209B Sunglasses,"Dolce & Gabbana Gold Oval Metal Crystals Shades DG2209B Sunglasses. Dolce & Gabbana Gorgeous brand new, 100% Authentic Dolce & Gabbana DG2209B sunglasses in oval-shaped metal embellished with colored crystals. Model: DG2209B Colour: Gold Gender: Women Material: 100% Metal Lenses: Yellow, 100% UV protection Made in Italy Material: 100% Metal. Colour: Gold. Country of origin: IT. Condition: new with tags.",Gold,,1,,,EUR,730.00,23
AP8262389,AP8262389,8053672733303,,Dolce & Gabbana,Apparel & Accessories > Clothing Accessories > Sunglasses > Womens,https://brandsgateway-img.s3.fr-par.scw.cloud/8262726.jpeg,https://brandsgateway-img.s3.fr-par.scw.cloud/8262727.jpeg,https://brandsgateway-img.s3.fr-par.scw.cloud/8262728.jpeg,OUTOFSTOCK,0,0.5,en,Dolce & Gabbana Brown Acetate Round Leopard Print Eyewear Sunglasses,"Dolce & Gabbana Brown Acetate Round Leopard Print Eyewear Sunglasses. DOLCE & GABBANA Gorgeous brand new, 100% Authentic Dolce & Gabbana sunglasses crafted from rich brown acetate in a chic round silhouette.Featuring a striking leopard print pattern, this eyewear combines playful sophistication. Model: DG4306 Color: Brown Gender: Women Material: 100% Acetate Lenses: Gray, 100% UV protection Made in Italy Material: 100% Acetate. Colour: Brown. Country of origin: IT. Condition: new with tags.",Brown,,1,,,EUR,237.50,23
AP1422567,AP1422567,190605094037,,Police,Apparel & Accessories > Clothing Accessories > Sunglasses > Womens,https://brandsgateway-img.s3.fr-par.scw.cloud/4601224.jpg,https://brandsgateway-img.s3.fr-par.scw.cloud/4601227.jpg,https://brandsgateway-img.s3.fr-par.scw.cloud/4601230.jpg,INSTOCK,5,1,en,Police Blue Metal & Plastic Sunglasses,Police Blue Metal & Plastic Sunglasses. Gender Women Main color Blue Extra No extra Frame color Blue Frame material Metal & Plastic Lenses Color Blue Lenses Material Plastic Filter Category Two Style Butterfly Lenses Effect Gradient Protection UV400 Size 54-19-140 Lenses width 54 Lenses Height 49 Bridge width 19 Frame width 145 Temples Length 140 Shipment includes Branded case Spring hinge No Rim Style Full-Rim Colour: Blue. Country of origin: CN. Manufacturer part number: PL739 548FFB. Condition: new with tags.,Blue,,1,PL739 548FFB,PL739 548FFB,EUR,173.75,23
AP1422592,AP1422592,190605044322,,Police,Apparel & Accessories > Clothing Accessories > Sunglasses > Womens,https://brandsgateway-img.s3.fr-par.scw.cloud/4601311.jpg,https://brandsgateway-img.s3.fr-par.scw.cloud/4601313.jpg,https://brandsgateway-img.s3.fr-par.scw.cloud/4601315.jpg,INSTOCK,4,1,en,Police Gold Metal & Plastic Sunglasses,Police Gold Metal & Plastic Sunglasses. Gender Women Main color Gold Extra No extra Frame color Gold Frame material Metal & Plastic Lenses Color Rose Lenses Material Plastic Filter Category Two Style Panto Lenses Effect Gradient Protection UV400 Size 53-19-140 Lenses width 53 Lenses Height 49 Bridge width 19 Frame width 150 Temples Length 140 Shipment includes Branded case Spring hinge No Rim Style Full-Rim Colour: Gold. Country of origin: CN. Manufacturer part number: PL622 5308FF. Condition: new with tags.,Gold,,1,PL622 5308FF,PL622 5308FF,EUR,173.75,23
AP1422572,AP1422572,190605177631,,Police,Apparel & Accessories > Clothing Accessories > Sunglasses > Womens,https://brandsgateway-img.s3.fr-par.scw.cloud/4601249.jpg,https://brandsgateway-img.s3.fr-par.scw.cloud/4601251.jpg,https://brandsgateway-img.s3.fr-par.scw.cloud/4601254.jpg,OUTOFSTOCK,0,1,en,Police Gold Metal Sunglasses,Police Gold Metal Sunglasses. Gender Women Main color Gold Extra No extra Frame color Gold Frame material Metal Lenses Color Gold Lenses Material Plastic Filter Category Three Style Cat Eye Lenses Effect Mirrored Protection UV400 Size 63-14-135 Lenses width 63 Lenses Height 47 Bridge width 14 Frame width 130 Temples Length 135 Shipment includes Branded case Spring hinge No Rim Style Full-Rim Colour: Gold. Country of origin: CN. Manufacturer part number: PL939 63594G. Condition: new with tags.,Gold,,1,PL939 63594G,PL939 63594G,EUR,173.75,23
AP10315627,AP10315627,190605009567,,Police,Apparel & Accessories > Clothing Accessories > Sunglasses > Womens,https://brandsgateway-img.s3.fr-par.scw.cloud/10315622.jpeg,https://brandsgateway-img.s3.fr-par.scw.cloud/10315624.jpeg,https://brandsgateway-img.s3.fr-par.scw.cloud/10315625.jpeg,INSTOCK,37,1,en,Police Brown Metal & Plastic Sunglasses,Police Brown Metal & Plastic Sunglasses. Gender Women Main color Brown Frame color Brown Frame material Metal & Plastic Lenses Color Blue Lenses Material Plastic Filter Category Three Style Butterfly Lenses Effect Patterned Protection UV400 Size 55-14-140 Lenses width 55 Lenses Height 48 Bridge width 14 Frame width 141 Temples Length 140 Shipment includes Branded case Spring hinge No Extra No extra Rim Style Full-Rim Colour: Brown. Country of origin: CN. Manufacturer part number: SPL404E556XKL. Condition: new with tags.,Brown,,1,SPL404E556XKL,SPL404E556XKL,EUR,173.75,23
AP11224528,AP11224528,889214393951,,Guess,Apparel & Accessories > Clothing Accessories > Sunglasses > Womens,https://brandsgateway-img.s3.fr-par.scw.cloud/11224525.jpeg,https://brandsgateway-img.s3.fr-par.scw.cloud/11224526.jpeg,https://brandsgateway-img.s3.fr-par.scw.cloud/11224527.jpeg,INSTOCK,5,0.5,en,Guess Black Acetate Sunglasses,Guess Black Acetate Sunglasses. Gender Women Main color Black Frame color Black Frame material Acetate Rim Style Full-Rim Lenses Color Purple Lenses Material Plastic Lenses Effect Gradient Lenses width 54 Size 54-21-140 Lenses Height 54 Bridge width 21 Frame width 145 Temples Length 140 Filter Category Two Protection UV400 Spring hinge No Extra No extra Style Round Colour: Black. Country of origin: CN. Manufacturer part number: GU7874 5401B. Condition: new with tags.,Black,,1,GU7874 5401B,GU7874 5401B,EUR,170.00,23
AP9942299,AP9942299,190605532225,,Police,Apparel & Accessories > Clothing Accessories > Sunglasses > Womens,https://brandsgateway-img.s3.fr-par.scw.cloud/10644496.jpeg,https://brandsgateway-img.s3.fr-par.scw.cloud/10644497.jpeg,https://brandsgateway-img.s3.fr-par.scw.cloud/10644499.jpeg,INSTOCK,3,1,en,Police Black Plastic Sunglasses,Police Black Plastic Sunglasses. Gender Women Shipment includes Branded case Main color Black Frame color Black Frame material Plastic Rim Style Full-Rim Lenses Color Grey Lenses Material Plastic Lenses width 56 Size 56-16-140 Lenses Height 49 Bridge width 16 Frame width 145 Temples Length 140 Filter Category Three Protection UV400 Spring hinge No Extra No extra Style Cat Eye Lenses Effect Gradient Colour: Black. Country of origin: CN. Manufacturer part number: SPLN59 560Z42. Condition: new with tags.,Black,,1,SPLN59 560Z42,SPLN59 560Z42,EUR,182.50,23
AP9944121,AP9944121,190605549926,,Police,Apparel & Accessories > Clothing Accessories > Sunglasses > Womens,https://brandsgateway-img.s3.fr-par.scw.cloud/10644489.jpeg,https://brandsgateway-img.s3.fr-par.scw.cloud/10644491.jpeg,https://brandsgateway-img.s3.fr-par.scw.cloud/10644492.jpeg,INSTOCK,3,1,en,Police Brown Plastic Sunglasses,Police Brown Plastic Sunglasses. Gender Women Shipment includes Branded case Main color Brown Frame color Brown Frame material Plastic Rim Style Full-Rim Lenses Color Brown Lenses Material Plastic Lenses width 56 Size 56-16-140 Lenses Height 50 Bridge width 16 Frame width 145 Temples Length 140 Filter Category Two Protection UV400 Spring hinge No Extra No extra Style Square Lenses Effect Gradient Colour: Brown. Country of origin: CN. Manufacturer part number: SPLN59 5601AY. Condition: new with tags.,Brown,,1,SPLN59 5601AY,SPLN59 5601AY,EUR,182.50,23
AP10703264,AP10703264,197737245122,,Dsquared²,Apparel & Accessories > Clothing Accessories > Sunglasses > Womens,https://brandsgateway-img.s3.fr-par.scw.cloud/10703252.jpeg,https://brandsgateway-img.s3.fr-par.scw.cloud/10703254.jpeg,https://brandsgateway-img.s3.fr-par.scw.cloud/10703261.jpeg,OUTOFSTOCK,0,1,en,Dsquared² Black Acetate Sunglasses,Dsquared² Black Acetate Sunglasses. Gender Women Lenses Material Plastic Main color Black Frame color Black Frame material Acetate Rim Style Full-Rim Lenses Color Grey Lenses Effect Gradient Lenses width 52 Size 52-22-135 Lenses Height 45 Bridge width 22 Frame width 145 Temples Length 135 Protection UV400 Spring hinge No Extra No extra Style Butterfly Filter Category Three Colour: Black. Country of origin: CN. Manufacturer part number: D2 0207/S 528079O. Condition: new with tags.,Black,,1,D2 0207/S 528079O,D2 0207/S 528079O,EUR,263.75,23
AP10670347,AP10670347,889214535337,,Guess,Apparel & Accessories > Clothing Accessories > Sunglasses > Womens,https://brandsgateway-img.s3.fr-par.scw.cloud/10670343.jpeg,https://brandsgateway-img.s3.fr-par.scw.cloud/10670344.jpeg,https://brandsgateway-img.s3.fr-par.scw.cloud/10670346.jpeg,INSTOCK,50,1,en,Guess Gray Plastic Sunglasses,Guess Gray Plastic Sunglasses. Gender Women Lenses Material Plastic Main color Grey Shipment includes Branded case Extra No extra Spring hinge No Rim Style Full-Rim Style Cat Eye Temples Length 140 Frame width 140 Bridge width 20 Lenses Height 42 Lenses width 54 Size 54-20-140 Protection UV400 Lenses Effect Gradient Filter Category Three Lenses Color Brown Frame material Plastic Frame color Grey Colour: Gray. Country of origin: CN. Manufacturer part number: GU00163 5420F. Condition: new with tags.,Gray,,1,GU00163 5420F,GU00163 5420F,EUR,170.00,23
AP11018267,AP11018267,889214535375,,Guess,Apparel & Accessories > Clothing Accessories > Sunglasses > Womens,https://brandsgateway-img.s3.fr-par.scw.cloud/11018262.jpeg,https://brandsgateway-img.s3.fr-par.scw.cloud/11018265.jpeg,https://brandsgateway-img.s3.fr-par.scw.cloud/11018266.jpeg,INSTOCK,50,1,en,Guess Bicolor Plastic Sunglasses,Guess Bicolor Plastic Sunglasses. Gender Women Lenses Material Plastic Main color Green Extra No extra Spring hinge No Rim Style Full-Rim Style Cat Eye Temples Length 140 Frame width 140 Bridge width 20 Lenses Height 42 Lenses width 54 Size 54-20-140 Protection UV400 Lenses Effect Gradient Filter Category Two Lenses Color Rose Frame material Plastic Frame color Green Colour: Bicolor. Country of origin: CN. Manufacturer part number: GU00163 5496B. Condition: new with tags.,Bicolor,,1,GU00163 5496B,GU00163 5496B,EUR,170.00,23
AP8451569,AP8451569,889214493446,,Guess,Apparel & Accessories > Clothing Accessories > Sunglasses > Womens,https://brandsgateway-img.s3.fr-par.scw.cloud/8451566.jpeg,https://brandsgateway-img.s3.fr-par.scw.cloud/8451567.jpeg,https://brandsgateway-img.s3.fr-par.scw.cloud/8451568.jpeg,INSTOCK,50,1,en,Guess Black Acetate Sunglasses,Guess Black Acetate Sunglasses. Gender Women Main color Black Frame color Black Frame material Acetate Rim Style Full-Rim Lenses Color Grey Lenses Material Plastic Lenses width 55 Lenses Height 45 Bridge width 17 Frame width 140 Temples Length 140 Filter Category 3 Spring hinge No Extra No extra Style Square Shipment includes Branded case Lenses Effect Gradient Colour: Black. Country of origin: BD. Manufacturer part number: GU00113 5505B. Condition: new with tags.,Black,,1,GU00113 5505B,GU00113 5505B,EUR,170.00,23
AP1275855,AP1275855,190605044032,,Police,Apparel & Accessories > Clothing Accessories > Sunglasses > Womens,https://brandsgateway-img.s3.fr-par.scw.cloud/4606369.jpg,https://brandsgateway-img.s3.fr-par.scw.cloud/4606374.jpg,https://brandsgateway-img.s3.fr-par.scw.cloud/4606376.jpg,INSTOCK,10,1,en,Police Purple Metal Sunglasses,Police Purple Metal Sunglasses. Extra No extra Style Browline Bridge width 16 Rim Style Half-Rim Gender Women Main color Purple Frame color Purple Frame material Metal Lenses Color Rose Lenses Material Plastic Filter Category 3 Lenses Effect mirrored & gradient Lenses width 61 Lenses Height 50 Frame width 135 Temples Length 140 Shipment includes Branded case Spring hinge No Colour: Purple. Country of origin: CN. Manufacturer part number: SPL615 61300X. Condition: new with tags.,Purple,,1,SPL615 61300X,SPL615 61300X,EUR,173.75,23
AP10670633,AP10670633,889214515759,,Gant,Apparel & Accessories > Clothing Accessories > Sunglasses > Womens,https://brandsgateway-img.s3.fr-par.scw.cloud/10670625.jpeg,https://brandsgateway-img.s3.fr-par.scw.cloud/10670628.jpeg,https://brandsgateway-img.s3.fr-par.scw.cloud/10670631.jpeg,OUTOFSTOCK,0,1,en,Gant Rose Gold Metal Sunglasses,Gant Rose Gold Metal Sunglasses. Lenses width 56 Bridge width 16 Rim Style Full-Rim Gender Women Lenses Material Plastic Main color Rose Gold Shipment includes Branded case Extra No extra Spring hinge Yes Style Square Temples Length 140 Frame width 140 Lenses Height 50 Lenses Effect Gradient Filter Category 2 Lenses Color Rose Frame material Metal Frame color Rose Gold Colour: Rose Gold. Country of origin: CN. Manufacturer part number: GA00011 5628F. Condition: new with tags.,Rose Gold,,1,GA00011 5628F,GA00011 5628F,EUR,163.75,23
AP6598481,AP6598481,889214381170,,Gant,Apparel & Accessories > Clothing Accessories > Sunglasses > Womens,https://brandsgateway-img.s3.fr-par.scw.cloud/6598478.jpeg,https://brandsgateway-img.s3.fr-par.scw.cloud/6598479.jpeg,https://brandsgateway-img.s3.fr-par.scw.cloud/6598480.jpeg,INSTOCK,32,1,en,Gant Black Acetate Sunglasses,Gant Black Acetate Sunglasses. Gender Women Frame color Black Style Round Temples Length 140 Spring hinge No Main color Black Extra No extra Frame material Acetate Lenses Color Purple Lenses Material Plastic Filter Category 3 Lenses Effect Gradient Lenses width 55 Lenses Height 53 Bridge width 20 Frame width 145 Shipment includes Branded case Rim Style Full-Rim Colour: Black. Country of origin: CN. Manufacturer part number: GA8094 5501B. Condition: new with tags.,Black,,1,GA8094 5501B,GA8094 5501B,EUR,163.75,23
AP7589761,AP7589761,889214493095,,Guess,Apparel & Accessories > Clothing Accessories > Sunglasses > Womens,https://brandsgateway-img.s3.fr-par.scw.cloud/7589758.jpeg,https://brandsgateway-img.s3.fr-par.scw.cloud/7589759.jpeg,https://brandsgateway-img.s3.fr-par.scw.cloud/7589760.jpeg,INSTOCK,50,1,en,Guess Beige Stainless Steel Sunglasses,Guess Beige Stainless Steel Sunglasses. Gender Women Main color Beige Shipment includes Branded case Extra No extra Spring hinge No Rim Style Full-Rim Style Rectangle Temples Length 140 Frame width 140 Bridge width 15 Lenses Height 40 Lenses width 56 Size 56-15-140 Protection UV400 Lenses Effect Gradient Filter Category Two Lenses Material Plastic Lenses Color Green Frame material Stainless Steel Frame color Beige Colour: Beige. Country of origin: CN. Manufacturer part number: GU00105 5657P. Condition: new with tags.,Beige,,1,GU00105 5657P,GU00105 5657P,EUR,170.00,23
AP8398346,AP8398346,889214493361,,Guess,Apparel & Accessories > Clothing Accessories > Sunglasses > Womens,https://brandsgateway-img.s3.fr-par.scw.cloud/8398339.jpeg,https://brandsgateway-img.s3.fr-par.scw.cloud/8398341.jpeg,https://brandsgateway-img.s3.fr-par.scw.cloud/8398344.jpeg,INSTOCK,50,1,en,Guess Red Plastic Sunglasses,Guess Red Plastic Sunglasses. Gender Women Main color Red Frame color Red Frame material Plastic Rim Style Full-Rim Lenses Color Grey Lenses Material Plastic Lenses width 56 Size 56-14-130 Lenses Height 39 Bridge width 14 Frame width 140 Temples Length 130 Filter Category Two Protection UV400 Spring hinge No Extra No extra Style Cat Eye Shipment includes Branded case Lenses Effect Gradient Colour: Red. Country of origin: CN. Manufacturer part number: GU00111 5673B. Condition: new with tags.,Red,,1,GU00111 5673B,GU00111 5673B,EUR,170.00,23
AP9779651,AP9779651,889214515780,,Gant,Apparel & Accessories > Clothing Accessories > Sunglasses > Womens,https://brandsgateway-img.s3.fr-par.scw.cloud/9779647.jpeg,https://brandsgateway-img.s3.fr-par.scw.cloud/9779648.jpeg,https://brandsgateway-img.s3.fr-par.scw.cloud/9779650.jpeg,INSTOCK,12,1,en,Gant Rose Gold Metal Sunglasses,Gant Rose Gold Metal Sunglasses. Gender Women Main color Rose Gold Frame color Rose Gold Frame material Metal Rim Style Full-Rim Lenses Color Red Lenses Material Plastic Lenses width 55 Size 55-17-140 Lenses Height 43 Bridge width 17 Frame width 140 Temples Length 140 Filter Category Two Protection UV400 Spring hinge Yes Extra No extra Style Cat Eye Shipment includes Branded case Lenses Effect No Extra Colour: Rose Gold. Country of origin: CN. Manufacturer part number: GA00012 5528S. Condition: new with tags.,Rose Gold,,1,GA00012 5528S,GA00012 5528S,EUR,163.75,23
AP9778305,AP9778305,889214515773,,Gant,Apparel & Accessories > Clothing Accessories > Sunglasses > Womens,https://brandsgateway-img.s3.fr-par.scw.cloud/9778301.jpeg,https://brandsgateway-img.s3.fr-par.scw.cloud/9778302.jpeg,https://brandsgateway-img.s3.fr-par.scw.cloud/9778304.jpeg,INSTOCK,5,1,en,Gant Gold Metal Sunglasses,Gant Gold Metal Sunglasses. Frame material Metal Lenses Material Plastic Lenses width 56 Temples Length 140 Gender Women Main color Gold Frame color Gold Rim Style Full-Rim Lenses Color Pink Lenses Height 50 Bridge width 16 Frame width 140 Filter Category 3 Spring hinge Yes Extra No extra Style Square Shipment includes Branded case Lenses Effect No Extra Colour: Gold. Country of origin: CN. Manufacturer part number: GA00011 5632S. Condition: new with tags.,Gold,,1,GA00011 5632S,GA00011 5632S,EUR,163.75,23
AP4620997,AP4620997,889214406873,,Gant,Apparel & Accessories > Clothing Accessories > Sunglasses > Womens,https://brandsgateway-img.s3.fr-par.scw.cloud/4620996.jpeg,https://brandsgateway-img.s3.fr-par.scw.cloud/4620999.jpeg,https://brandsgateway-img.s3.fr-par.scw.cloud/4621002.jpeg,OUTOFSTOCK,0,1,en,Gant Gray Plastic Sunglasses,Gant Gray Plastic Sunglasses. Gender Women Main color Grey Frame color Grey Frame material Plastic Rim Style Full-Rim Lenses Color Blue Lenses Material Plastic Lenses Effect No Extra Lenses width 50 Size 50-18-140 Lenses Height 42 Bridge width 18 Frame width 135 Temples Length 140 Filter Category Two Protection UV400 Spring hinge No Extra No extra Style Rectangle Shipment includes Branded case Colour: Gray. Country of origin: CN. Manufacturer part number: GA8099 5020V. Condition: new with tags.,Gray,,1,GA8099 5020V,GA8099 5020V,EUR,163.75,23
AP7586219,AP7586219,889214342454,,Guess,Apparel & Accessories > Clothing Accessories > Sunglasses > Womens,https://brandsgateway-img.s3.fr-par.scw.cloud/11049940.jpeg,https://brandsgateway-img.s3.fr-par.scw.cloud/11049941.jpeg,https://brandsgateway-img.s3.fr-par.scw.cloud/11049942.jpeg,INSTOCK,24,1,en,Guess Beige Metal Sunglasses,Guess Beige Metal Sunglasses. Filter Category 3 Style Aviator Lenses Height 50 Bridge width 11 Gender Women Main color Cream Frame color Cream Frame material Metal Rim Style Full-Rim Lenses Color Brown Lenses Material Plastic Lenses Effect Gradient Lenses width 60 Frame width 140 Temples Length 135 Spring hinge No Extra No extra Shipment includes Branded case Colour: Beige. Country of origin: CN. Manufacturer part number: GU7847 6033F. Condition: new with tags.,Beige,,1,GU7847 6033F,GU7847 6033F,EUR,170.00,23
AP10989707,AP10989707,889214493064,,Guess,Apparel & Accessories > Clothing Accessories > Sunglasses > Womens,https://brandsgateway-img.s3.fr-par.scw.cloud/10989703.jpeg,https://brandsgateway-img.s3.fr-par.scw.cloud/10989704.jpeg,https://brandsgateway-img.s3.fr-par.scw.cloud/10989705.jpeg,INSTOCK,50,1,en,Guess Brown Plastic Sunglasses,Guess Brown Plastic Sunglasses. Gender Women Lenses Material Plastic Main color Brown Shipment includes Branded case Extra No extra Spring hinge No Rim Style Full-Rim Style Rectangle Temples Length 140 Frame width 140 Bridge width 15 Lenses Height 40 Lenses width 56 Size 56-15-140 Protection UV400 Lenses Effect Gradient Filter Category Two Lenses Color Brown Frame material Plastic Frame color Brown Colour: Brown. Country of origin: CN. Manufacturer part number: GU00105 5652F. Condition: new with tags.,Brown,,1,GU00105 5652F,GU00105 5652F,EUR,170.00,23
AP4277325,AP4277325,889214345981,,Gant,Apparel & Accessories > Clothing Accessories > Sunglasses > Womens,https://brandsgateway-img.s3.fr-par.scw.cloud/4309970.jpg,https://brandsgateway-img.s3.fr-par.scw.cloud/4309977.jpg,https://brandsgateway-img.s3.fr-par.scw.cloud/4309987.jpg,INSTOCK,25,1,en,Gant Beige Plastic Sunglasses,Gant Beige Plastic Sunglasses. Gender Women Main color Cream Frame color Cream Frame material Plastic Lenses Color Brown Lenses Material Plastic Lenses Effect Gradient Lenses width 55 Size 55-18-135 Lenses Height 40 Bridge width 18 Frame width 140 Temples Length 135 Filter Category Two Protection UV400 Spring hinge No Extra No extra Style Cat Eye Shipment includes Branded case Rim Style Full-Rim Colour: Beige. Country of origin: CN. Manufacturer part number: GA8091 5525F. Condition: new with tags.,Beige,,1,GA8091 5525F,GA8091 5525F,EUR,163.75,23
AP7586329,AP7586329,889214506375,,Gant,Apparel & Accessories > Clothing Accessories > Sunglasses > Womens,https://brandsgateway-img.s3.fr-par.scw.cloud/11049955.jpeg,https://brandsgateway-img.s3.fr-par.scw.cloud/11049956.jpeg,https://brandsgateway-img.s3.fr-par.scw.cloud/11049958.jpeg,INSTOCK,13,1,en,Gant Bicolor Acetate Sunglasses,Gant Bicolor Acetate Sunglasses. Frame material Acetate Gender Women Main color Green Frame color Green Rim Style Full-Rim Lenses Color Green Lenses Material Plastic Lenses width 55 Lenses Height 43 Bridge width 13 Frame width 135 Temples Length 140 Filter Category 2 Spring hinge No Extra No extra Style Square Shipment includes Branded case Lenses Effect No Extra Colour: Bicolor. Country of origin: CN. Manufacturer part number: GA00007 5596N. Condition: new with tags.,Bicolor,,1,GA00007 5596N,GA00007 5596N,EUR,163.75,23
AP10670235,AP10670235,889214493231,,Guess,Apparel & Accessories > Clothing Accessories > Sunglasses > Womens,https://brandsgateway-img.s3.fr-par.scw.cloud/10670227.jpeg,https://brandsgateway-img.s3.fr-par.scw.cloud/10670230.jpeg,https://brandsgateway-img.s3.fr-par.scw.cloud/10670234.jpeg,OUTOFSTOCK,0,1,en,Guess Gold Metal Sunglasses,Guess Gold Metal Sunglasses. Gender Women Lenses Material Plastic Main color Gold Shipment includes Branded case Extra No extra Spring hinge No Rim Style Full-Rim Style Butterfly Temples Length 140 Frame width 150 Bridge width 17 Lenses Height 57 Lenses width 60 Size 60-17-140 Protection UV400 Lenses Effect Gradient Filter Category Three Lenses Color Rose Frame material Metal Frame color Gold Colour: Gold. Country of origin: CN. Manufacturer part number: GU00108 6074B. Condition: new with tags.,Gold,,1,GU00108 6074B,GU00108 6074B,EUR,170.00,23
AP8397104,AP8397104,889214508249,,Guess,Apparel & Accessories > Clothing Accessories > Sunglasses > Womens,https://brandsgateway-img.s3.fr-par.scw.cloud/8397099.jpeg,https://brandsgateway-img.s3.fr-par.scw.cloud/8397102.jpeg,https://brandsgateway-img.s3.fr-par.scw.cloud/8397103.jpeg,INSTOCK,50,1,en,Guess Purple Plastic Sunglasses,Guess Purple Plastic Sunglasses. Gender Women Main color Purple Frame color Purple Frame material Plastic Rim Style Full-Rim Lenses Color Rose Lenses Material Plastic Lenses Effect Mirrored Lenses width 60 Size 60-16-125 Lenses Height 44 Bridge width 16 Frame width 140 Temples Length 125 Filter Category One Protection UV400 Spring hinge No Extra No extra Style Oval Shipment includes Branded case Colour: Purple. Country of origin: CN. Manufacturer part number: GU00131 6081Z. Condition: new with tags.,Purple,,1,GU00131 6081Z,GU00131 6081Z,EUR,170.00,23
AP8397140,AP8397140,889214508232,,Guess,Apparel & Accessories > Clothing Accessories > Sunglasses > Womens,https://brandsgateway-img.s3.fr-par.scw.cloud/8397135.jpeg,https://brandsgateway-img.s3.fr-par.scw.cloud/8397138.jpeg,https://brandsgateway-img.s3.fr-par.scw.cloud/8397139.jpeg,INSTOCK,50,1,en,Guess Pink Stainless Steel Sunglasses,Guess Pink Stainless Steel Sunglasses. Gender Women Main color Rose Frame color Rose Frame material Stainless Steel Rim Style Full-Rim Lenses Color Rose Lenses Material Plastic Lenses Effect Mirrored Lenses width 60 Size 60-16-125 Lenses Height 45 Bridge width 16 Frame width 145 Temples Length 125 Filter Category One Protection UV400 Spring hinge No Extra No extra Style Oval Shipment includes Branded case Colour: Pink. Country of origin: CN. Manufacturer part number: GU00131 6072U. Condition: new with tags.,Pink,,1,GU00131 6072U,GU00131 6072U,EUR,170.00,23
AP8397146,AP8397146,889214508171,,Guess,Apparel & Accessories > Clothing Accessories > Sunglasses > Womens,https://brandsgateway-img.s3.fr-par.scw.cloud/8397141.jpeg,https://brandsgateway-img.s3.fr-par.scw.cloud/8397142.jpeg,https://brandsgateway-img.s3.fr-par.scw.cloud/8397144.jpeg,INSTOCK,50,1,en,Guess Pink Stainless Steel Sunglasses,Guess Pink Stainless Steel Sunglasses. Gender Women Main color Rose Frame color Rose Frame material Stainless Steel Rim Style Full-Rim Lenses Color Rose Lenses Material Plastic Lenses Effect Mirrored Lenses width 61 Size 61-20-125 Lenses Height 53 Bridge width 20 Frame width 145 Temples Length 125 Filter Category One Protection UV400 Spring hinge No Extra No extra Style Round Shipment includes Branded case Colour: Pink. Country of origin: CN. Manufacturer part number: GU00130 6172U. Condition: new with tags.,Pink,,1,GU00130 6172U,GU00130 6172U,EUR,170.00,23
AP8515222,AP8515222,889214508133,,Guess,Apparel & Accessories > Clothing Accessories > Sunglasses > Womens,https://brandsgateway-img.s3.fr-par.scw.cloud/8515219.jpeg,https://brandsgateway-img.s3.fr-par.scw.cloud/8515220.jpeg,https://brandsgateway-img.s3.fr-par.scw.cloud/8515221.jpeg,INSTOCK,50,1,en,Guess Black Plastic Sunglasses,Guess Black Plastic Sunglasses. Frame color Black Lenses Effect No Extra Spring hinge No Gender Women Main color Black Frame material Plastic Rim Style Full-Rim Lenses Color Grey Lenses Material Plastic Lenses width 61 Lenses Height 53 Bridge width 20 Frame width 150 Temples Length 125 Filter Category 3 Extra No extra Style Butterfly Shipment includes Branded case Colour: Black. Country of origin: CN. Manufacturer part number: GU00130 6101A. Condition: new with tags.,Black,,1,GU00130 6101A,GU00130 6101A,EUR,170.00,23
AP8515240,AP8515240,889214508140,,Guess,Apparel & Accessories > Clothing Accessories > Sunglasses > Womens,https://brandsgateway-img.s3.fr-par.scw.cloud/8515235.jpeg,https://brandsgateway-img.s3.fr-par.scw.cloud/8515236.jpeg,https://brandsgateway-img.s3.fr-par.scw.cloud/8515238.jpeg,INSTOCK,50,1,en,Guess Gray Plastic Sunglasses,Guess Gray Plastic Sunglasses. Lenses Color Grey Style Butterfly Lenses width 61 Temples Length 125 Gender Women Main color Grey Frame color Grey Frame material Plastic Rim Style Full-Rim Lenses Material Plastic Lenses Effect Mirrored Lenses Height 54 Bridge width 20 Frame width 150 Filter Category 3 Spring hinge No Extra No extra Shipment includes Branded case Colour: Gray. Country of origin: CN. Manufacturer part number: GU00130 6120C. Condition: new with tags.,Gray,,1,GU00130 6120C,GU00130 6120C,EUR,170.00,23
AP8515289,AP8515289,889214508201,,Guess,Apparel & Accessories > Clothing Accessories > Sunglasses > Womens,https://brandsgateway-img.s3.fr-par.scw.cloud/8515282.jpeg,https://brandsgateway-img.s3.fr-par.scw.cloud/8515285.jpeg,https://brandsgateway-img.s3.fr-par.scw.cloud/8515287.jpeg,INSTOCK,50,1,en,Guess Gray Stainless Steel Sunglasses,Guess Gray Stainless Steel Sunglasses. Frame material Stainless Steel Lenses Material Plastic Lenses Effect Mirrored Gender Women Main color Grey Frame color Grey Rim Style Full-Rim Lenses Color Grey Lenses width 60 Lenses Height 44 Bridge width 16 Frame width 140 Temples Length 125 Filter Category 3 Spring hinge No Extra No extra Style Oval Shipment includes Branded case Colour: Gray. Country of origin: CN. Manufacturer part number: GU00131 6020C. Condition: new with tags.,Gray,,1,GU00131 6020C,GU00131 6020C,EUR,170.00,23
AP11018404,AP11018404,889214508225,,Guess,Apparel & Accessories > Clothing Accessories > Sunglasses > Womens,https://brandsgateway-img.s3.fr-par.scw.cloud/11018401.jpeg,https://brandsgateway-img.s3.fr-par.scw.cloud/11018402.jpeg,https://brandsgateway-img.s3.fr-par.scw.cloud/11018403.jpeg,INSTOCK,50,1,en,Guess Pink Plastic Sunglasses,Guess Pink Plastic Sunglasses. Style Butterfly Lenses Effect mirrored & gradient Gender Women Lenses Material Plastic Main color Rose Extra No extra Spring hinge No Rim Style Full-Rim Temples Length 125 Frame width 140 Bridge width 16 Lenses Height 44 Lenses width 60 Filter Category 2 Lenses Color Rose Frame material Plastic Frame color Rose Colour: Pink. Country of origin: CN. Manufacturer part number: GU00131 6057U. Condition: new with tags.,Pink,,1,GU00131 6057U,GU00131 6057U,EUR,170.00,23
AP6636655,AP6636655,889214449672,,Guess,Apparel & Accessories > Clothing Accessories > Sunglasses > Womens,https://brandsgateway-img.s3.fr-par.scw.cloud/6636651.jpeg,https://brandsgateway-img.s3.fr-par.scw.cloud/6636652.jpeg,https://brandsgateway-img.s3.fr-par.scw.cloud/6636654.jpeg,OUTOFSTOCK,0,1,en,Guess Pink Plastic Sunglasses,Guess Pink Plastic Sunglasses. Gender Women Main color Rose Extra No extra Frame color Rose Frame material Plastic Lenses Color Rose Lenses Material Plastic Filter Category Two Style Cat Eye Lenses Effect No Extra Protection UV400 Size 52-19-145 Lenses width 52 Lenses Height 35 Bridge width 19 Frame width 140 Temples Length 145 Spring hinge No Shipment includes Branded case Rim Style Full-Rim Colour: Pink. Country of origin: CN. Manufacturer part number: GU7905 5274S. Condition: new with tags.,Pink,,1,GU7905 5274S,GU7905 5274S,EUR,170.00,23
AP10316481,AP10316481,889214508409,,Guess,Apparel & Accessories > Clothing Accessories > Sunglasses > Womens,https://brandsgateway-img.s3.fr-par.scw.cloud/10316477.jpeg,https://brandsgateway-img.s3.fr-par.scw.cloud/10316479.jpeg,https://brandsgateway-img.s3.fr-par.scw.cloud/10316480.jpeg,INSTOCK,13,1,en,Guess Purple Plastic Sunglasses,Guess Purple Plastic Sunglasses. Frame color Purple Gender Women Main color Purple Frame material Plastic Rim Style Full-Rim Lenses Material Plastic Lenses Effect Gradient Lenses width 55 Lenses Height 46 Bridge width 16 Frame width 135 Temples Length 140 Filter Category 2 Spring hinge No Extra No extra Style Square Shipment includes Branded case Colour: Purple. Country of origin: CN. Manufacturer part number: GU00134 5581Z. Condition: new with tags.,Purple,,1,GU00134 5581Z,GU00134 5581Z,EUR,170.00,23
AP10670198,AP10670198,889214462770,,Guess,Apparel & Accessories > Clothing Accessories > Sunglasses > Womens,https://brandsgateway-img.s3.fr-par.scw.cloud/10670190.jpeg,https://brandsgateway-img.s3.fr-par.scw.cloud/10670193.jpeg,https://brandsgateway-img.s3.fr-par.scw.cloud/10670196.jpeg,INSTOCK,50,1,en,Guess Gold Metal Sunglasses,Guess Gold Metal Sunglasses. Style Rectangle Bridge width 15 Frame width 150 Temples Length 145 Gender Women Lenses Material Plastic Main color Gold Extra No extra Spring hinge No Rim Style Full-Rim Lenses Height 42 Lenses width 62 Lenses Effect Gradient Filter Category 3 Lenses Color Brown Frame material Metal Frame color Gold Colour: Gold. Country of origin: CN. Manufacturer part number: GU00088 6232G. Condition: new with tags.,Gold,,1,GU00088 6232G,GU00088 6232G,EUR,170.00,23
AP10670175,AP10670175,889214534798,,Guess,Apparel & Accessories > Clothing Accessories > Sunglasses > Womens,https://brandsgateway-img.s3.fr-par.scw.cloud/10670169.jpeg,https://brandsgateway-img.s3.fr-par.scw.cloud/10670171.jpeg,https://brandsgateway-img.s3.fr-par.scw.cloud/10670174.jpeg,INSTOCK,50,1,en,Guess Beige Plastic Sunglasses,Guess Beige Plastic Sunglasses. Gender Women Lenses Material Plastic Main color Beige Shipment includes Branded case Extra No extra Spring hinge No Rim Style Full-Rim Style Cat Eye Temples Length 135 Frame width 145 Bridge width 15 Lenses Height 42 Lenses width 57 Size 57-15-135 Protection UV400 Lenses Effect Gradient Filter Category Two Lenses Color Rose Frame material Plastic Frame color Beige Colour: Beige. Country of origin: CN. Manufacturer part number: GU00151 5757F. Condition: new with tags.,Beige,,1,GU00151 5757F,GU00151 5757F,EUR,170.00,23
AP11007491,AP11007491,889214306098,,Guess,Apparel & Accessories > Clothing Accessories > Sunglasses > Womens,https://brandsgateway-img.s3.fr-par.scw.cloud/11007488.jpeg,https://brandsgateway-img.s3.fr-par.scw.cloud/11007489.jpeg,https://brandsgateway-img.s3.fr-par.scw.cloud/11007490.jpeg,INSTOCK,50,1,en,Guess Black Metal Sunglasses,Guess Black Metal Sunglasses. Lenses Material Plastic Main color Black Rim Style Full-Rim Frame width 140 Bridge width 17 Lenses width 61 Size 61-17-140 Protection UV400 Gender Women Shipment includes Branded case Extra No extra Spring hinge No Style Geometric Temples Length 140 Lenses Height 57 Lenses Effect Gradient Filter Category Three Lenses Color Grey Frame material Metal Frame color Black Colour: Black. Country of origin: CN. Manufacturer part number: GU7815 6105B. Condition: new with tags.,Black,,1,GU7815 6105B,GU7815 6105B,EUR,170.00,23
AP10670125,AP10670125,889214508287,,Guess,Apparel & Accessories > Clothing Accessories > Sunglasses > Womens,https://brandsgateway-img.s3.fr-par.scw.cloud/10670118.jpeg,https://brandsgateway-img.s3.fr-par.scw.cloud/10670121.jpeg,https://brandsgateway-img.s3.fr-par.scw.cloud/10670123.jpeg,INSTOCK,8,1,en,Guess Rose Gold Metal Sunglasses,Guess Rose Gold Metal Sunglasses. Gender Women Lenses Material Plastic Main color Rose Gold Shipment includes Branded case Extra No extra Spring hinge No Rim Style Full-Rim Style Butterfly Temples Length 140 Frame width 140 Bridge width 13 Lenses Height 47 Lenses width 58 Size 58-13-140 Protection UV400 Lenses Effect Gradient Filter Category Two Lenses Color Purple Frame material Metal Frame color Rose Gold Colour: Rose Gold. Country of origin: CN. Manufacturer part number: GU00132 5883Z. Condition: new with tags.,Rose Gold,,1,GU00132 5883Z,GU00132 5883Z,EUR,170.00,23
AP10669603,AP10669603,889214465580,,Guess,Apparel & Accessories > Clothing Accessories > Sunglasses > Womens,https://brandsgateway-img.s3.fr-par.scw.cloud/10669598.jpeg,https://brandsgateway-img.s3.fr-par.scw.cloud/10669600.jpeg,https://brandsgateway-img.s3.fr-par.scw.cloud/10669602.jpeg,INSTOCK,5,1,en,Guess Red Plastic Sunglasses,Guess Red Plastic Sunglasses. Lenses Effect mirrored & gradient Lenses width 58 Lenses Height 42 Temples Length 140 Spring hinge No Gender Women Main color Red Frame color Red Frame material Plastic Rim Style Full-Rim Lenses Color Brown Lenses Material Plastic Bridge width 15 Frame width 150 Filter Category 3 Extra No extra Style Cat Eye Colour: Red. Country of origin: CN. Manufacturer part number: GU7919 5869G. Condition: new with tags.,Red,,1,GU7919 5869G,GU7919 5869G,EUR,170.00,23
AP10670646,AP10670646,889214440518,,Guess,Apparel & Accessories > Clothing Accessories > Sunglasses > Womens,https://brandsgateway-img.s3.fr-par.scw.cloud/10670641.jpeg,https://brandsgateway-img.s3.fr-par.scw.cloud/10670642.jpeg,https://brandsgateway-img.s3.fr-par.scw.cloud/10670644.jpeg,INSTOCK,4,1,en,Guess Black Metal Sunglasses,Guess Black Metal Sunglasses. Gender Women Lenses Material Plastic Main color Black Shipment includes Branded case Extra No extra Spring hinge No Rim Style Full-Rim Style Rectangle Temples Length 135 Frame width 135 Bridge width 16 Lenses Height 37 Lenses width 57 Size 57-16-135 Protection UV400 Lenses Effect No Extra Filter Category Three Lenses Color Purple Frame material Metal Frame color Black Colour: Black. Country of origin: CN. Manufacturer part number: GU7903 5701A. Condition: new with tags.,Black,,1,GU7903 5701A,GU7903 5701A,EUR,170.00,23
AP10187048,AP10187048,889214342430,,Guess,Apparel & Accessories > Clothing Accessories > Sunglasses > Womens,https://brandsgateway-img.s3.fr-par.scw.cloud/10187045.jpeg,https://brandsgateway-img.s3.fr-par.scw.cloud/10187046.jpeg,https://brandsgateway-img.s3.fr-par.scw.cloud/10187047.jpeg,OUTOFSTOCK,0,1,en,Guess Black Metal Sunglasses,Guess Black Metal Sunglasses. Gender Women Frame color Black Lenses width 60 Frame material Metal Rim Style Full-Rim Lenses Material Plastic Lenses Height 50 Bridge width 11 Frame width 140 Temples Length 135 Spring hinge No Extra No extra Shipment includes Branded case Main color Black Lenses Color Grey Filter Category 3 Style Aviator Lenses Effect Gradient Colour: Black. Country of origin: CN. Manufacturer part number: GU7847 6028B. Condition: new with tags.,Black,,1,GU7847 6028B,GU7847 6028B,EUR,170.00,23
AP8398971,AP8398971,889214508294,,Guess,Apparel & Accessories > Clothing Accessories > Sunglasses > Womens,https://brandsgateway-img.s3.fr-par.scw.cloud/8398965.jpeg,https://brandsgateway-img.s3.fr-par.scw.cloud/8398968.jpeg,https://brandsgateway-img.s3.fr-par.scw.cloud/8398969.jpeg,INSTOCK,27,1,en,Guess Gold Metal Sunglasses,Guess Gold Metal Sunglasses. Lenses Color Blue Rim Style Full-Rim Gender Women Main color Gold Frame color Gold Frame material Metal Lenses Material Plastic Lenses Effect Gradient Lenses width 58 Lenses Height 47 Bridge width 13 Frame width 140 Temples Length 140 Filter Category 3 Spring hinge No Extra No extra Style Cat Eye Shipment includes Branded case Colour: Gold. Country of origin: CN. Manufacturer part number: GU00132 5892W. Condition: new with tags.,Gold,,1,GU00132 5892W,GU00132 5892W,EUR,170.00,23
AP8451598,AP8451598,889214508362,,Guess,Apparel & Accessories > Clothing Accessories > Sunglasses > Womens,https://brandsgateway-img.s3.fr-par.scw.cloud/8451593.jpeg,https://brandsgateway-img.s3.fr-par.scw.cloud/8451595.jpeg,https://brandsgateway-img.s3.fr-par.scw.cloud/8451597.jpeg,INSTOCK,20,1,en,Guess Bicolor Metal Sunglasses,Guess Bicolor Metal Sunglasses. Gender Women Main color Green Frame color Green Frame material Metal Rim Style Full-Rim Lenses Color Multicolor Lenses Material Plastic Lenses width 56 Size 56-12-140 Lenses Height 38 Bridge width 12 Frame width 140 Temples Length 140 Filter Category One Protection UV400 Spring hinge No Extra No extra Style Rectangle Shipment includes Branded case Lenses Effect Gradient Colour: Bicolor. Country of origin: CN. Manufacturer part number: GU00133 5695U. Condition: new with tags.,Bicolor,,1,GU00133 5695U,GU00133 5695U,EUR,170.00,23
AP11227155,AP11227155,664689835416,,Guess,Apparel & Accessories > Clothing Accessories > Sunglasses > Womens,https://brandsgateway-img.s3.fr-par.scw.cloud/11227152.jpeg,https://brandsgateway-img.s3.fr-par.scw.cloud/11227153.jpeg,https://brandsgateway-img.s3.fr-par.scw.cloud/11227154.jpeg,INSTOCK,50,0.5,en,Guess Brown Acetate Sunglasses,Guess Brown Acetate Sunglasses. Gender Women Main color Brown Extra No extra Frame color Brown Frame material Acetate Lenses Color Brown Lenses Material Plastic Filter Category Three Style Butterfly Lenses Effect Gradient Protection UV400 Size 56-18-140 Lenses width 56 Lenses Height 47 Bridge width 18 Frame width 140 Temples Length 140 Spring hinge No Rim Style Full-Rim Colour: Brown. Country of origin: CN. Manufacturer part number: GU7469 5652F. Condition: new with tags.,Brown,,1,GU7469 5652F,GU7469 5652F,EUR,170.00,23
AP9822324,AP9822324,889214508324,,Guess,Apparel & Accessories > Clothing Accessories > Sunglasses > Womens,https://brandsgateway-img.s3.fr-par.scw.cloud/9822321.jpeg,https://brandsgateway-img.s3.fr-par.scw.cloud/9822322.jpeg,https://brandsgateway-img.s3.fr-par.scw.cloud/9822323.jpeg,INSTOCK,9,1,en,Guess White Metal Sunglasses,Guess White Metal Sunglasses. Extra No extra Frame color White Style Browline Frame width 135 Gender Women Main color White Frame material Metal Rim Style Full-Rim Lenses Color Pink Lenses Material Plastic Lenses width 56 Lenses Height 38 Bridge width 12 Temples Length 140 Filter Category 3 Spring hinge No Shipment includes Branded case Lenses Effect Gradient Colour: White. Country of origin: CN. Manufacturer part number: GU00133 5621B. Condition: new with tags.,White,,1,GU00133 5621B,GU00133 5621B,EUR,170.00,23
AP1932995,AP1932995,889214089236,,Guess,Apparel & Accessories > Clothing Accessories > Sunglasses > Womens,https://brandsgateway-img.s3.fr-par.scw.cloud/4601951.jpg,https://brandsgateway-img.s3.fr-par.scw.cloud/4601954.jpg,https://brandsgateway-img.s3.fr-par.scw.cloud/4601958.jpg,INSTOCK,50,1,en,Guess Rose Gold Metal Sunglasses,Guess Rose Gold Metal Sunglasses. Main color Rose Gold Frame material Metal Frame width 145 Temples Length 140 Gender Women Extra No extra Frame color Rose Gold Lenses Color Rose Lenses Material Plastic Filter Category 1 Style Round Lenses Effect No Extra Lenses width 58 Lenses Height 58 Bridge width 18 Shipment includes Branded case Spring hinge No Rim Style Full-Rim Colour: Rose Gold. Country of origin: CN. Manufacturer part number: GF0355 5828T. Condition: new with tags.,Rose Gold,,1,GF0355 5828T,GF0355 5828T,EUR,163.75,23
APW30988,APW30988,7630030571145,,Versace,Apparel & Accessories > Jewelry > Watches,https://b2b.timeshop24.com/media/catalog/product/v/e/vepn00420.jpg,https://b2b.timeshop24.com/media/catalog/product/v/e/vepn00420_side.jpg,https://b2b.timeshop24.com/media/catalog/product/v/e/vepn00420_back.jpg,OUTOFSTOCK,0,1.000000 KG,en,Versace VEPN00420 Safety Pin ladies 34mm 5ATM,"Versace Versace VEPN00420 Safety Pin ladies 34mm 5ATM. Manufacturer part number: VEPN00420. Series: Safety Pin 34mm. Gender: Ladies. Case material: Stainless steel. Case colour: Gold. Case width: 34. Case thickness: 10. Dial colour: Silver. Display: Analog. Movement: Battery (quartz). Movement type: Swiss Made. Glass: anti-reflecting, Saphire glass. Strap material: Calf leather. Strap colour: Blue. Water resistance: 5. Functions: Minute, Hour. Country of manufacture: Schweiz. Condition: new.",Silver,34,,VEPN00420,Safety Pin 34mm,EUR,468.13,23
APW37198,APW37198,7630030552588,,Versace,Apparel & Accessories > Jewelry > Watches,https://b2b.timeshop24.com/media/catalog/product/v/e/vels01119_1.jpg,https://b2b.timeshop24.com/media/catalog/product/v/e/vels01119.jpg,https://b2b.timeshop24.com/media/catalog/product/v/e/versace_box_110_20_17_199.jpg,OUTOFSTOCK,0,1.000000 KG,en,Versace VELS01119 V-Twist Ladies Watch 36mm 5ATM,"Versace Versace VELS01119 V-Twist Ladies Watch 36mm 5ATM. Manufacturer part number: VELS01119. Series: V-Twist 36mm. Gender: Ladies. Case material: Stainless steel. Case colour: Gold. Case width: 36. Case thickness: 10. Dial colour: Black. Display: Analog. Movement: Battery (quartz). Movement type: Swiss Made. Glass: anti-reflecting, Saphire glass. Strap material: Stainless steel. Strap colour: Gold. Water resistance: 5. Functions: Minute, Hour. Country of manufacture: Schweiz. Condition: new.",Black,36,,VELS01119,V-Twist 36mm,EUR,655.63,23
APW41888,APW41888,7630615145402,,Versace,Apparel & Accessories > Jewelry > Watches,https://b2b.timeshop24.com/media/catalog/product/v/e/ve6ca0523.jpg,https://b2b.timeshop24.com/media/catalog/product/v/e/ve6ca0523_3.jpg,https://b2b.timeshop24.com/media/catalog/product/v/e/ve6ca0523_4.jpg,INSTOCK,8,1.000000 KG,en,Versace VE6CA0523 Mens Watch Aion Chronograph 45mm,"Versace Versace VE6CA0523 Mens Watch Aion Chronograph 45mm. Manufacturer part number: VE6CA0523. Series: Aion Chronograph 45mm. Gender: Mens. Case material: Stainless steel. Case colour: Gold, Silver. Case width: 45. Case thickness: 11. Dial colour: Green. Display: Analog. Movement: Battery (quartz). Movement type: Swiss Made. Glass: anti-reflecting, Saphire glass. Strap material: Stainless steel. Strap colour: Gold, Silver. Water resistance: 5. Functions: Chronograph, Date, Minute, Second, Hour. Country of manufacture: Schweiz. Condition: new.",Green,45,,VE6CA0523,Aion Chronograph 45mm ,EUR,518.13,23
APW46159,APW46159,7630615161068,,Versace,Apparel & Accessories > Jewelry > Watches,https://b2b.timeshop24.com/media/catalog/product/v/e/versace_ve7g00524_front.jpg,https://b2b.timeshop24.com/media/catalog/product/v/e/versace_ve7g00524_side.jpg,https://b2b.timeshop24.com/media/catalog/product/v/e/versace_ve7g00524_back.jpg,OUTOFSTOCK,0,0.500000 KG,en,Versace VE7G00524 Ladies Watch Greca Logo Moonphase Diamonds 38mm 5ATM,"Versace Versace VE7G00524 Ladies Watch Greca Logo Moonphase Diamonds 38mm 5ATM . Manufacturer part number: VE7G00524. Series: Greca Logo Moonphase Diamonds 38mm 5ATM. Gender: Ladies. Case material: Stainless steel. Case colour: Silver. Case width: 38. Case thickness: 9. Dial colour: Mother of pearl. Display: Analog. Movement: Battery (quartz). Movement type: Swiss Made. Glass: anti-reflecting, Saphire glass. Strap material: Stainless steel. Strap colour: Gold, Silver. Water resistance: 5. Functions: Date, Minute, Moon phase, Second, Hour. Country of manufacture: Schweiz. Condition: new.",Mother of pearl,38,,VE7G00524,Greca Logo Moonphase Diamonds 38mm 5ATM,EUR,1227.50,23
APW37202,APW37202,7630030544439,,Versace,Apparel & Accessories > Jewelry > Watches,https://b2b.timeshop24.com/media/catalog/product/v/e/vels00219_1.jpg,https://b2b.timeshop24.com/media/catalog/product/v/e/vels00219.jpg,https://b2b.timeshop24.com/media/catalog/product/v/e/versace_box_110_20_17_196.jpg,INSTOCK,3,1.000000 KG,en,Versace VELS00219 V-Twist Ladies Watch 36mm 5ATM,"Versace Versace VELS00219 V-Twist Ladies Watch 36mm 5ATM. Manufacturer part number: VELS00219. Series: V-Twist 36mm. Gender: Ladies. Case material: Stainless steel. Case colour: Gold, Silver. Case width: 36. Case thickness: 10. Dial colour: Silver, Violet. Display: Analog. Movement: Battery (quartz). Movement type: Swiss Made. Glass: anti-reflecting, Saphire glass. Strap material: Calf leather. Strap colour: Violet. Water resistance: 5. Functions: Minute, Hour. Country of manufacture: Schweiz. Condition: new.","Silver, Violet",36,,VELS00219,V-Twist 36mm,EUR,518.13,23
APW30992,APW30992,7630030561290,,Versace,Apparel & Accessories > Jewelry > Watches,https://b2b.timeshop24.com/media/catalog/product/v/e/vevh00520.jpg,https://b2b.timeshop24.com/media/catalog/product/v/e/vevh00520_side.jpg,https://b2b.timeshop24.com/media/catalog/product/v/e/vevh00520_back.jpg,INSTOCK,19,1.000000 KG,en,Versace VEVH00520 Greca Logo unisex 38mm 5ATM,"Versace Versace VEVH00520 Greca Logo unisex 38mm 5ATM. Manufacturer part number: VEVH00520. Series: Greca Logo 38mm. Gender: Mens. Case material: Stainless steel. Case colour: Silver. Case width: 38. Case thickness: 9. Dial colour: Blue. Display: Analog. Movement: Battery (quartz). Movement type: Swiss Made. Glass: anti-reflecting, Saphire glass. Strap material: Stainless steel. Strap colour: Silver. Water resistance: 5. Functions: Minute, Second, Hour. Country of manufacture: Schweiz. Condition: new.",Blue,38,,VEVH00520,Greca Logo 38mm,EUR,530.63,23
APW46125,APW46125,7630615126548,,Versace,Apparel & Accessories > Jewelry > Watches,https://b2b.timeshop24.com/media/catalog/product/v/e/versace_ve6k00523_front.jpg,https://b2b.timeshop24.com/media/catalog/product/v/e/versace_ve6k00523_side.jpg,https://b2b.timeshop24.com/media/catalog/product/v/e/versace_ve6k00523_back.jpg,INSTOCK,10,0.500000 KG,en,Versace VE6K00523 Mens Watch Greca Dome Chrono 43mm 5ATM,"Versace Versace VE6K00523 Mens Watch Greca Dome Chrono 43mm 5ATM . Manufacturer part number: VE6K00523. Series: Greca Dome Chrono 43mm 5ATM. Gender: Mens. Case material: Stainless steel. Case colour: Gold. Case width: 43. Case thickness: 13. Dial colour: Black. Display: Analog. Movement: Battery (quartz). Movement type: Swiss Made. Glass: anti-reflecting, Saphire glass. Strap material: Stainless steel. Strap colour: Gold. Water resistance: 5. Functions: Chronograph, Date, Minute, Second, Hour, Tachymeter. Country of manufacture: Schweiz. Condition: new.",Black,43,,VE6K00523,Greca Dome Chrono 43mm 5ATM,EUR,685.25,23
APW35101,APW35101,7630030590191,,Versace,Apparel & Accessories > Jewelry > Watches,https://b2b.timeshop24.com/media/catalog/product/v/e/ve2g00121.jpg,https://b2b.timeshop24.com/media/catalog/product/v/e/ve2g00121-with-indiglo-on.jpg,https://b2b.timeshop24.com/media/catalog/product/v/e/versace_box_110_20_17_95.jpg,INSTOCK,3,1.000000 KG,en,Versace VE2G00121 Aion Mens Watch 44mm 5ATM,"Versace Versace VE2G00121 Aion Mens Watch 44mm 5ATM. Manufacturer part number: VE2G00121. Series: Aion 44mm. Gender: Mens. Case material: Stainless steel. Case colour: Silver. Case width: 44. Case thickness: 12. Dial colour: White. Display: Analog. Movement: Battery (quartz). Glass: anti-reflecting, Saphire glass. Strap material: Calf leather. Strap colour: Brown. Water resistance: 5. Functions: Date, Minute, Second, Hour. Country of manufacture: Schweiz. Condition: new.",White,44,,VE2G00121,Aion 44mm,EUR,430.63,23
APW48415,APW48415,7613077594773,,Bulova,Apparel & Accessories > Jewelry > Watches,https://b2b.timeshop24.com/media/catalog/product/2/8/28a207_soldier_cmyk.png.thumb.jpg,https://b2b.timeshop24.com/media/catalog/product/2/8/28a207_angle.png.thumb.jpg,https://b2b.timeshop24.com/media/catalog/product/2/8/28a207_back_cmyk.png.thumb.jpg,OUTOFSTOCK,0,0.500000 KG,en,Bulova 28A207 Mens watch Accutron DNA Casino Limited Edition 45mm 5ATM,"Bulova Bulova 28A207 Mens watch Accutron DNA Casino Limited Edition 45mm 5ATM. Manufacturer part number: 28A207. Series: Accutron DNA Casino Limited Edition 45mm 5ATM. Gender: Mens. Case material: Stainless steel. Case colour: Black. Case width: 45. Case thickness: 15. Dial colour: Green. Display: Analog. Movement: Electrostatic (quartz). Movement type: Japan, NS30. Glass: anti-reflecting, Saphire glass. Strap material: Caoutchouc. Strap colour: Green. Water resistance: 5. Functions: Minute, Second, Hour. Country of manufacture: Japan. Condition: new.",Green,45,,28A207,Accutron DNA Casino Limited Edition 45mm 5ATM,EUR,1831.25,23
APW48416,APW48416,7613077594766,,Bulova,Apparel & Accessories > Jewelry > Watches,https://b2b.timeshop24.com/media/catalog/product/2/8/28a206_soldier_rgb.png.thumb.jpg,https://b2b.timeshop24.com/media/catalog/product/2/8/28a206_angle.png.thumb.jpg,https://b2b.timeshop24.com/media/catalog/product/2/8/28a206_4.jpg.thumb.jpg,OUTOFSTOCK,0,0.500000 KG,en,Bulova 28A206 Mens watch Accutron DNA Casino Limited Edition 45mm 5ATM,"Bulova Bulova 28A206 Mens watch Accutron DNA Casino Limited Edition 45mm 5ATM. Manufacturer part number: 28A206. Series: Accutron DNA Casino Limited Edition 45mm 5ATM. Gender: Mens. Case material: Stainless steel. Case colour: Black. Case width: 45. Case thickness: 15. Dial colour: Red. Display: Analog. Movement: Electrostatic (quartz). Movement type: Japan, NS30. Glass: anti-reflecting, Saphire glass. Strap material: Caoutchouc. Strap colour: Red. Water resistance: 5. Functions: Minute, Second, Hour. Country of manufacture: Japan. Condition: new.",Red,45,,28A206,Accutron DNA Casino Limited Edition 45mm 5ATM,EUR,1831.25,23
APW41603,APW41603,7611382561145,,Luminox,Apparel & Accessories > Jewelry > Watches,https://b2b.timeshop24.com/media/catalog/product/x/a/xa.9272.jpg,https://b2b.timeshop24.com/media/catalog/product/x/a/xa.9272_beauty1.jpg,https://b2b.timeshop24.com/media/catalog/product/x/a/xa.9272_dial.jpg,INSTOCK,6,0.500000 KG,en,Luminox XA.9272 Mens Watch F-22 Raptor Titanium Chronograph 44mm 200M,"Luminox Luminox XA.9272 Mens Watch F-22 Raptor Titanium Chronograph 44mm 200M. Manufacturer part number: XA.9272. Series: F-22 Raptor Titanium Chronograph 44mm 200M. Gender: Mens. Case material: Titanium. Case colour: Black. Case width: 44. Case thickness: 15. Dial colour: Black. Display: Analog. Movement: Battery (quartz). Movement type: Swiss Made. Glass: anti-reflecting, Saphire glass. Strap material: Titanium. Strap colour: Black. Water resistance: 20. Functions: Chronograph, Date, Minute, Second, Hour, Day. Country of manufacture: Schweiz. Condition: new.",Black,44,,XA.9272,F-22 Raptor Titanium Chronograph 44mm 200M,EUR,805.63,23
APW37798,APW37798,7613077593011,,Bulova,Apparel & Accessories > Jewelry > Watches,https://b2b.timeshop24.com/media/catalog/product/9/6/96a297.jpg,https://b2b.timeshop24.com/media/catalog/product/9/6/96a297_back.jpg,https://b2b.timeshop24.com/media/catalog/product/b/u/bulova_box_43_12_10_7.jpg,INSTOCK,19,0.500000 KG,en,Bulova 96A297 Curv Mens Watch Chronograph 45mm 3ATM,"Bulova Bulova 96A297 Curv Mens Watch Chronograph 45mm 3ATM. Manufacturer part number: 96A297. Series: Mens Watch Curv Chronograph 45mm. Gender: Mens. Case material: Stainless steel. Case colour: Silver. Case width: 45. Case thickness: 11. Dial colour: Green. Display: Analog. Movement: Battery (quartz). Glass: Saphire glass. Strap material: Stainless steel. Strap colour: Silver. Water resistance: 3. Functions: Chronograph, Date, Minute, Second, Hour. Country of manufacture: Japan. Condition: new.",Green,45,,96A297,Mens Watch Curv Chronograph 45mm,EUR,517.50,23
APW34856,APW34856,7611382602626,,Luminox,Apparel & Accessories > Jewelry > Watches,https://b2b.timeshop24.com/media/catalog/product/x/s/xs_3137_1.jpg,https://b2b.timeshop24.com/media/catalog/product/x/s/xs_3137.jpg,https://b2b.timeshop24.com/media/catalog/product/x/s/xs_3137_side.jpg,INSTOCK,3,0.500000 KG,en,Luminox XS.3137 Pacific Diver 44mm 20ATM,"Luminox Luminox XS.3137 Pacific Diver 44mm 20ATM. Manufacturer part number: XS.3137. Series: Pacific Diver 44mm. Gender: Mens. Case material: Stainless steel. Case colour: Silver. Case width: 44. Case thickness: 13. Dial colour: Green. Display: Analog. Movement: Battery (quartz). Movement type: Swiss Made. Glass: anti-reflecting, Saphire glass. Strap material: Stainless steel. Strap colour: Silver. Water resistance: 20. Functions: Date, Minute, Second, Hour. Country of manufacture: Schweiz. Condition: new.",Green,44,,XS.3137,Pacific Diver 44mm,EUR,480.63,23
APW41253,APW41253,7611160247384,,Victorinox,Apparel & Accessories > Jewelry > Watches,https://b2b.timeshop24.com/media/catalog/product/w/a/wat_242015_s1-jpg.jpg,https://b2b.timeshop24.com/media/catalog/product/w/a/wat_242015_fr-jpg.jpg,https://b2b.timeshop24.com/media/catalog/product/w/a/wat_242015_nv-jpg.jpg,INSTOCK,5,0.500000 KG,en,Victorinox 242015 Mens Watch Journey 1884 Automatic 43mm 20ATM,"Victorinox Victorinox 242015 Mens Watch Journey 1884 Automatic 43mm 20ATM. Manufacturer part number: 242015. Series: Journey 1884 Automatic 43mm 20ATM. Gender: Mens. Case material: Stainless steel, Ceramic. Case colour: Silver. Case width: 43. Case thickness: 12. Dial colour: Green. Display: Analog. Movement: Automatic. Movement type: Swiss Made. Glass: anti-reflecting, Saphire glass. Strap material: Stainless steel. Strap colour: Silver. Water resistance: 20. Functions: Date, Minute, Second, Hour. Country of manufacture: Schweiz. Condition: new.",Green,43,,242015,Journey 1884 Automatic 43mm 20ATM,EUR,743.13,23
APW32391,APW32391,7611160199881,,Victorinox,Apparel & Accessories > Jewelry > Watches,https://b2b.timeshop24.com/media/catalog/product/2/4/241974.jpg,https://b2b.timeshop24.com/media/catalog/product/2/4/241974_front.jpg,https://b2b.timeshop24.com/media/catalog/product/2/4/241974_side.jpg,INSTOCK,5,0.500000 KG,en,Victorinox 241974 Airboss automatic 42mm 10ATM,"Victorinox Victorinox 241974 Airboss automatic 42mm 10ATM. Manufacturer part number: 241974. Series: Airboss Automatik 42mm. Gender: Mens. Case material: Stainless steel. Case colour: Black. Case width: 42. Case thickness: 11. Dial colour: Black. Display: Analog. Movement: Automatic. Movement type: Swiss Made. Glass: anti-reflecting, Saphire glass. Strap material: Stainless steel. Strap colour: Black. Water resistance: 10. Functions: Date, Minute, Second, Hour. Country of manufacture: Schweiz. Condition: new.",Black,42,,241974,Airboss Automatik 42mm,EUR,718.13,23
APW40100,APW40100,7613329172230,,Victorinox,Apparel & Accessories > Jewelry > Watches,https://b2b.timeshop24.com/media/catalog/product/2/4/242010_s1.jpg,https://b2b.timeshop24.com/media/catalog/product/2/4/242010_fr.jpg,https://b2b.timeshop24.com/media/catalog/product/2/4/242010_si.jpg,INSTOCK,11,0.500000 KG,en,Victorinox 242010 Journey 1884 Automatic Mens Watch 43mm 20ATM,"Victorinox Victorinox 242010 Journey 1884 Automatic Mens Watch 43mm 20ATM. Manufacturer part number: 242010. Series: Journey 1884 Automatic 43mm. Gender: Mens. Case material: Stainless steel. Case colour: Silver. Case width: 43. Case thickness: 12. Dial colour: Blue. Display: Analog. Movement: Automatic. Movement type: Swiss Made. Glass: anti-reflecting, Saphire glass. Strap material: Stainless steel. Strap colour: Silver. Water resistance: 20. Functions: Date, Minute, Second, Hour. Country of manufacture: Schweiz. Condition: new.",Blue,43,,242010,Journey 1884 Automatic 43mm,EUR,768.13,23
APW48108,APW48108,7611382672049,,Luminox,Apparel & Accessories > Jewelry > Watches,https://b2b.timeshop24.com/media/catalog/product/x/s/xs.ca22m_frontal_day_view.jpg,https://b2b.timeshop24.com/media/catalog/product/x/s/xs.ca22m_backcase.jpg,https://b2b.timeshop24.com/media/catalog/product/x/s/xs.ca22m_frontal_night_view.jpg,INSTOCK,4,0.500000 KG,en,Luminox XS.CA22M Mens watch Pacific Diver 39mm 20ATM,"Luminox Luminox XS.CA22M Mens watch Pacific Diver 39mm 20ATM. Manufacturer part number: XS.CA22M. Series: Pacific Diver 39mm 20ATM. Gender: Mens. Case material: Stainless steel. Case colour: Black, Silver. Case width: 39. Case thickness: 12. Dial colour: Black. Display: Analog. Movement: Battery (quartz). Movement type: Swiss Made, RONDA 515. Glass: anti-reflecting, Saphire glass. Strap material: nitrile rubber. Strap colour: Grey. Water resistance: 20. Functions: Date, Minute, Second, Hour. Country of manufacture: Schweiz. Condition: new.",Black,39,,XS.CA22M,Pacific Diver 39mm 20ATM,EUR,437.73,23
APW36773,APW36773,4974374306920,,Citizen,Apparel & Accessories > Jewelry > Watches,https://b2b.timeshop24.com/media/catalog/product/n/b/nb6012-18l.jpg,https://b2b.timeshop24.com/media/catalog/product/c/i/citizen-nb6012-18l-mood-03.jpg,https://b2b.timeshop24.com/media/catalog/product/c/i/citizen-nb6012-18l-mood-01.jpg,INSTOCK,16,0.500000 KG,en,Citizen NB6012-18L Series 8 Automatic Mens Watch 40mm 10ATM,"Citizen Citizen NB6012-18L Series 8 Automatic Mens Watch 40mm 10ATM. Manufacturer part number: NB6012-18L. Series: Series 8 Automatic 40mm. Gender: Mens. Case material: Stainless steel. Case colour: Rosé gold. Case width: 40. Case thickness: 10. Dial colour: Blue. Display: Analog. Movement: Automatic. Movement type: 9051, Citizen. Glass: anti-reflecting, Saphire glass. Strap material: Calf leather, Silicon. Strap colour: Blue, Black. Water resistance: 10. Functions: Antimagnetic, Date, Minute, Second, Hour. Country of manufacture: Japan. Condition: new.",Blue,40,,NB6012-18L,Series 8 Automatic 40mm,EUR,593.13,23
APW34886,APW34886,7613077585559,,Bulova,Apparel & Accessories > Jewelry > Watches,https://b2b.timeshop24.com/media/catalog/product/9/8/98b358.jpg,https://b2b.timeshop24.com/media/catalog/product/9/8/98b358_emo1.jpg,https://b2b.timeshop24.com/media/catalog/product/9/8/98b358_side.jpg,INSTOCK,34,0.500000 KG,en,Bulova 98B358 Precisionist Chronograph 46mm 30ATM,"Bulova Bulova 98B358 Precisionist Chronograph 46mm 30ATM. Manufacturer part number: 98B358. Series: Precisionist Chronograph 46mm. Gender: Mens. Case material: Stainless steel. Case colour: Black. Case width: 46. Case thickness: 18. Dial colour: Black. Display: Analog. Movement: Battery (quartz). Glass: anti-reflecting, Saphire glass. Strap material: Silicon. Strap colour: Black. Water resistance: 30. Functions: Chronograph, Date, Minute, Second, Hour. Country of manufacture: Japan. Condition: new.",Black,46,,98B358,Precisionist Chronograph 46mm,EUR,530.63,23
APW41356,APW41356,7611160230652,,Victorinox,Apparel & Accessories > Jewelry > Watches,https://b2b.timeshop24.com/media/catalog/product/w/a/wat_241988-1_s1-jpg.jpg,https://b2b.timeshop24.com/media/catalog/product/w/a/wat_-241988-1_s2-jpg.jpg,https://b2b.timeshop24.com/media/catalog/product/w/a/wat_241988-1_nv-jpg.jpg,INSTOCK,3,0.500000 KG,en,Victorinox 241988.1 Mens Watch I.N.O.X Titanium Chronograph 43mm 20ATM,"Victorinox Victorinox 241988.1 Mens Watch I.N.O.X Titanium Chronograph 43mm 20ATM. Manufacturer part number: 241988.1. Series: I.N.O.X Titanium Chronograph 43mm 20ATM. Gender: Mens. Case material: Carbon, Titanium. Case colour: Grey, Black. Case width: 43. Case thickness: 13. Dial colour: Black. Display: Analog. Movement: Battery (quartz). Movement type: Swiss Made. Glass: anti-reflecting, Saphire glass. Strap material: Wood. Strap colour: Brown. Water resistance: 20. Functions: Chronograph, Date, Minute, Second, Hour, Day. Country of manufacture: Schweiz. Condition: new.",Black,43,,241988.1,I.N.O.X Titanium Chronograph 43mm 20ATM,EUR,705.63,23
APW43371,APW43371,7611382669773,,Luminox,Apparel & Accessories > Jewelry > Watches,https://b2b.timeshop24.com/media/catalog/product/x/s/xs.0944.jpg,https://b2b.timeshop24.com/media/catalog/product/x/s/xs.0944-side.jpg,https://b2b.timeshop24.com/media/catalog/product/x/s/xs.0944-back.jpg,INSTOCK,4,0.500000 KG,en,Luminox XS.0944 Mens Watch Sport Timer 40mm 10ATM,"Luminox Luminox XS.0944 Mens Watch Sport Timer 40mm 10ATM. Manufacturer part number: XS.0944. Series: Sport Timer 40mm 10ATM. Gender: Mens. Case material: Stainless steel. Case colour: Silver. Case width: 40. Case thickness: 12. Dial colour: Blue. Display: Analog. Movement: Battery (quartz). Movement type: 515, Ronda, Swiss Made. Glass: anti-reflecting, Saphire glass. Strap material: Stainless steel. Strap colour: Gold, Silver. Water resistance: 10. Functions: Date, Minute, Second, Hour. Country of manufacture: Schweiz. Condition: new.",Blue,40,,XS.0944,Sport Timer 40mm 10ATM,EUR,349.38,23
APW34858,APW34858,7611382602893,,Luminox,Apparel & Accessories > Jewelry > Watches,https://b2b.timeshop24.com/media/catalog/product/x/l/xl_3321_1.jpg,https://b2b.timeshop24.com/media/catalog/product/x/l/xl_3321.jpg,https://b2b.timeshop24.com/media/catalog/product/x/l/xl_3321_side.jpg,INSTOCK,11,0.500000 KG,en,Luminox XL.3321 Commando Raider Dual Time 46mm 20ATM,"Luminox Luminox XL.3321 Commando Raider Dual Time 46mm 20ATM. Manufacturer part number: XL.3321. Series: Commando Raider Dual Time 46mm. Gender: Mens. Case material: Carbon. Case colour: Black. Case width: 46. Case thickness: 15. Dial colour: Cream. Display: Analog. Movement: Battery (quartz). Movement type: Swiss Made. Glass: anti-reflecting, Saphire glass. Strap material: Caoutchouc. Strap colour: Black. Water resistance: 20. Functions: 2 timezones, Date, Minute, Second, Hour. Country of manufacture: Schweiz. Condition: new.",Cream,46,,XL.3321,Commando Raider Dual Time 46mm,EUR,355.63,23
APW43311,APW43311,7611382669759,,Luminox,Apparel & Accessories > Jewelry > Watches,https://b2b.timeshop24.com/media/catalog/product/x/s/xs.0941.jpg,https://b2b.timeshop24.com/media/catalog/product/x/s/xs.0941_side.jpg,https://b2b.timeshop24.com/media/catalog/product/x/s/xs.0941-back.jpg,INSTOCK,10,0.500000 KG,en,Luminox XS.0941 Mens Watch Sport Timer 40mm 10ATM,"Luminox Luminox XS.0941 Mens Watch Sport Timer 40mm 10ATM. Manufacturer part number: XS.0941. Series: Sport Timer 40mm 10ATM. Gender: Mens. Case material: Stainless steel. Case colour: Silver. Case width: 40. Case thickness: 12. Dial colour: Black. Display: Analog. Movement: Battery (quartz). Movement type: 515, Ronda, Swiss Made. Glass: anti-reflecting, Saphire glass. Strap material: Stainless steel. Strap colour: Silver. Water resistance: 10. Functions: Date, Minute, Second, Hour. Country of manufacture: Schweiz. Condition: new.",Black,40,,XS.0941,Sport Timer 40mm 10ATM,EUR,355.63,23
APW41870,APW41870,7611382659354,,Luminox,Apparel & Accessories > Jewelry > Watches,https://b2b.timeshop24.com/media/catalog/product/x/s/xs0913_1.jpg,https://b2b.timeshop24.com/media/catalog/product/x/s/xs0913_dark.jpg,https://b2b.timeshop24.com/media/catalog/product/x/s/xs0913_dial.jpg,INSTOCK,5,0.500000 KG,en,Luminox XS.0913 Mens Watch Sport Timer 42mm 10ATM,"Luminox Luminox XS.0913 Mens Watch Sport Timer 42mm 10ATM. Manufacturer part number: XS.0913. Series: Sport Timer 42mm 10ATM. Gender: Mens. Case material: Stainless steel. Case colour: Silver. Case width: 42. Case thickness: 13. Dial colour: Blue. Display: Analog. Movement: Battery (quartz). Movement type: 515, Ronda, Swiss Made. Glass: anti-reflecting, Saphire glass. Strap material: Stainless steel. Strap colour: Silver. Water resistance: 10. Functions: Date, Minute, Second, Hour. Country of manufacture: Schweiz. Condition: new.",Blue,42,,XS.0913,Sport Timer 42mm 10ATM,EUR,355.63,23
APW41871,APW41871,7611382660251,,Luminox,Apparel & Accessories > Jewelry > Watches,https://b2b.timeshop24.com/media/catalog/product/x/s/xs.0914-1.jpg,https://b2b.timeshop24.com/media/catalog/product/x/s/xs0914_dark.jpg,https://b2b.timeshop24.com/media/catalog/product/x/s/xs.0914_dial.jpg,INSTOCK,4,0.500000 KG,en,Luminox XS.0914 Mens Watch Sport Timer 42mm 10ATM,"Luminox Luminox XS.0914 Mens Watch Sport Timer 42mm 10ATM. Manufacturer part number: XS.0914. Series: Sport Timer 42mm 10ATM. Gender: Mens. Case material: Stainless steel. Case colour: Silver. Case width: 42. Case thickness: 13. Dial colour: Blue. Display: Analog. Movement: Battery (quartz). Movement type: 515, Ronda, Swiss Made. Glass: anti-reflecting, Saphire glass. Strap material: Stainless steel. Strap colour: Silver. Water resistance: 10. Functions: Date, Minute, Second, Hour. Country of manufacture: Schweiz. Condition: new.",Blue,42,,XS.0914,Sport Timer 42mm 10ATM,EUR,355.63,23
APW41869,APW41869,7611382659361,,Luminox,Apparel & Accessories > Jewelry > Watches,https://b2b.timeshop24.com/media/catalog/product/x/s/xs.0911-s90-_2024_1024x1024.jpg,https://b2b.timeshop24.com/media/catalog/product/x/s/xs.0911-nvs-_2024_1024x1024.jpg,https://b2b.timeshop24.com/media/catalog/product/x/s/xs.0911-det2-_2024_1024x1024.jpg,INSTOCK,3,0.500000 KG,en,Luminox XS.0911 Mens Watch Sport Timer 42mm 10ATM,"Luminox Luminox XS.0911 Mens Watch Sport Timer 42mm 10ATM. Manufacturer part number: XS.0911. Series: Sport Timer 42mm 10ATM. Gender: Mens. Case material: Stainless steel. Case colour: Silver. Case width: 42. Case thickness: 13. Dial colour: Black. Display: Analog. Movement: Battery (quartz). Movement type: 515, Ronda, Swiss Made. Glass: anti-reflecting, Saphire glass. Strap material: Stainless steel. Strap colour: Silver. Water resistance: 10. Functions: Date, Minute, Second, Hour. Country of manufacture: Schweiz. Condition: new.",Black,42,,XS.0911,Sport Timer 42mm 10ATM,EUR,355.63,23
APW22711,APW22711,7630040936484,,Luminox,Apparel & Accessories > Jewelry > Watches,https://b2b.timeshop24.com/media/catalog/product/x/s/xs.3583_front1.jpg,https://b2b.timeshop24.com/media/catalog/product/x/s/xs.3583_front.jpg,https://b2b.timeshop24.com/media/catalog/product/b/o/box_leatherback_3.jpg,INSTOCK,25,0.500000 KG,en,Luminox XS.3583 Navy Seal Chronograph 45mm 20 ATM,"Luminox Luminox XS.3583 Navy Seal Chronograph 45mm 20 ATM. Manufacturer part number: XS.3583. Series: Navy Seal. Gender: Mens. Case material: Plastic. Case colour: Black. Case width: 45. Case thickness: 15. Dial colour: Blue. Display: Analog. Movement: Battery (quartz). Glass: hardened, Mineral glass. Strap material: Silicon. Strap colour: Black. Water resistance: 20. Functions: Chronograph, Date, Minute, Second, Hour. Country of manufacture: Schweiz. Condition: new.",Blue,45,,XS.3583,Navy Seal,EUR,368.13,23
APW36861,APW36861,7613077585542,,Bulova,Apparel & Accessories > Jewelry > Watches,https://b2b.timeshop24.com/media/catalog/product/9/8/98b357.jpg,https://b2b.timeshop24.com/media/catalog/product/9/8/98b357_scale.jpg,https://b2b.timeshop24.com/media/catalog/product/9/8/98b357_side.jpg,OUTOFSTOCK,0,0.500000 KG,en,Bulova 98B357 Precisionist Chronograph Mens Watch 46mm 30ATM,"Bulova Bulova 98B357 Precisionist Chronograph Mens Watch 46mm 30ATM. Manufacturer part number: 98B357. Series: Precisionist Chronograph 46mm. Gender: Mens. Case material: Stainless steel. Case colour: Grey. Case width: 46. Case thickness: 18. Dial colour: Blue. Display: Analog. Movement: Battery (quartz). Glass: anti-reflecting, Saphire glass. Strap material: Silicon. Strap colour: Blue. Water resistance: 30. Functions: Chronograph, Date, Minute, Second, Hour. Country of manufacture: Japan. Condition: new.",Blue,46,,98B357,Precisionist Chronograph 46mm,EUR,530.63,23
APW40101,APW40101,7611160229823,,Victorinox,Apparel & Accessories > Jewelry > Watches,https://b2b.timeshop24.com/media/catalog/product/2/4/241981_s1.jpg,https://b2b.timeshop24.com/media/catalog/product/2/4/241981_b_1.jpg,https://b2b.timeshop24.com/media/catalog/product/2/4/241981_hand_14.jpg,INSTOCK,10,0.500000 KG,en,Victorinox 241981 Journey 1884 Automatic Mens Watch 43mm 20ATM,"Victorinox Victorinox 241981 Journey 1884 Automatic Mens Watch 43mm 20ATM. Manufacturer part number: 241981. Series: Journey 1884 Automatic 43mm. Gender: Mens. Case material: Stainless steel. Case colour: Silver. Case width: 43. Case thickness: 12. Dial colour: Black. Display: Analog. Movement: Automatic. Movement type: Swiss Made. Glass: anti-reflecting, Saphire glass. Strap material: Stainless steel. Strap colour: Silver. Water resistance: 20. Functions: Date, Minute, Second, Hour. Country of manufacture: Schweiz. Condition: new.",Black,43,,241981,Journey 1884 Automatic 43mm,EUR,805.63,23
APW40102,APW40102,7613329172247,,Victorinox,Apparel & Accessories > Jewelry > Watches,https://b2b.timeshop24.com/media/catalog/product/2/4/242009_s1.jpg,https://b2b.timeshop24.com/media/catalog/product/w/a/wat_242009_fr.jpg,https://b2b.timeshop24.com/media/catalog/product/2/4/242009_si.jpg,INSTOCK,6,0.500000 KG,en,Victorinox 242009 Journey 1884 Mens Watch 43mm 20ATM,"Victorinox Victorinox 242009 Journey 1884 Mens Watch 43mm 20ATM. Manufacturer part number: 242009. Series: Journey 1884 43mm. Gender: Mens. Case material: Stainless steel. Case colour: Silver. Case width: 43. Case thickness: 12. Dial colour: Black. Display: Analog. Movement: Battery (quartz). Movement type: Swiss Made. Glass: anti-reflecting, Saphire glass. Strap material: Stainless steel. Strap colour: Silver. Water resistance: 20. Functions: Antimagnetic, Date, Minute, Second, Hour. Country of manufacture: Schweiz. Condition: new.",Black,43,,242009,Journey 1884 43mm,EUR,505.63,23
APW31132,APW31132,7630000733375,,Victorinox,Apparel & Accessories > Jewelry > Watches,https://b2b.timeshop24.com/media/catalog/product/2/4/241819.jpg,https://b2b.timeshop24.com/media/catalog/product/2/4/241819_side.jpg,https://b2b.timeshop24.com/media/catalog/product/2/4/241819_back.jpg,INSTOCK,10,0.500000 KG,en,Victorinox 241819 Alliance Sport chronograph 44mm 10ATM,"Victorinox Victorinox 241819 Alliance Sport chronograph 44mm 10ATM. Manufacturer part number: 241819. Series: Alliance Sport Chrono 44mm. Gender: Mens. Case material: Stainless steel. Case colour: Silver. Case width: 44. Case thickness: 11. Dial colour: White. Display: Analog. Movement: Battery (quartz). Glass: anti-reflecting, Saphire glass. Strap material: Calf leather. Strap colour: Black. Water resistance: 10. Functions: Chronograph, Date, Minute, Second, Hour. Country of manufacture: Schweiz. Condition: new.",White,44,,241819,Alliance Sport Chrono 44mm,EUR,368.13,23
APW28457,APW28457,7611160091680,,Victorinox,Apparel & Accessories > Jewelry > Watches,https://b2b.timeshop24.com/media/catalog/product/2/4/241902_front.jpg,https://b2b.timeshop24.com/media/catalog/product/2/4/241902_front2.jpg,https://b2b.timeshop24.com/media/catalog/product/2/4/241902_side.jpg,INSTOCK,11,0.500000 KG,en,Victorinox 241902 Fieldforce chronograph 42mm 10ATM,"Victorinox Victorinox 241902 Fieldforce chronograph 42mm 10ATM. Manufacturer part number: 241902. Series: Fieldforce Chrono 42 mm. Gender: Mens. Case material: Stainless steel. Case colour: Silver. Case width: 42. Case thickness: 12. Dial colour: Grey. Display: Analog. Movement: Battery (quartz). Movement type: 5030.D, Ronda, Swiss Made. Glass: anti-reflecting, Saphire glass. Strap material: Stainless steel. Strap colour: Gold, Silver. Water resistance: 10. Functions: Chronograph, Date, Minute, Second, Hour. Country of manufacture: Schweiz. Condition: new.",Grey,42,,241902,Fieldforce Chrono 42 mm,EUR,455.63,23
APW31120,APW31120,7611160124906,,Victorinox,Apparel & Accessories > Jewelry > Watches,https://b2b.timeshop24.com/media/catalog/product/2/4/241912.jpg,https://b2b.timeshop24.com/media/catalog/product/2/4/241912_front.jpg,https://b2b.timeshop24.com/media/catalog/product/2/4/241912_side.jpg,INSTOCK,3,0.500000 KG,en,Victorinox 241912 Alliance men`s 40mm 10ATM,"Victorinox Victorinox 241912 Alliance men`s 40mm 10ATM. Manufacturer part number: 241912. Series: Alliance 40mm. Gender: Mens. Case material: Stainless steel. Case colour: Rosé gold, Silver. Case width: 40. Case thickness: 9. Dial colour: Silver. Display: Analog. Movement: Battery (quartz). Glass: anti-reflecting, Saphire glass. Strap material: Stainless steel. Strap colour: Rosé gold, Silver. Water resistance: 10. Functions: Date, Minute, Second, Hour. Country of manufacture: Schweiz. Condition: new.",Silver,40,,241912,Alliance 40mm,EUR,380.63,23
APW31119,APW31119,7611160124890,,Victorinox,Apparel & Accessories > Jewelry > Watches,https://b2b.timeshop24.com/media/catalog/product/2/4/241911.jpg,https://b2b.timeshop24.com/media/catalog/product/2/4/241911_front.jpg,https://b2b.timeshop24.com/media/catalog/product/2/4/241911_side.jpg,OUTOFSTOCK,0,0.500000 KG,en,Victorinox 241911 Alliance men`s 40mm 10ATM,"Victorinox Victorinox 241911 Alliance men`s 40mm 10ATM. Manufacturer part number: 241911. Series: Alliance 40mm. Gender: Mens. Case material: Stainless steel. Case colour: Rosé gold, Silver. Case width: 40. Case thickness: 9. Dial colour: Blue. Display: Analog. Movement: Battery (quartz). Glass: anti-reflecting, Saphire glass. Strap material: Stainless steel. Strap colour: Rosé gold, Silver. Water resistance: 10. Functions: Date, Minute, Second, Hour. Country of manufacture: Schweiz. Condition: new.",Blue,40,,241911,Alliance 40mm,EUR,380.63,23
APW42112,APW42112,7613077600580,,Bulova,Apparel & Accessories > Jewelry > Watches,https://b2b.timeshop24.com/media/catalog/product/9/6/96b447.jpg,https://b2b.timeshop24.com/media/catalog/product/9/6/96b447_2.jpg,https://b2b.timeshop24.com/media/catalog/product/9/6/96b447_3.jpg,INSTOCK,3,0.500000 KG,en,Bulova 96B447 Mens Watch Hudson Automatic 39mm 3ATM,"Bulova Bulova 96B447 Mens Watch Hudson Automatic 39mm 3ATM. Manufacturer part number: 96B447. Series: Hudson Automatic 39mm 3ATM. Gender: Mens. Case material: Stainless steel. Case colour: Silver. Case width: 39. Case thickness: 12. Dial colour: Blue. Display: Analog. Movement: Automatic. Movement type: 21 Jewels, Miyota, Japan. Glass: anti-reflecting, Saphire glass. Strap material: Stainless steel. Strap colour: Silver. Water resistance: 3. Functions: Date, Minute, Second, Hour. Country of manufacture: Japan. Condition: new.",Blue,39,,96B447,Hudson Automatic 39mm 3ATM,EUR,305.63,23
APW42465,APW42465,7611382621955,,Mondaine,Apparel & Accessories > Jewelry > Watches,https://b2b.timeshop24.com/media/catalog/product/a/6/a660.30360.60sbs-s90-_2022.jpg,https://b2b.timeshop24.com/media/catalog/product/a/6/a660.30360.60sbs-c80-_2022.jpg,https://b2b.timeshop24.com/media/catalog/product/a/6/a660.30360.60sbs-ml-_2022.jpg,INSTOCK,47,0.500000 KG,en,Mondaine A660.30360.60SBS Classic Green And Gold 40mm 3ATM,"Mondaine Mondaine A660.30360.60SBS Classic Green And Gold 40mm 3ATM. Manufacturer part number: A660.30360.60SBS. Series: Classic Green And Gold 40mm 3ATM. Gender: Ladies, Mens, Unisex. Case material: Stainless steel. Case colour: Gold. Case width: 40. Case thickness: 8. Dial colour: Green. Display: Analog. Movement: Battery (quartz). Movement type: Ronda, Swiss Made, 513-RL. Glass: hardened, Mineral glass. Strap material: Cork, Textile. Strap colour: Green. Water resistance: 3. Functions: Minute, Second, Hour. Country of manufacture: Schweiz. Condition: new.",Green,40,,A660.30360.60SBS,Classic Green And Gold 40mm 3ATM,EUR,205.63,23
APW42467,APW42467,7611382621962,,Mondaine,Apparel & Accessories > Jewelry > Watches,https://b2b.timeshop24.com/media/catalog/product/a/6/a660.30360.80sbu-s90-_2022.jpg,https://b2b.timeshop24.com/media/catalog/product/a/6/a660.30360.80sbu-c80-_2022.jpg,https://b2b.timeshop24.com/media/catalog/product/a/6/a660.30360.80sbu-ml-_2022.jpg,INSTOCK,81,0.500000 KG,en,Mondaine A660.30360.80SBU Classic Gray And Gold 40mm 3ATM,"Mondaine Mondaine A660.30360.80SBU Classic Gray And Gold 40mm 3ATM. Manufacturer part number: A660.30360.80SBU. Series: Classic Gray And Gold 40mm 3ATM. Gender: Ladies, Mens, Unisex. Case material: Stainless steel. Case colour: Gold. Case width: 40. Case thickness: 8. Dial colour: Grey. Display: Analog. Movement: Battery (quartz). Movement type: Ronda, Swiss Made, 513-RL. Glass: hardened, Mineral glass. Strap material: Cork, Textile. Strap colour: Grey. Water resistance: 3. Functions: Minute, Second, Hour. Country of manufacture: Schweiz. Condition: new.",Grey,40,,A660.30360.80SBU,Classic Gray And Gold 40mm 3ATM,EUR,205.63,23
APW42461,APW42461,7611382622082,,Mondaine,Apparel & Accessories > Jewelry > Watches,https://b2b.timeshop24.com/media/catalog/product/a/6/a660.30314.80sbu-s90-_2022.jpg,https://b2b.timeshop24.com/media/catalog/product/a/6/a660.30314.80sbu-c80-_2022.jpg,https://b2b.timeshop24.com/media/catalog/product/a/6/a660.30314.80sbu-ml-_2022.jpg,INSTOCK,45,0.500000 KG,en,Mondaine A660.30314.80SBU Ladies Watch Classic Gray And Gold 36mm 3ATM,"Mondaine Mondaine A660.30314.80SBU Ladies Watch Classic Gray And Gold 36mm 3ATM. Manufacturer part number: A660.30314.80SBU. Series: Classic Gray And Gold 36mm 3ATM. Gender: Ladies. Case material: Stainless steel. Case colour: Gold. Case width: 36. Case thickness: 8. Dial colour: Grey. Display: Analog. Movement: Battery (quartz). Movement type: Ronda, Swiss Made, 513-RL. Glass: hardened, Mineral glass. Strap material: Cork, Textile. Strap colour: Grey. Water resistance: 3. Functions: Minute, Second, Hour. Country of manufacture: Schweiz. Condition: new.",Grey,36,,A660.30314.80SBU,Classic Gray And Gold 36mm 3ATM,EUR,199.38,23
APW46823,APW46823,4974374306913,,Citizen,Apparel & Accessories > Jewelry > Watches,https://b2b.timeshop24.com/media/catalog/product/c/i/citizen_nb6010-81e_front.jpg,https://b2b.timeshop24.com/media/catalog/product/c/i/citizen_nb6010-81e_side.jpg,https://b2b.timeshop24.com/media/catalog/product/c/i/citizen_nb6010-81e_back.jpg,INSTOCK,25,0.500000 KG,en,Citizen NB6010-81E Mens Watch Series 8 Automatic 40mm 10ATM,"Citizen Citizen NB6010-81E Mens Watch Series 8 Automatic 40mm 10ATM . Manufacturer part number: NB6010-81E. Series: Series 8 Automatic 40mm 10ATM. Gender: Mens. Case material: Stainless steel. Case colour: Silver. Case width: 40. Case thickness: 10. Dial colour: Black. Display: Analog. Movement: Automatic. Movement type: 9051, Citizen. Glass: anti-reflecting, Saphire glass. Strap material: Stainless steel. Strap colour: Silver. Water resistance: 10. Functions: Date, Powerreserve, Minute, Second, Hour. Country of manufacture: Japan. Condition: new.",Black,40,,NB6010-81E,Series 8 Automatic 40mm 10ATM,EUR,605.63,23
APW34107,APW34107,4041338721836,,Zeppelin,Apparel & Accessories > Jewelry > Watches,https://b2b.timeshop24.com/media/catalog/product/z/e/zeppelin-7218-3-eurofighter-typhoon-automatik-limited-herrenuhr-002.jpg,https://b2b.timeshop24.com/media/catalog/product/z/e/zeppelin-7218-3-eurofighter-typhoon-automatik-limited-herrenuhr-mood-002.jpg,https://b2b.timeshop24.com/media/catalog/product/z/e/zeppelin-7218-3-eurofighter-typhoon-automatik-limited-herrenuhr-mood-005.jpg,OUTOFSTOCK,0,0.500000 KG,en,Zeppelin 7218-3 Eurofighter Typhoon Automatic Limited Mens Watch Chronograph 43mm 20ATM,"Zeppelin Zeppelin 7218-3 Eurofighter Typhoon Automatic Limited Mens Watch Chronograph 43mm 20ATM. Manufacturer part number: 72183. Series: Eurofighter Typhoon Autom. 43mm. Gender: Mens. Case material: Stainless steel. Case colour: Silver. Case width: 43. Case thickness: 13. Dial colour: Blue. Display: Analog. Movement: Automatic. Movement type: 7753, ETA, Swiss Made, Valjoux. Glass: Saphire glass. Strap material: Calf leather. Strap colour: Black. Water resistance: 20. Functions: Chronograph, Date, Minute, Second, Hour, Day. Country of manufacture: Deutschland. Condition: new.",Blue,43,,72183,Eurofighter Typhoon Autom. 43mm,EUR,1399.38,23
APW42828,APW42828,7611382640444,,Mondaine,Apparel & Accessories > Jewelry > Watches,https://b2b.timeshop24.com/media/catalog/product/m/s/mse.26130.sm-c80-_2022.jpg,https://b2b.timeshop24.com/media/catalog/product/m/s/mse.26130.sm-s90-_2022.jpg,https://b2b.timeshop24.com/media/catalog/product/m/s/mse.26130.sm-fl1-_2022.jpg,INSTOCK,4,0.500000 KG,en,Mondaine MSE.26130.SM Ladies Watch evo2 SBB 26mm 3ATM,"Mondaine Mondaine MSE.26130.SM Ladies Watch evo2 SBB 26mm 3ATM. Manufacturer part number: MSE.26130.SM. Series: evo2 SBB 26mm 3ATM. Gender: Ladies. Case material: Stainless steel. Case colour: Silver. Case width: 26. Case thickness: 8. Dial colour: Pink. Display: Analog. Movement: Battery (quartz). Movement type: 763E, Ronda, Swiss Made. Glass: anti-reflecting, Saphire glass. Strap material: Stainless steel. Strap colour: Silver. Water resistance: 3. Functions: Minute, Second, Hour. Country of manufacture: Schweiz. Condition: new.",Pink,26,,MSE.26130.SM,evo2 SBB 26mm 3ATM,EUR,205.63,23
APW43534,APW43534,4041338721676,,Zeppelin,Apparel & Accessories > Jewelry > Watches,https://b2b.timeshop24.com/media/catalog/product/z/e/zeppelin-7216m-2-alain-robert-automatik-chrono-limited-002.jpg,https://b2b.timeshop24.com/media/catalog/product/z/e/zeppelin-7216m-2-alain-robert-automatik-chrono-limited-mood-002.jpg,https://b2b.timeshop24.com/media/catalog/product/z/e/zeppelin-7216m-2-alain-robert-automatik-chrono-limited-mood-004.jpg,OUTOFSTOCK,0,0.500000 KG,en,Zeppelin 7216M-2 Mens Watch Alain Robert Automatic Chrono Limited 42mm 10 ATM,"Zeppelin Zeppelin 7216M-2 Mens Watch Alain Robert Automatic Chrono Limited 42mm 10 ATM. Manufacturer part number: 7216M2. Series: Alain Robert Automatic Chrono Limited 42mm 10 ATM. Gender: Mens. Case material: Stainless steel. Case colour: Silver. Case width: 42. Case thickness: 16. Dial colour: Black. Display: Analog. Movement: Automatic. Movement type: 25 Jewels, 7750, Swiss Made, ETA Valjoux. Glass: anti-reflecting, Saphire glass. Strap material: Stainless steel. Strap colour: Silver. Water resistance: 10. Functions: Date, Minute, Second, Hour, Day. Country of manufacture: Deutschland. Condition: new.",Black,42,,7216M2,Alain Robert Automatic Chrono Limited 42mm 10 ATM,EUR,1293.13,23
APW42110,APW42110,7613077599754,,Bulova,Apparel & Accessories > Jewelry > Watches,https://b2b.timeshop24.com/media/catalog/product/9/6/96b441.jpg,https://b2b.timeshop24.com/media/catalog/product/9/6/96b441_2.jpg,https://b2b.timeshop24.com/media/catalog/product/9/6/96b441_3.jpg,INSTOCK,11,0.500000 KG,en,Bulova 96B441 Mens Watch Hudson Automatic 39mm 3ATM,"Bulova Bulova 96B441 Mens Watch Hudson Automatic 39mm 3ATM. Manufacturer part number: 96B441. Series: Hudson Automatic 39mm 3ATM. Gender: Mens. Case material: Stainless steel. Case colour: Silver. Case width: 39. Case thickness: 12. Dial colour: Black. Display: Analog. Movement: Automatic. Movement type: 21 Jewels, Miyota, Japan. Glass: anti-reflecting, Saphire glass. Strap material: Calf leather. Strap colour: Black. Water resistance: 3. Functions: Date, Minute, Second, Hour. Country of manufacture: Japan. Condition: new.",Black,39,,96B441,Hudson Automatic 39mm 3ATM,EUR,286.88,23
APW28292,APW28292,4041338721621,,Zeppelin,Apparel & Accessories > Jewelry > Watches,https://b2b.timeshop24.com/media/catalog/product/z/e/zeppelin-7216-2-alain-robert-automatik-chrono-limited-002.jpg,https://b2b.timeshop24.com/media/catalog/product/z/e/zeppelin-7216-2-alain-robert-automatik-chrono-limited-mood-002.jpg,https://b2b.timeshop24.com/media/catalog/product/z/e/zeppelin-7216-2-alain-robert-automatik-chrono-limited-mood-006.jpg,INSTOCK,4,0.500000 KG,en,Zeppelin 7216-2 Night Cruise automatic chrono 42 mm 10ATM,"Zeppelin Zeppelin 7216-2 Night Cruise automatic chrono 42 mm 10ATM. Manufacturer part number: 72162. Series: Night Cruise Autom. Chronograph 42 mm. Gender: Mens. Case material: Stainless steel. Case colour: Black, Silver. Case width: 42. Case thickness: 16. Dial colour: Black. Display: Analog. Movement: Automatic. Movement type: 7750, ETA, Swiss Made. Glass: Saphire glass. Strap material: Calf leather. Strap colour: Black. Water resistance: 10. Functions: Chronograph, Date, Minute, Second, Hour, Day. Country of manufacture: Deutschland. Condition: new.",Black,42,,72162,Night Cruise Autom. Chronograph 42 mm,EUR,1280.56,23
APW41362,APW41362,4974374341679,,Citizen,Apparel & Accessories > Jewelry > Watches,https://b2b.timeshop24.com/media/catalog/product/c/a/ca4610-85z.jpg,https://b2b.timeshop24.com/media/catalog/product/c/a/ca4610-85z_2.jpg,https://b2b.timeshop24.com/media/catalog/product/c/a/ca4610-85z_3.jpg,INSTOCK,28,0.500000 KG,en,Citizen CA4610-85Z Mens Watch Eco-Drive Super Titanium Chronograph 43mm 10ATM,"Citizen Citizen CA4610-85Z Mens Watch Eco-Drive Super Titanium Chronograph 43mm 10ATM. Manufacturer part number: CA4610-85Z. Series: Eco-Drive Super Titanium Chronograph 43mm 10ATM. Gender: Mens. Case material: Titanium. Case colour: Silver. Case width: 43. Case thickness: 12. Dial colour: Brown. Display: Analog. Movement: Solar (quartz). Movement type: B620, Citizen. Glass: anti-reflecting, Saphire glass. Strap material: Titanium. Strap colour: Silver. Water resistance: 10. Functions: 24-hours, Chronograph, Date, Minute, Second, Hour. Country of manufacture: Japan. Condition: new.",Brown,43,,CA4610-85Z,Eco-Drive Super Titanium Chronograph 43mm 10ATM,EUR,349.38,23
APW42460,APW42460,7611382622075,,Mondaine,Apparel & Accessories > Jewelry > Watches,https://b2b.timeshop24.com/media/catalog/product/a/6/a660.30314.60sbs-s90-_2022.jpg,https://b2b.timeshop24.com/media/catalog/product/a/6/a660.30314.60sbs-c80-_2022.jpg,https://b2b.timeshop24.com/media/catalog/product/a/6/a660.30314.60sbs-fl-_2022.jpg,INSTOCK,22,0.500000 KG,en,Mondaine A660.30314.60SBS Ladies Watch Classic Green And Gold 36mm 3ATM,"Mondaine Mondaine A660.30314.60SBS Ladies Watch Classic Green And Gold 36mm 3ATM. Manufacturer part number: A660.30314.60SBS. Series: Classic Green And Gold 36mm 3ATM. Gender: Ladies. Case material: Stainless steel. Case colour: Gold. Case width: 36. Case thickness: 8. Dial colour: Green. Display: Analog. Movement: Battery (quartz). Movement type: Ronda, Swiss Made, 513-RL. Glass: hardened, Mineral glass. Strap material: Cork, Textile. Strap colour: Green. Water resistance: 3. Functions: Minute, Second, Hour. Country of manufacture: Schweiz. Condition: new.",Green,36,,A660.30314.60SBS,Classic Green And Gold 36mm 3ATM,EUR,205.63,23
APW42462,APW42462,7611382610591,,Mondaine,Apparel & Accessories > Jewelry > Watches,https://b2b.timeshop24.com/media/catalog/product/a/6/a660.30360.16sbr-s90-1080x1080px-_2021.jpg,https://b2b.timeshop24.com/media/catalog/product/a/6/a660.30360.16sbr-c80-_2021.jpg,https://b2b.timeshop24.com/media/catalog/product/a/6/a660.30360.16sbr-fl-1080px-_2021.jpg,INSTOCK,108,0.500000 KG,en,Mondaine A660.30360.16SBR Classic Black And pink 40mm 3ATM,"Mondaine Mondaine A660.30360.16SBR Classic Black And pink 40mm 3ATM. Manufacturer part number: A660.30360.16SBR. Series: Classic Black And pink 40mm 3ATM. Gender: Ladies, Mens, Unisex. Case material: Stainless steel. Case colour: Rosé gold. Case width: 40. Case thickness: 8. Dial colour: Black. Display: Analog. Movement: Battery (quartz). Movement type: Ronda, Swiss Made, 513-RL. Glass: hardened, Mineral glass. Strap material: Stainless steel. Strap colour: Rosé gold. Water resistance: 3. Functions: Minute, Second, Hour. Country of manufacture: Schweiz. Condition: new.",Black,40,,A660.30360.16SBR,Classic Black And pink 40mm 3ATM,EUR,205.63,23
APW42562,APW42562,7611382610584,,Mondaine,Apparel & Accessories > Jewelry > Watches,https://b2b.timeshop24.com/media/catalog/product/a/6/a660.30314.16sbr-s90-1080x1080px-_2021.jpg,https://b2b.timeshop24.com/media/catalog/product/a/6/a660.30314.16sbr-c80-_2021.jpg,https://b2b.timeshop24.com/media/catalog/product/a/6/a660.30314.16sbr-fl-1080px-_2021.jpg,INSTOCK,20,0.500000 KG,en,Mondaine A660.30314.16SBR Classic Black And pink 36mm 3ATM,"Mondaine Mondaine A660.30314.16SBR Classic Black And pink 36mm 3ATM. Manufacturer part number: A660.30314.16SBR. Series: Classic Black And pink 36mm 3ATM. Gender: Ladies, Mens, Unisex. Case material: Stainless steel. Case colour: Rosé gold. Case width: 36. Case thickness: 8. Dial colour: Black. Display: Analog. Movement: Battery (quartz). Movement type: 513, Ronda, Swiss Made. Glass: hardened, Mineral glass. Strap material: Stainless steel. Strap colour: Rosé gold. Water resistance: 3. Functions: Minute, Second, Hour. Country of manufacture: Schweiz. Condition: new.",Black,36,,A660.30314.16SBR,Classic Black And pink 36mm 3ATM,EUR,205.63,23
APW42834,APW42834,7611382601223,,Mondaine,Apparel & Accessories > Jewelry > Watches,https://b2b.timeshop24.com/media/catalog/product/m/s/mse.40112.lg.jpg,https://b2b.timeshop24.com/media/catalog/product/m/s/mse.40112.lg_2.jpg,https://b2b.timeshop24.com/media/catalog/product/m/s/mse.40112.lg_3.jpg,INSTOCK,4,0.500000 KG,en,Mondaine MSE.40112.LG Mens Watch evo2 SBB 40mm 3ATM,"Mondaine Mondaine MSE.40112.LG Mens Watch evo2 SBB 40mm 3ATM. Manufacturer part number: MSE.40112.LG. Series: evo2 SBB 40mm 3ATM. Gender: Mens. Case material: Stainless steel. Case colour: Gold. Case width: 40. Case thickness: 10. Dial colour: Silver. Display: Analog. Movement: Battery (quartz). Movement type: Ronda, Swiss Made, 513RL. Glass: anti-reflecting, Saphire glass. Strap material: Calf leather. Strap colour: Brown. Water resistance: 3. Functions: Minute, Second, Hour. Country of manufacture: Schweiz. Condition: new.",Silver,40,,MSE.40112.LG,evo2 SBB 40mm 3ATM,EUR,230.63,23
APW48460,APW48460,4974374341051,,Citizen,Apparel & Accessories > Jewelry > Watches,https://b2b.timeshop24.com/media/catalog/product/c/i/citizen_geh_use-silberfarben_-ziffernblatt-rot_-armband-silberfarben_em1090-78x.jpg,https://b2b.timeshop24.com/media/catalog/product/c/i/citizen_geh_use-silberfarben_-ziffernblatt-rot_-armband-silberfarben_em1090-78x_2.jpg,https://b2b.timeshop24.com/media/catalog/product/c/i/citizen_geh_use-silberfarben_-ziffernblatt-rot_-armband-silberfarben_em1090-78x_3.jpg,INSTOCK,3,0.500000 KG,en,Citizen EM1090-78X Ladies watch Arcly L Solar 31mm 5ATM,"Citizen Citizen EM1090-78X Ladies watch Arcly L Solar 31mm 5ATM. Manufacturer part number: EM1090-78X. Series: Arcly L Solar 31mm 5ATM. Gender: Ladies. Case material: Stainless steel. Case colour: Silver. Case width: 31. Case thickness: 8. Dial colour: Red. Display: Analog. Movement: Solar (quartz). Movement type: E031, Japan. Glass: anti-reflecting, Saphire glass. Strap material: Stainless steel, Leather. Strap colour: Red, Silver. Water resistance: 5. Functions: Minute, Second, Solar, Hour. Country of manufacture: Japan. Condition: new.",Red,31,,EM1090-78X,Arcly L Solar 31mm 5ATM,EUR,330.63,23
APW39939,APW39939,5710718259007,,Bering,Apparel & Accessories > Jewelry > Watches,https://b2b.timeshop24.com/media/catalog/product/1/9/19435-charity.jpg,https://b2b.timeshop24.com/media/catalog/product/1/9/19435-charity_frontcrosse.jpg,https://b2b.timeshop24.com/media/catalog/product/1/9/19435-charity_sideview.jpg,INSTOCK,99,0.500000 KG,en,Bering 19435-CHARITY Ladies Watch Charity Automatic 35mm 10ATM,"Bering Bering 19435-CHARITY Ladies Watch Charity Automatic 35mm 10ATM. Manufacturer part number: 19435-CHARITY. Series: Charity Automatic 35mm. Gender: Ladies. Case material: Stainless steel. Case colour: Silver. Case width: 35. Case thickness: 12. Dial colour: Blue. Display: Analog. Movement: Automatic. Glass: anti-reflecting, Saphire glass. Strap material: Stainless steel. Strap colour: Silver. Water resistance: 10. Functions: Minute, Second, Hour. Country of manufacture: China. Condition: new.",Blue,35,,19435-CHARITY,Charity Automatic 35mm,EUR,230.63,23
APW43140,APW43140,5710718260676,,Bering,Apparel & Accessories > Jewelry > Watches,https://b2b.timeshop24.com/media/catalog/product/1/9/19435-704__automaticq7bmrrlszdtmg.jpg,https://b2b.timeshop24.com/media/catalog/product/1/9/19435-704_sideviewhalf0logjuytf2h6q.jpg,https://b2b.timeshop24.com/media/catalog/product/1/9/19435-704_frontcrossmxzitcymeom1g.jpg,INSTOCK,39,0.500000 KG,en,Bering 19435-704 Ladies Watch Automatic 35mm 10ATM,"Bering Bering 19435-704 Ladies Watch Automatic 35mm 10ATM. Manufacturer part number: 19435-704. Series: Automatic 35mm 10ATM. Gender: Ladies. Case material: Stainless steel. Case colour: Silver. Case width: 35. Case thickness: 12. Dial colour: Mother of pearl, White. Display: Analog. Movement: Automatic. Movement type: 21 Jewels, Miyota, Japan. Glass: anti-reflecting, Saphire glass. Strap material: Stainless steel. Strap colour: Silver. Water resistance: 10. Functions: Minute, Second, Hour. Country of manufacture: China. Condition: new.","Mother of pearl, White",35,,19435-704,Automatic 35mm 10ATM,EUR,230.63,23
APW41415,APW41415,5710718260683,,Bering,Apparel & Accessories > Jewelry > Watches,https://b2b.timeshop24.com/media/catalog/product/1/9/19435-762.jpg,https://b2b.timeshop24.com/media/catalog/product/1/9/19435-762_sideviewhalf.jpg,https://b2b.timeshop24.com/media/catalog/product/1/9/19435-762_frontcross.jpg,OUTOFSTOCK,0,0.500000 KG,en,Bering 19435-762 Ladies Watch Automatic 35mm 10ATM,"Bering Bering 19435-762 Ladies Watch Automatic 35mm 10ATM. Manufacturer part number: 19435-762. Series: Automatic 35mm 10ATM. Gender: Ladies. Case material: Stainless steel. Case colour: Rosé gold. Case width: 35. Case thickness: 12. Dial colour: Mother of pearl, Black. Display: Analog. Movement: Automatic. Movement type: 21 Jewels, Miyota, Japan. Glass: anti-reflecting, Saphire glass. Strap material: Stainless steel. Strap colour: Rosé gold. Water resistance: 10. Functions: Minute, Second, Hour. Country of manufacture: China. Condition: new.","Mother of pearl, Black",35,,19435-762,Automatic 35mm 10ATM,EUR,224.69,23
APW24443,APW24443,7613077551608,,Bulova,Apparel & Accessories > Jewelry > Watches,https://b2b.timeshop24.com/media/catalog/product/9/7/97p125_front.jpg,https://b2b.timeshop24.com/media/catalog/product/9/7/97p125_profile.jpg,https://b2b.timeshop24.com/media/catalog/product/9/7/97p125_back.jpg,INSTOCK,9,0.500000 KG,en,Bulova 97P125 Rubaiyat Ladies 35mm 3ATM,"Bulova Bulova 97P125 Rubaiyat Ladies 35mm 3ATM. Manufacturer part number: 97P125. Series: Rubaiyat. Gender: Ladies. Case material: Stainless steel. Case colour: Gold. Case width: 35. Case thickness: 8. Dial colour: Silver. Display: Analog. Movement: Battery (quartz). Movement type: Miyota. Glass: anti-reflecting, Saphire glass. Strap material: Stainless steel. Strap colour: Gold. Water resistance: 3. Functions: Minute, Hour. Country of manufacture: Japan. Condition: new.",Silver,35,,97P125,Rubaiyat,EUR,311.88,23
APW46025,APW46025,4041338842630,,Zeppelin,Apparel & Accessories > Jewelry > Watches,https://b2b.timeshop24.com/media/catalog/product/z/e/zeppelin-8426-3-herrenuhr-atlantic-automatik-regulator-002.jpg,https://b2b.timeshop24.com/media/catalog/product/z/e/zeppelin-8426-3-herrenuhr-atlantic-automatik-regulator-mood-006_1.jpg,https://b2b.timeshop24.com/media/catalog/product/z/e/zeppelin-8426-3-herrenuhr-atlantic-automatik-regulator-mood-004.jpg,INSTOCK,4,0.500000 KG,en,Zeppelin 8426-3 Mens Watch Atlantic Automatik Regulator 42mm 5ATM,"Zeppelin Zeppelin 8426-3 Mens Watch Atlantic Automatik Regulator 42mm 5ATM . Manufacturer part number: 84263. Series: Atlantic Automatik Regulator 42mm 5ATM. Gender: Mens. Case material: Stainless steel. Case colour: Silver. Case width: 42. Case thickness: 12. Dial colour: Blue. Display: Analog. Movement: Automatic. Movement type: Sellita SW266. Glass: anti-reflecting, Saphire glass. Strap material: Stainless steel. Strap colour: Blue. Water resistance: 5. Functions: Date, Powerreserve, Minute, Second, Hour. Country of manufacture: Deutschland. Condition: new.",Blue,42,,84263,Atlantic Automatik Regulator 42mm 5ATM,EUR,949.39,23
APW41124,APW41124,4041338861488,,Zeppelin,Apparel & Accessories > Jewelry > Watches,https://b2b.timeshop24.com/media/catalog/product/z/e/zeppelin-8614m-3-lz-126-herrenuhr-002.jpg,https://b2b.timeshop24.com/media/catalog/product/z/e/zeppelin-uhren-box-karton-silber-002_24.jpg,https://b2b.timeshop24.com/media/catalog/product/z/e/zeppelin-fahrkarte_121.jpg,INSTOCK,5,0.500000 KG,en,Zeppelin 8614M-3 LZ-126 Automatic Chronograph,"Zeppelin Zeppelin 8614M-3 LZ-126 Automatic Chronograph. Manufacturer part number: 8614M3. Series: LZ-126 Automatic Chrono 42mm 5ATM. Gender: Mens. Case material: Stainless steel. Case colour: Silver. Case width: 42. Case thickness: 15. Dial colour: Blue. Display: Analog. Movement: Automatic. Movement type: Sellita, SW510, Swiss Made, 27 Jewels. Glass: Saphire glass. Strap material: Stainless steel. Strap colour: Silver. Water resistance: 5. Functions: Chronograph, Date, Minute, Second, Hour. Country of manufacture: Deutschland. Condition: new.",Blue,42,,8614M3,LZ-126 Automatic Chrono 42mm 5ATM,EUR,1404.31,23
APW37796,APW37796,7613077590683,,Bulova,Apparel & Accessories > Jewelry > Watches,https://b2b.timeshop24.com/media/catalog/product/9/6/96l306.jpg,https://b2b.timeshop24.com/media/catalog/product/9/6/96l306_back.jpg,https://b2b.timeshop24.com/media/catalog/product/9/6/96l306_side.jpg,INSTOCK,25,0.500000 KG,en,Bulova 96L306 Ladies Watch Rubaiyat Diamond 40mm 3ATM,"Bulova Bulova 96L306 Ladies Watch Rubaiyat Diamond 40mm 3ATM. Manufacturer part number: 96L306. Series: Ladies Watch Rubaiyat Diamond 40mm. Gender: Ladies. Case material: Stainless steel. Case colour: Silver. Case width: 40. Case thickness: 9. Dial colour: White. Display: Analog. Movement: Battery (quartz). Glass: Saphire glass. Strap material: Stainless steel. Strap colour: Silver. Water resistance: 3. Functions: Minute, Hour. Country of manufacture: Japan. Condition: new.",White,40,,96L306,Ladies Watch Rubaiyat Diamond 40mm,EUR,280.63,23
APW36379,APW36379,5710718392452,,Bering,Apparel & Accessories > Jewelry > Watches,https://b2b.timeshop24.com/media/catalog/product/1/8/18940-732.jpg,https://b2b.timeshop24.com/media/catalog/product/1/8/18940-732_sideviewhalf.jpg,https://b2b.timeshop24.com/media/catalog/product/1/8/18940-732_frontcross.jpg,INSTOCK,3,0.500000 KG,en,Bering 18940-732 Classic Sport men`s 40mm 10ATM,"Bering Bering 18940-732 Classic Sport men`s 40mm 10ATM. Manufacturer part number: 18940-732. Series: Classic Sport 40mm. Gender: Mens. Case material: Stainless steel. Case colour: Gold. Case width: 43. Case thickness: 8. Dial colour: Black. Display: Analog. Movement: Battery (quartz). Glass: anti-reflecting, Saphire glass. Strap material: Stainless steel. Strap colour: Gold. Water resistance: 10. Functions: Date, Minute, Second, Hour. Country of manufacture: China. Condition: new.",Black,43,,18940-732,Classic Sport 40mm,EUR,218.44,23
APW45473,APW45473,4041338852233,,Zeppelin,Apparel & Accessories > Jewelry > Watches,https://b2b.timeshop24.com/media/catalog/product/z/e/zeppelin-8522-3-herrenuhr-friedrichshafen-automatik-regulator-002.jpg,https://b2b.timeshop24.com/media/catalog/product/z/e/zeppelin-8522-3-herrenuhr-friedrichshafen-automatik-regulator-mood-006.jpg,https://b2b.timeshop24.com/media/catalog/product/z/e/zeppelin-8522-3-herrenuhr-friedrichshafen-automatik-regulator-mood-002.jpg,INSTOCK,5,0.500000 KG,en,Zeppelin 8522-3 Mens Watch Friedrichshafen Automatic Regulator 42mm 5ATM,"Zeppelin Zeppelin 8522-3 Mens Watch Friedrichshafen Automatic Regulator 42mm 5ATM . Manufacturer part number: 85223. Series: Friedrichshafen Automatic Regulator 42mm 5ATM. Gender: Mens. Case material: Stainless steel. Case colour: Silver. Case width: 42. Case thickness: 12. Dial colour: Blue. Display: Analog. Movement: Automatic. Movement type: Sellita. Glass: hardened, Mineral glass. Strap material: Calf leather. Strap colour: Blue. Water resistance: 5. Functions: Date, Minute, Second, Hour. Country of manufacture: Deutschland. Condition: new.",Blue,42,,85223,Friedrichshafen Automatic Regulator 42mm 5ATM,EUR,981.39,23
APW41413,APW41413,5710718399413,,Bering,Apparel & Accessories > Jewelry > Watches,https://b2b.timeshop24.com/media/catalog/product/1/4/14442-727.jpg,https://b2b.timeshop24.com/media/catalog/product/1/4/14442-727_sideviewhalf.jpg,https://b2b.timeshop24.com/media/catalog/product/1/4/14442-727_frontcross.jpg,INSTOCK,13,0.500000 KG,en,Bering 14442-727 Mens Watch Slim-Solar 42mm 5ATM,"Bering Bering 14442-727 Mens Watch Slim-Solar 42mm 5ATM. Manufacturer part number: 14442-727. Series: Slim-Solar 42mm 5ATM. Gender: Mens. Case material: Stainless steel. Case colour: Black. Case width: 42. Case thickness: 9. Dial colour: Blue. Display: Analog. Movement: Solar (quartz). Glass: anti-reflecting, Saphire glass. Strap material: Stainless steel. Strap colour: Black. Water resistance: 5. Functions: Date, Minute, Second, Hour. Country of manufacture: China. Condition: new.",Blue,42,,14442-727,Slim-Solar 42mm 5ATM,EUR,215.31,23
APW45774,APW45774,7613077605233,,Bulova,Apparel & Accessories > Jewelry > Watches,https://b2b.timeshop24.com/media/catalog/product/b/u/bulova_97b234_front_1.jpg,https://b2b.timeshop24.com/media/catalog/product/b/u/bulova_97b234_side_1.jpg,https://b2b.timeshop24.com/media/catalog/product/b/u/bulova_97b234_back_1.jpg,INSTOCK,32,0.500000 KG,en,Bulova 97B234 Mens Watch Surveyor Automatic 39mm 3ATM,"Bulova Bulova 97B234 Mens Watch Surveyor Automatic 39mm 3ATM . Manufacturer part number: 97B234. Series: Surveyor Automatic 39mm 3ATM. Gender: Mens. Case material: Stainless steel. Case colour: Rosé gold. Case width: 39. Case thickness: 12. Dial colour: Violet. Display: Analog. Movement: Automatic. Movement type: 21 Jewels, 8215, Miyota, Japan. Glass: anti-reflecting, Saphire glass. Strap material: Stainless steel. Strap colour: Rosé gold. Water resistance: 3. Functions: Date, Minute, Second, Hour. Country of manufacture: Japan. Condition: new.",Violet,39,,97B234,Surveyor Automatic 39mm 3ATM,EUR,330.63,23
APW40390,APW40390,4894041210803,,Bering,Apparel & Accessories > Jewelry > Watches,https://b2b.timeshop24.com/media/catalog/product/1/1/11743-709.jpg,https://b2b.timeshop24.com/media/catalog/product/1/1/11743-709_sideviewhalf.jpg,https://b2b.timeshop24.com/media/catalog/product/1/1/11743-709_frontcross.jpg,INSTOCK,12,0.500000 KG,en,Bering 11743-709 Classic Titanium Chronograph Mens Watch 40mm 5ATM,"Bering Bering 11743-709 Classic Titanium Chronograph Mens Watch 40mm 5ATM. Manufacturer part number: 11743-709. Series: Mens Titanium Classic 40 mm. Gender: Mens. Case material: Titanium. Case colour: Silver. Case width: 40. Case thickness: 10. Dial colour: Grey. Display: Analog. Movement: Battery (quartz). Glass: anti-reflecting, Saphire glass. Strap material: Titanium. Strap colour: Silver. Water resistance: 5. Functions: 24-hours, Chronograph, Date, Minute, Second, Hour. Country of manufacture: China. Condition: new.",Grey,40,,11743-709,Mens Titanium Classic 40 mm,EUR,224.38,23
APW41371,APW41371,4974374341723,,Citizen,Apparel & Accessories > Jewelry > Watches,https://b2b.timeshop24.com/media/catalog/product/a/w/aw0130-85ze.jpg,https://b2b.timeshop24.com/media/catalog/product/a/w/aw0130-85ze_2.jpg,https://b2b.timeshop24.com/media/catalog/product/a/w/aw0130-85ze_3.jpg,INSTOCK,34,0.500000 KG,en,Citizen AW0130-85Z Mens Watch Eco-Drive Super Titanium 40mm 10ATM,"Citizen Citizen AW0130-85Z Mens Watch Eco-Drive Super Titanium 40mm 10ATM. Manufacturer part number: AW0130-85ZC. Series: Eco-Drive Super Titanium 40mm 10ATM. Gender: Mens. Case material: Titanium. Case colour: Silver. Case width: 40. Case thickness: 10. Dial colour: Brown. Display: Analog. Movement: Solar (quartz). Movement type: Citizen, J800. Glass: anti-reflecting, Saphire glass. Strap material: Titanium. Strap colour: Silver. Water resistance: 10. Functions: Date, Minute, Second, Hour, Day. Country of manufacture: Japan. Condition: new.",Brown,40,,AW0130-85ZC,Eco-Drive Super Titanium 40mm 10ATM,EUR,293.13,23
APW40824,APW40824,4974374340399,,Citizen,Apparel & Accessories > Jewelry > Watches,https://b2b.timeshop24.com/media/catalog/product/c/i/citizen_bj8055-04e.jpg,https://b2b.timeshop24.com/media/catalog/product/b/j/bj8055-04e_backn.jpg,https://b2b.timeshop24.com/media/catalog/product/b/j/bj8055-04e_siden.jpg,INSTOCK,10,1.500000 KG,en,Citizen BJ8055-04E Mens Watch Eco-Drive Professional Diver 48mm 30ATM,"Citizen Citizen BJ8055-04E Mens Watch Eco-Drive Professional Diver 48mm 30ATM. Manufacturer part number: BJ8055-04E. Series: Eco-Drive Professional Diver 48mm 30ATM. Gender: Mens. Case material: Stainless steel. Case colour: Black. Case width: 48. Case thickness: 18. Dial colour: Black. Display: Analog. Movement: Solar (quartz). Movement type: B873, Citizen, Japan. Glass: hardened, Mineral glass. Strap material: Silicon. Strap colour: Blue. Water resistance: 30. Functions: Date, Minute, Second, Hour. Country of manufacture: Japan. Condition: new.",Black,48,,BJ8055-04E,Eco-Drive Professional Diver 48mm 30ATM,EUR,418.75,23
APW42201,APW42201,4974374342799,,Citizen,Apparel & Accessories > Jewelry > Watches,https://b2b.timeshop24.com/media/catalog/product/e/m/em1132-88h.jpg,https://b2b.timeshop24.com/media/catalog/product/e/m/em1132-88h_2.jpg,https://b2b.timeshop24.com/media/catalog/product/e/m/em1132-88h_3.jpg,INSTOCK,5,0.500000 KG,en,Citizen EM1132-88H Ladies Watch Citizen L Eco-Drive May Bells Mini 26mm 5ATM,"Citizen Citizen EM1132-88H Ladies Watch Citizen L Eco-Drive May Bells Mini 26mm 5ATM . Manufacturer part number: EM1132-88H. Series: Citizen L Eco-Drive May Bells Mini 26mm 5ATM. Gender: Ladies. Case material: Stainless steel. Case colour: Gold. Case width: 26. Case thickness: 8. Dial colour: Black. Display: Analog. Movement: Solar (quartz). Movement type: Citizen, E031, Japan, 180 Tage Dunkelgangreserve. Glass: anti-reflecting, Saphire glass. Strap material: Stainless steel. Strap colour: Gold. Water resistance: 5. Functions: Minute, Second, Hour. Country of manufacture: Japan. Condition: new.",Black,26,,EM1132-88H,Citizen L Eco-Drive May Bells Mini 26mm 5ATM,EUR,293.13,23
APW40825,APW40825,4974374340405,,Citizen,Apparel & Accessories > Jewelry > Watches,https://b2b.timeshop24.com/media/catalog/product/b/j/bj8055-04x.jpg,https://b2b.timeshop24.com/media/catalog/product/c/i/citizen-bj8055-04x-eco-drive-professional-diver-mood-02.jpg,https://b2b.timeshop24.com/media/catalog/product/b/j/bj8055-04x_side.jpg,INSTOCK,12,1.500000 KG,en,Citizen BJ8055-04X Mens Watch Eco-Drive Professional Diver 48mm 30ATM,"Citizen Citizen BJ8055-04X Mens Watch Eco-Drive Professional Diver 48mm 30ATM. Manufacturer part number: BJ8055-04X. Series: Eco-Drive Professional Diver 48mm 30ATM. Gender: Mens. Case material: Stainless steel. Case colour: Black. Case width: 48. Case thickness: 18. Dial colour: Green. Display: Analog. Movement: Solar (quartz). Movement type: B873, Citizen, Japan. Glass: hardened, Mineral glass. Strap material: Silicon. Strap colour: Black. Water resistance: 30. Functions: Date, Minute, Second, Hour. Country of manufacture: Japan. Condition: new.",Green,48,,BJ8055-04X,Eco-Drive Professional Diver 48mm 30ATM,EUR,424.38,23
APW41426,APW41426,5710718255535,,Bering,Apparel & Accessories > Jewelry > Watches,https://b2b.timeshop24.com/media/catalog/product/1/8/18936-704.jpg,https://b2b.timeshop24.com/media/catalog/product/1/8/18936-704_frontcross.jpg,https://b2b.timeshop24.com/media/catalog/product/1/8/18936-704_sideviewhalf.jpg,INSTOCK,21,0.500000 KG,en,Bering 18936-704 Ladies Watch Classic 36mm 10ATM,"Bering Bering 18936-704 Ladies Watch Classic 36mm 10ATM. Manufacturer part number: 18936-704. Series: Classic 36mm 10ATM. Gender: Ladies. Case material: Stainless steel. Case colour: Silver. Case width: 36. Case thickness: 8. Dial colour: Silver. Display: Analog. Movement: Battery (quartz). Glass: anti-reflecting, Saphire glass. Strap material: Stainless steel. Strap colour: Silver. Water resistance: 10. Functions: Minute, Second, Hour. Country of manufacture: China. Condition: new.",Silver,36,,18936-704,Classic 36mm 10ATM,EUR,209.06,23
APW43274,APW43274,7611382622013,,Mondaine,Apparel & Accessories > Jewelry > Watches,https://b2b.timeshop24.com/media/catalog/product/a/6/a660.30314.60sbf-s90-_2022_.jpg,https://b2b.timeshop24.com/media/catalog/product/a/6/a660.30314.60sbf-flt-_2022_.jpg,https://b2b.timeshop24.com/media/catalog/product/f/t/ft3118.60q.-sts-_2022_.jpg,INSTOCK,14,0.500000 KG,en,Mondaine A660.30314.60SBF Classic 36mm 3ATM,"Mondaine Mondaine A660.30314.60SBF Classic 36mm 3ATM. Manufacturer part number: A660.30314.60SBF. Series: Classic 36mm 3ATM. Gender: Ladies, Mens, Unisex. Case material: Stainless steel. Case colour: Silver. Case width: 36. Case thickness: 8. Dial colour: Green. Display: Analog. Movement: Battery (quartz). Movement type: 513, Ronda, Swiss Made. Glass: hardened, Mineral glass. Strap material: Textile. Strap colour: Green. Water resistance: 3. Functions: Minute, Second, Hour. Country of manufacture: Schweiz. Condition: new.",Green,36,,A660.30314.60SBF,Classic 36mm 3ATM,EUR,218.13,23
APW42111,APW42111,7613077599747,,Bulova,Apparel & Accessories > Jewelry > Watches,https://b2b.timeshop24.com/media/catalog/product/9/7/97b225.jpg,https://b2b.timeshop24.com/media/catalog/product/9/7/97b225_2.jpg,https://b2b.timeshop24.com/media/catalog/product/9/7/97b225_3.jpg,INSTOCK,51,0.500000 KG,en,Bulova 97B225 Mens Watch Hudson Automatic 39mm 3ATM,"Bulova Bulova 97B225 Mens Watch Hudson Automatic 39mm 3ATM. Manufacturer part number: 97B225. Series: Hudson Automatic 39mm 3ATM. Gender: Mens. Case material: Stainless steel. Case colour: Rosé gold. Case width: 39. Case thickness: 12. Dial colour: Silver. Display: Analog. Movement: Automatic. Movement type: 21 Jewels, Miyota, Japan. Glass: anti-reflecting, Saphire glass. Strap material: Calf leather. Strap colour: Brown. Water resistance: 3. Functions: Date, Minute, Second, Hour. Country of manufacture: Japan. Condition: new.",Silver,39,,97B225,Hudson Automatic 39mm 3ATM,EUR,343.13,23
APW39405,APW39405,4974374336187,,Citizen,Apparel & Accessories > Jewelry > Watches,https://b2b.timeshop24.com/media/catalog/product/e/m/em1060-87n.jpg,https://b2b.timeshop24.com/media/catalog/product/e/m/em1060-87n_2.jpg,https://b2b.timeshop24.com/media/catalog/product/e/m/em1060-87n_4.jpg,INSTOCK,7,0.500000 KG,en,Citizen EM1060-87N Eco-Drive Elegance Ladies Watch 30mm 5ATM,"Citizen Citizen EM1060-87N Eco-Drive Elegance Ladies Watch 30mm 5ATM. Manufacturer part number: EM1060-87N. Series: Eco-Drive Elegance Ladies 30mm. Gender: Ladies. Case material: Stainless steel. Case colour: Rosé gold. Case width: 30. Case thickness: 9. Dial colour: Blue, Mother of pearl. Display: Analog. Movement: Solar (quartz). Movement type: Citizen, E031. Glass: anti-reflecting, Saphire glass. Strap material: Stainless steel. Strap colour: Rosé gold. Water resistance: 5. Functions: Minute, Second, Hour. Country of manufacture: Japan. Condition: new.","Blue, Mother of pearl",30,,EM1060-87N,Eco-Drive Elegance Ladies 30mm,EUR,299.38,23
APW45791,APW45791,7613077605363,,Bulova,Apparel & Accessories > Jewelry > Watches,https://b2b.timeshop24.com/media/catalog/product/b/u/bulova_98a328_front_1.jpg,https://b2b.timeshop24.com/media/catalog/product/b/u/bulova_98a328_front_2.jpg,https://b2b.timeshop24.com/media/catalog/product/b/u/bulova_98a328_side_1.jpg,INSTOCK,3,0.500000 KG,en,Bulova 98A328 Mens Watch Curv Carbon & Gold Chronograph 44mm 3ATM,"Bulova Bulova 98A328 Mens Watch Curv Carbon & Gold Chronograph 44mm 3ATM . Manufacturer part number: 98A328. Series: Curv Carbon & Gold Chronograph 44mm 3ATM. Gender: Mens. Case material: Stainless steel, Gold, Carbon. Case colour: Gold, Black. Case width: 44. Case thickness: 11. Dial colour: Black. Display: Analog. Movement: Battery (quartz). Movement type: Japan, NR20 CURV GPQ. Glass: anti-reflecting, Saphire glass. Strap material: Caoutchouc. Strap colour: Black. Water resistance: 3. Functions: Chronograph, Minute, Hour. Country of manufacture: Japan. Condition: new.",Black,44,,98A328,Curv Carbon & Gold Chronograph 44mm 3ATM,EUR,1563.0,23
APW41416,APW41416,5710718255641,,Bering,Apparel & Accessories > Jewelry > Watches,https://b2b.timeshop24.com/media/catalog/product/1/9/19441-701.jpg,https://b2b.timeshop24.com/media/catalog/product/1/9/19441-701_sideviewhalf.jpg,https://b2b.timeshop24.com/media/catalog/product/1/9/19441-701_frontcross.jpg,INSTOCK,25,0.500000 KG,en,Bering 19441-701 Mens Watch Automatic 41mm 10ATM,"Bering Bering 19441-701 Mens Watch Automatic 41mm 10ATM. Manufacturer part number: 19441-701. Series: Automatic 41mm 10ATM. Gender: Mens. Case material: Stainless steel. Case colour: Silver. Case width: 41. Case thickness: 13. Dial colour: Orange. Display: Analog. Movement: Automatic. Movement type: 21 Jewels, Miyota, Japan. Glass: anti-reflecting, Saphire glass. Strap material: Stainless steel. Strap colour: Silver. Water resistance: 10. Functions: Minute, Second, Hour. Country of manufacture: China. Condition: new.",Orange,41,,19441-701,Automatic 41mm 10ATM,EUR,255.63,23
APW42500,APW42500,7613329181690,,Wenger,Apparel & Accessories > Jewelry > Watches,https://b2b.timeshop24.com/media/catalog/product/w/a/wat_01-1933-114_s1.jpg,https://b2b.timeshop24.com/media/catalog/product/w/r/wrw_01-1933-114_s_si.jpg,https://b2b.timeshop24.com/media/catalog/product/w/r/wrw_01-1933-114_ls_1.jpg,INSTOCK,4,0.500000 KG,en,Wenger 01.1933.114 Mens Watch Vintage Sport Chronograph 40mm 5ATM,"Wenger Wenger 01.1933.114 Mens Watch Vintage Sport Chronograph 40mm 5ATM. Manufacturer part number: 01.1933.114. Series: Vintage Sport Chronograph 40mm 5ATM. Gender: Mens. Case material: Stainless steel. Case colour: Black. Case width: 40. Case thickness: 11. Dial colour: Grey. Display: Analog. Movement: Battery (quartz). Movement type: Swiss Made. Glass: hardened, Mineral glass. Strap material: Silicon. Strap colour: Black. Water resistance: 5. Functions: Chronograph, Date, Minute, Second, Hour. Country of manufacture: Schweiz. Condition: new.",Grey,40,,01.1933.114,Vintage Sport Chronograph 40mm 5ATM,EUR,286.88,23
APW21545,APW21545,4974374267825,,Citizen,Apparel & Accessories > Jewelry > Watches,https://b2b.timeshop24.com/media/catalog/product/b/n/bn7020-09e_front1.jpg,https://b2b.timeshop24.com/media/catalog/product/b/n/bn7020-09e_front2.jpg,https://b2b.timeshop24.com/media/catalog/product/b/n/bn7020-09e_back.jpg,INSTOCK,6,1.500000 KG,en,Citizen BN7020-09E Promaster Diver 53mm 100ATM,"Citizen Citizen BN7020-09E Promaster Diver 53mm 100ATM. Manufacturer part number: BN7020-09E. Series: Promaster Marine 53 mm. Gender: Mens. Case material: Titanium. Case colour: Grey. Case width: 53. Case thickness: 22. Dial colour: Black. Display: Analog. Movement: Solar (quartz). Movement type: Citizen, J210. Glass: anti-reflecting, Saphire glass. Strap material: Silicon. Strap colour: Black. Water resistance: 100. Functions: Date, Minute, Second, Hour. Country of manufacture: Japan. Condition: new.",Black,53,,BN7020-09E,Promaster Marine 53 mm,EUR,1752.3,23
APW40670,APW40670,5710718257942,,Bering,Apparel & Accessories > Jewelry > Watches,https://b2b.timeshop24.com/media/catalog/product/b/e/bering_18936-705.jpg,https://b2b.timeshop24.com/media/catalog/product/b/e/bering_18936-705_sideviewhalf.jpg,https://b2b.timeshop24.com/media/catalog/product/b/e/bering_18936-705_frontcross.jpg,INSTOCK,19,0.500000 KG,en,Bering 18936-705 Arctic Sailing Ladies Watch 36mm 10ATM,"Bering Bering 18936-705 Arctic Sailing Ladies Watch 36mm 10ATM. Manufacturer part number: 18936-705. Series: Arctic Sailing Ladies Watch 36 mm 10ATM. Gender: Ladies. Case material: Stainless steel. Case colour: Silver. Case width: 36. Case thickness: 8. Dial colour: Blue. Display: Analog. Movement: Battery (quartz). Glass: anti-reflecting, Saphire glass. Strap material: Stainless steel. Strap colour: Silver. Water resistance: 10. Functions: Date, Minute, Second, Hour. Country of manufacture: China. Condition: new.",Blue,36,,18936-705,Arctic Sailing Ladies Watch 36 mm 10ATM,EUR,218.13,23
APW47903,APW47903,7613329145821,,Wenger,Apparel & Accessories > Jewelry > Watches,https://b2b.timeshop24.com/media/catalog/product/w/r/wrw_01_1543_120_s_fr.jpg,https://b2b.timeshop24.com/media/catalog/product/w/r/wrw_01_1543_120_s_si.jpg,https://b2b.timeshop24.com/media/catalog/product/w/r/wrw_01_1543_120_s_ba.jpg,INSTOCK,10,0.500000 KG,en,Wenger 01.1543.120 Mens Watch Attitude Chronograph 44mm 10ATM,"Wenger Wenger 01.1543.120 Mens Watch Attitude Chronograph 44mm 10ATM. Manufacturer part number: 01.1543.120. Series: Attitude Chronograph 44mm 10ATM. Gender: Mens. Case material: Stainless steel. Case colour: Silver. Case width: 44. Case thickness: 14. Dial colour: Black. Display: Analog. Movement: Battery (quartz). Movement type: 3520.D, Ronda. Glass: hardened, Mineral glass. Strap material: Stainless steel. Strap colour: Silver. Water resistance: 10. Functions: Chronograph, Date, Minute, Second, Hour. Country of manufacture: Schweiz. Condition: new.",Black,44,,01.1543.120,Attitude Chronograph 44mm 10ATM,EUR,286.88,23
APW41286,APW41286,5710718397686,,Bering,Apparel & Accessories > Jewelry > Watches,https://b2b.timeshop24.com/media/catalog/product/1/8/18940-704.jpg,https://b2b.timeshop24.com/media/catalog/product/1/8/18940-704_frontcross.jpg,https://b2b.timeshop24.com/media/catalog/product/1/8/18940-704_sideviewhalf.jpg,INSTOCK,10,0.500000 KG,en,Bering 18940-704 Mens Watch Classic Sport 40mm 10 ATM,"Bering Bering 18940-704 Mens Watch Classic Sport 40mm 10 ATM. Manufacturer part number: 18940-704. Series: Classic Sport 40mm 10 ATM. Gender: Mens. Case material: Stainless steel. Case colour: Silver. Case width: 40. Case thickness: 8. Dial colour: White. Display: Analog. Movement: Battery (quartz). Glass: anti-reflecting, Saphire glass. Strap material: Stainless steel. Strap colour: Silver. Water resistance: 10. Functions: Date, Minute, Second, Hour. Country of manufacture: China. Condition: new.",White,40,,18940-704,Classic Sport 40mm 10 ATM,EUR,218.13,23
APW36638,APW36638,5710718390960,,Bering,Apparel & Accessories > Jewelry > Watches,https://b2b.timeshop24.com/media/catalog/product/1/6/16743-704.jpg,https://b2b.timeshop24.com/media/catalog/product/1/6/16743-704_sideviewhalf.jpg,https://b2b.timeshop24.com/media/catalog/product/1/6/16743-704_frontcross.jpg,INSTOCK,7,0.500000 KG,en,Bering 16743-704 Automatic men`s 43mm 3ATM,"Bering Bering 16743-704 Automatic men`s 43mm 3ATM. Manufacturer part number: 16743-704. Series: Automatic 43 mm. Gender: Mens. Case material: Stainless steel. Case colour: Silver. Case width: 43. Case thickness: 12. Dial colour: White. Display: Analog. Movement: Automatic. Glass: anti-reflecting, Saphire glass. Strap material: Stainless steel. Strap colour: Silver. Water resistance: 3. Functions: Minute, Second, Hour. Country of manufacture: China. Condition: new.",White,43,,16743-704,Automatic 43 mm,EUR,305.63,23
APW47901,APW47901,7613329145791,,Wenger,Apparel & Accessories > Jewelry > Watches,https://b2b.timeshop24.com/media/catalog/product/w/r/wrw_01_1543_117_s_fr.jpg,https://b2b.timeshop24.com/media/catalog/product/w/r/wrw_01_1543_117_s_ba.jpg,https://b2b.timeshop24.com/media/catalog/product/w/r/wrw_01_1543_117_s_si.jpg,INSTOCK,6,0.500000 KG,en,Wenger 01.1543.117 Mens Watch Attitude Chronograph 44mm 10ATM,"Wenger Wenger 01.1543.117 Mens Watch Attitude Chronograph 44mm 10ATM. Manufacturer part number: 01.1543.117. Series: Attitude Chronograph 44mm 10ATM. Gender: Mens. Case material: Stainless steel. Case colour: Silver. Case width: 44. Case thickness: 14. Dial colour: Blue. Display: Analog. Movement: Battery (quartz). Movement type: 3520.D, Ronda. Glass: hardened, Mineral glass. Strap material: Silicon. Strap colour: Blue. Water resistance: 10. Functions: Chronograph, Date, Minute, Second, Hour. Country of manufacture: Schweiz. Condition: new.",Blue,44,,01.1543.117,Attitude Chronograph 44mm 10ATM,EUR,270.3,23
APW41382,APW41382,5710718262892,,Bering,Apparel & Accessories > Jewelry > Watches,https://b2b.timeshop24.com/media/catalog/product/1/5/15043-727.jpg,https://b2b.timeshop24.com/media/catalog/product/1/5/15043-727_frontcross.jpg,https://b2b.timeshop24.com/media/catalog/product/1/5/15043-727_sideviewhalf.jpg,INSTOCK,3,0.500000 KG,en,Bering 15043-727 Mens Watch Chronograph 43mm 10ATM,"Bering Bering 15043-727 Mens Watch Chronograph 43mm 10ATM. Manufacturer part number: 15043-727. Series: Chronograph 43mm 10ATM. Gender: Mens. Case material: Stainless steel. Case colour: Black. Case width: 43. Case thickness: 11. Dial colour: Blue. Display: Analog. Movement: Battery (quartz). Glass: anti-reflecting, Saphire glass. Strap material: Stainless steel. Strap colour: Black. Water resistance: 10. Functions: 24-hours, Chronograph, Date, Minute, Second, Hour. Country of manufacture: China. Condition: new.",Blue,43,,15043-727,Chronograph 43mm 10ATM,EUR,243.13,23
APW39395,APW39395,4974374337665,,Citizen,Apparel & Accessories > Jewelry > Watches,https://b2b.timeshop24.com/media/catalog/product/c/b/cb0270-10a.jpg,https://b2b.timeshop24.com/media/catalog/product/c/b/cb0270-10a_2.jpg,https://b2b.timeshop24.com/media/catalog/product/c/b/cb0270-10a_4.jpg,INSTOCK,3,0.500000 KG,en,Citizen CB0270-10A Eco-Drive Radio Controlled Mens Watch 43mm,"Citizen Citizen CB0270-10A Eco-Drive Radio Controlled Mens Watch 43mm . Manufacturer part number: CB0270-10A. Series: Eco-Drive Mens Radio Controlled 43mm. Gender: Mens. Case material: Stainless steel. Case colour: Silver. Case width: 43. Case thickness: 11. Dial colour: White. Display: Analog. Movement: Solar (quartz). Movement type: Citizen, H145. Glass: anti-reflecting, Saphire glass. Strap material: Calf leather. Strap colour: Blue. Water resistance: 10. Functions: Date, Save energy mode, Perpetual calendar, Radiocontrolled, Power Reserve, Minute, Second, Solar, Hour, Overcharge protection, Worldtimer. Country of manufacture: Japan. Condition: new.",White,43,,CB0270-10A,Eco-Drive Mens Radio Controlled 43mm,EUR,330.63,23
APW45381,APW45381,8430622808678,,Festina,Apparel & Accessories > Jewelry > Watches,https://b2b.timeshop24.com/media/catalog/product/f/2/f20029_3.jpg,https://b2b.timeshop24.com/media/catalog/product/f/2/f20029_3-_1_.jpg,https://b2b.timeshop24.com/media/catalog/product/f/2/f20029_3_3.jpg,INSTOCK,5,0.500000 KG,en,Festina F20029/3 Ladies Watch Swiss Made Rivé Automatic 35mm 10ATM,"Festina Festina F20029/3 Ladies Watch Swiss Made Rivé Automatic 35mm 10ATM . Manufacturer part number: F20029/3. Series: Swiss Made Rivé Automatic 35mm 10ATM. Gender: Ladies. Case material: Stainless steel. Case colour: Silver. Case width: 35. Case thickness: 10. Dial colour: Green. Display: Analog. Movement: Automatic. Movement type: 25 Jewels, Swiss Made. Glass: anti-reflecting, Saphire glass. Strap material: Stainless steel. Strap colour: Silver. Water resistance: 10. Functions: Date, Minute, Second, Hour. Country of manufacture: China. Condition: new.",Green,35,,F20029/3,Swiss Made Rivé Automatic 35mm 10ATM,EUR,530.63,23
APW45380,APW45380,8430622808654,,Festina,Apparel & Accessories > Jewelry > Watches,https://b2b.timeshop24.com/media/catalog/product/f/2/f20029_2.jpg,https://b2b.timeshop24.com/media/catalog/product/f/2/f20029_2-_1_.jpg,https://b2b.timeshop24.com/media/catalog/product/f/2/f20029_2_3.jpg,INSTOCK,4,0.500000 KG,en,Festina F20029/2 Ladies Watch Swiss Made Rivé Automatic 35mm 10ATM,"Festina Festina F20029/2 Ladies Watch Swiss Made Rivé Automatic 35mm 10ATM . Manufacturer part number: F20029/2. Series: Swiss Made Rivé Automatic 35mm 10ATM. Gender: Ladies. Case material: Stainless steel. Case colour: Silver. Case width: 35. Case thickness: 10. Dial colour: Blue. Display: Analog. Movement: Automatic. Movement type: 25 Jewels, Swiss Made. Glass: anti-reflecting, Saphire glass. Strap material: Stainless steel. Strap colour: Silver. Water resistance: 10. Functions: Date, Minute, Second, Hour. Country of manufacture: China. Condition: new.",Blue,35,,F20029/2,Swiss Made Rivé Automatic 35mm 10ATM,EUR,530.63,23
APW45384,APW45384,8430622808661,,Festina,Apparel & Accessories > Jewelry > Watches,https://b2b.timeshop24.com/media/catalog/product/f/2/f20029_6.jpg,https://b2b.timeshop24.com/media/catalog/product/f/2/f20029_1-_1__1.jpg,https://b2b.timeshop24.com/media/catalog/product/f/2/f20029_3_3_1.jpg,INSTOCK,4,0.500000 KG,en,Festina F20029/6 Ladies Watch Swiss Made Rivé Automatic 35mm 10ATM,"Festina Festina F20029/6 Ladies Watch Swiss Made Rivé Automatic 35mm 10ATM . Manufacturer part number: F20029/6. Series: Swiss Made Rivé Automatic 35mm 10ATM. Gender: Ladies. Case material: Stainless steel. Case colour: Silver. Case width: 35. Case thickness: 10. Dial colour: Black. Display: Analog. Movement: Automatic. Movement type: 25 Jewels, Swiss Made. Glass: anti-reflecting, Saphire glass. Strap material: Stainless steel. Strap colour: Silver. Water resistance: 10. Functions: Date, Minute, Second, Hour. Country of manufacture: China. Condition: new.",Black,35,,F20029/6,Swiss Made Rivé Automatic 35mm 10ATM,EUR,530.63,23
APW42498,APW42498,7613329181676,,Wenger,Apparel & Accessories > Jewelry > Watches,https://b2b.timeshop24.com/media/catalog/product/w/a/wat_01-1933-112_s1.jpg,https://b2b.timeshop24.com/media/catalog/product/w/r/wrw_01-1933-112_s_si.jpg,https://b2b.timeshop24.com/media/catalog/product/w/a/wat_01-1933-112_fu.jpg,INSTOCK,4,0.500000 KG,en,Wenger 01.1933.112 Mens Watch Vintage Sport Chronograph 40mm 5ATM,"Wenger Wenger 01.1933.112 Mens Watch Vintage Sport Chronograph 40mm 5ATM. Manufacturer part number: 01.1933.112. Series: Vintage Sport Chronograph 40mm 5ATM. Gender: Mens. Case material: Stainless steel. Case colour: Silver. Case width: 40. Case thickness: 11. Dial colour: Green. Display: Analog. Movement: Battery (quartz). Movement type: Swiss Made. Glass: hardened, Mineral glass. Strap material: Stainless steel. Strap colour: Silver. Water resistance: 5. Functions: Chronograph, Date, Minute, Second, Hour. Country of manufacture: Schweiz. Condition: new.",Green,40,,01.1933.112,Vintage Sport Chronograph 40mm 5ATM,EUR,280.63,23
APW45383,APW45383,8430622808449,,Festina,Apparel & Accessories > Jewelry > Watches,https://b2b.timeshop24.com/media/catalog/product/f/2/f20029_5.jpg,https://b2b.timeshop24.com/media/catalog/product/f/2/f20029_1-_1__2.jpg,https://b2b.timeshop24.com/media/catalog/product/f/2/f20029_3_3_2.jpg,OUTOFSTOCK,0,0.500000 KG,en,Festina F20029/5 Ladies Watch Swiss Made Rivé Automatic 35mm 10ATM,"Festina Festina F20029/5 Ladies Watch Swiss Made Rivé Automatic 35mm 10ATM . Manufacturer part number: F20029/5. Series: Swiss Made Rivé Automatic 35mm 10ATM. Gender: Ladies. Case material: Stainless steel. Case colour: Silver. Case width: 35. Case thickness: 10. Dial colour: Green. Display: Analog. Movement: Automatic. Movement type: 25 Jewels, Swiss Made. Glass: anti-reflecting, Saphire glass. Strap material: Stainless steel. Strap colour: Silver. Water resistance: 10. Functions: Date, Minute, Second, Hour. Country of manufacture: China. Condition: new.",Green,35,,F20029/5,Swiss Made Rivé Automatic 35mm 10ATM,EUR,530.63,23
APW45387,APW45387,8430622808463,,Festina,Apparel & Accessories > Jewelry > Watches,https://b2b.timeshop24.com/media/catalog/product/f/2/f20028_4.jpg,https://b2b.timeshop24.com/media/catalog/product/f/2/f20028_1-_1__1.jpg,https://b2b.timeshop24.com/media/catalog/product/f/2/f20028_4_3.jpg,OUTOFSTOCK,0,0.500000 KG,en,Festina F20028/4 Mens Watch Swiss Made Rivé Automatic 40mm 10ATM,"Festina Festina F20028/4 Mens Watch Swiss Made Rivé Automatic 40mm 10ATM . Manufacturer part number: F20028/4. Series: Swiss Made Rivé Automatic 40mm 10ATM. Gender: Mens. Case material: Stainless steel. Case colour: Silver. Case width: 40. Case thickness: 11. Dial colour: Black. Display: Analog. Movement: Automatic. Movement type: 25 Jewels, Swiss Made. Glass: anti-reflecting, Saphire glass. Strap material: Stainless steel. Strap colour: Silver. Water resistance: 10. Functions: Date, Minute, Second, Hour. Country of manufacture: China. Condition: new.",Black,40,,F20028/4,Swiss Made Rivé Automatic 40mm 10ATM,EUR,530.63,23
APW42516,APW42516,7613329181522,,Wenger,Apparel & Accessories > Jewelry > Watches,https://b2b.timeshop24.com/media/catalog/product/0/1/01-1933-104_s1.jpg,https://b2b.timeshop24.com/media/catalog/product/0/1/01-1933-104_s_si.jpg,https://b2b.timeshop24.com/media/catalog/product/0/1/01-1933-104_ls_2.jpg,INSTOCK,3,0.500000 KG,en,Wenger 01.1933.104 Mens Watch Vintage Classic Chronograph 40mm 5ATM,"Wenger Wenger 01.1933.104 Mens Watch Vintage Classic Chronograph 40mm 5ATM. Manufacturer part number: 01.1933.104. Series: Vintage Classic Chronograph 40mm 5ATM. Gender: Mens. Case material: Stainless steel. Case colour: Silver. Case width: 40. Case thickness: 11. Dial colour: White. Display: Analog. Movement: Battery (quartz). Movement type: Swiss Made. Glass: hardened, Mineral glass. Strap material: Plastic. Strap colour: Black. Water resistance: 5. Functions: Chronograph, Date, Minute, Second, Hour. Country of manufacture: Schweiz. Condition: new.",White,40,,01.1933.104,Vintage Classic Chronograph 40mm 5ATM,EUR,280.63,23
APW42486,APW42486,7613329187340,,Wenger,Apparel & Accessories > Jewelry > Watches,https://b2b.timeshop24.com/media/catalog/product/w/r/wrw_01-0643-129_po.jpg,https://b2b.timeshop24.com/media/catalog/product/w/r/wrw_01-0643-129_si.jpg,https://b2b.timeshop24.com/media/catalog/product/w/r/wrw_01-0643-129_fu.jpg,INSTOCK,16,0.500000 KG,en,Wenger 01.0643.129 Mens Watch Seaforce Chronograph 43mm 20ATM,"Wenger Wenger 01.0643.129 Mens Watch Seaforce Chronograph 43mm 20ATM. Manufacturer part number: 01.0643.129. Series: Seaforce Chronograph 43mm 20ATM. Gender: Mens. Case material: Stainless steel. Case colour: Grey. Case width: 43. Case thickness: 12. Dial colour: Grey. Display: Analog. Movement: Battery (quartz). Movement type: Swiss Made. Glass: hardened, Mineral glass. Strap material: Silicon. Strap colour: Yellow. Water resistance: 20. Functions: Chronograph, Date, Minute, Second, Hour. Country of manufacture: Schweiz. Condition: new.",Grey,43,,01.0643.129,Seaforce Chronograph 43mm 20ATM,EUR,318.13,23
APW45354,APW45354,8430622808609,,Festina,Apparel & Accessories > Jewelry > Watches,https://b2b.timeshop24.com/media/catalog/product/f/2/f20032_1.jpg,https://b2b.timeshop24.com/media/catalog/product/f/2/f20032_1-_1_.jpg,https://b2b.timeshop24.com/media/catalog/product/f/2/f20032_1_3.jpg,INSTOCK,7,0.500000 KG,en,Festina F20032/1 Mens Watch Swiss Made Rivé Automatic 40mm 10ATM,"Festina Festina F20032/1 Mens Watch Swiss Made Rivé Automatic 40mm 10ATM . Manufacturer part number: F20032/1. Series: Swiss Made Rivé Automatic 40mm 10ATM. Gender: Mens. Case material: Stainless steel. Case colour: Gold. Case width: 40. Case thickness: 11. Dial colour: Silver. Display: Analog. Movement: Automatic. Movement type: 25 Jewels, Swiss Made. Glass: anti-reflecting, Saphire glass. Strap material: Stainless steel. Strap colour: Gold. Water resistance: 10. Functions: Date, Minute, Second, Hour. Country of manufacture: China. Condition: new.",Silver,40,,F20032/1,Swiss Made Rivé Automatic 40mm 10ATM,EUR,603.13,23
APW45355,APW45355,8430622808418,,Festina,Apparel & Accessories > Jewelry > Watches,https://b2b.timeshop24.com/media/catalog/product/f/2/f20032_2.jpg,https://b2b.timeshop24.com/media/catalog/product/f/2/f20032_2-_1_.jpg,https://b2b.timeshop24.com/media/catalog/product/f/2/f20032_2_3.jpg,INSTOCK,3,0.500000 KG,en,Festina F20032/2 Mens Watch Swiss Made Rivé Automatic 40mm 10ATM,"Festina Festina F20032/2 Mens Watch Swiss Made Rivé Automatic 40mm 10ATM . Manufacturer part number: F20032/2. Series: Swiss Made Rivé Automatic 40mm 10ATM. Gender: Mens. Case material: Stainless steel. Case colour: Gold. Case width: 40. Case thickness: 11. Dial colour: Golden. Display: Analog. Movement: Automatic. Movement type: 25 Jewels, Swiss Made. Glass: anti-reflecting, Saphire glass. Strap material: Stainless steel. Strap colour: Gold. Water resistance: 10. Functions: Date, Minute, Second, Hour. Country of manufacture: China. Condition: new.",Golden,40,,F20032/2,Swiss Made Rivé Automatic 40mm 10ATM,EUR,603.13,23
APW37775,APW37775,8033288984139,,Maserati,Apparel & Accessories > Jewelry > Watches,https://b2b.timeshop24.com/media/catalog/product/r/8/r8823150001.jpg,https://b2b.timeshop24.com/media/catalog/product/r/8/r8823150001_closeup.jpg,https://b2b.timeshop24.com/media/catalog/product/m/a/maserati_watch_box_11_36_125_4.jpg,INSTOCK,3,0.500000 KG,en,Maserati R8823150001 Traguardo Mens Watch Automatic 45mm 20ATM,"Maserati Maserati R8823150001 Traguardo Mens Watch Automatic 45mm 20ATM. Manufacturer part number: R8823150001. Series: Mens Watch Traguardo Automatic 45mm. Gender: Mens. Case material: Ceramic. Case colour: Black. Case width: 45. Case thickness: 14. Dial colour: Black. Display: Analog. Movement: Automatic. Glass: anti-reflecting, Saphire glass. Strap material: Ceramic. Strap colour: Black. Water resistance: 20. Functions: 24-hours, Minute, Second, Hour. Country of manufacture: China. Condition: new.",Black,45,,R8823150001,Mens Watch Traguardo Automatic 45mm,EUR,612.5,23
APW39403,APW39403,4974374336132,,Citizen,Apparel & Accessories > Jewelry > Watches,https://b2b.timeshop24.com/media/catalog/product/e/m/em1070-83d.jpg,https://b2b.timeshop24.com/media/catalog/product/e/m/em1070-83d_3.jpg,https://b2b.timeshop24.com/media/catalog/product/c/i/citizen_geh_use-silberfarben_-ziffernblatt-mother-of-pearl-white_-armband-silberfarben_em1070-83d.jpg,INSTOCK,32,0.500000 KG,en,Citizen EM1070-83D Eco-Drive Elegance Ladies Watch 30mm 5ATM,"Citizen Citizen EM1070-83D Eco-Drive Elegance Ladies Watch 30mm 5ATM. Manufacturer part number: EM1070-83D. Series: Eco-Drive Elegance Ladies 30mm. Gender: Ladies. Case material: Stainless steel. Case colour: Silver. Case width: 30. Case thickness: 9. Dial colour: Mother of pearl, White. Display: Analog. Movement: Solar (quartz). Movement type: Citizen, E031. Glass: anti-reflecting, Saphire glass. Strap material: Stainless steel. Strap colour: Silver. Water resistance: 5. Functions: Minute, Second, Hour. Country of manufacture: Japan. Condition: new.","Mother of pearl, White",30,,EM1070-83D,Eco-Drive Elegance Ladies 30mm,EUR,261.88,23
APW34925,APW34925,8033288968252,,Maserati,Apparel & Accessories > Jewelry > Watches,https://b2b.timeshop24.com/media/catalog/product/r/8/r8853147504_1.jpg,https://b2b.timeshop24.com/media/catalog/product/r/8/r8853147504_1a.jpg,https://b2b.timeshop24.com/media/catalog/product/r/8/r8853147504_2.jpg,OUTOFSTOCK,0,0.500000 KG,en,Maserati R8853147504 Royale ladies 36mm 5ATM,"Maserati Maserati R8853147504 Royale ladies 36mm 5ATM. Manufacturer part number: R8853147504. Series: Royale 36mm. Gender: Ladies. Case material: Stainless steel. Case colour: Silver. Case width: 36. Case thickness: 9. Dial colour: Black. Display: Analog. Movement: Battery (quartz). Glass: hardened, Mineral glass. Strap material: Stainless steel. Strap colour: Silver. Water resistance: 5. Functions: Minute, Second, Hour. Country of manufacture: China. Condition: new.",Black,36,,R8853147504,Royale 36mm,EUR,268.13,23
APW39406,APW39406,4974374338471,,Citizen,Apparel & Accessories > Jewelry > Watches,https://b2b.timeshop24.com/media/catalog/product/e/w/ew2601-81l.jpg,https://b2b.timeshop24.com/media/catalog/product/e/w/ew2601-81l_2.jpg,https://b2b.timeshop24.com/media/catalog/product/e/w/ew2601-81l_4.jpg,INSTOCK,4,0.500000 KG,en,Citizen EW2601-81L Eco-Drive Titanium Ladies Watch 29mm 10ATM,"Citizen Citizen EW2601-81L Eco-Drive Titanium Ladies Watch 29mm 10ATM. Manufacturer part number: EW2601-81L. Series: Eco-Drive Titanium Ladies 29mm. Gender: Ladies. Case material: Titanium. Case colour: Silver. Case width: 29. Case thickness: 9. Dial colour: Blue. Display: Analog. Movement: Solar (quartz). Movement type: Citizen, E013. Glass: anti-reflecting, Saphire glass. Strap material: Titanium. Strap colour: Silver. Water resistance: 10. Functions: Date, Minute, Second, Hour. Country of manufacture: Japan. Condition: new.",Blue,29,,EW2601-81L,Eco-Drive Titanium Ladies 29mm,EUR,304.38,23
APW39407,APW39407,4974374338495,,Citizen,Apparel & Accessories > Jewelry > Watches,https://b2b.timeshop24.com/media/catalog/product/e/w/ew2601-81z.jpg,https://b2b.timeshop24.com/media/catalog/product/e/w/ew2601-81z_2.jpg,https://b2b.timeshop24.com/media/catalog/product/e/w/ew2601-81z_4.jpg,INSTOCK,4,0.500000 KG,en,Citizen EW2601-81Z Eco-Drive Titanium Ladies Watch 29mm 10ATM,"Citizen Citizen EW2601-81Z Eco-Drive Titanium Ladies Watch 29mm 10ATM. Manufacturer part number: EW2601-81Z. Series: Eco-Drive Titanium Ladies 29mm. Gender: Ladies. Case material: Titanium. Case colour: Silver. Case width: 29. Case thickness: 9. Dial colour: Brown. Display: Analog. Movement: Solar (quartz). Movement type: Citizen, E013. Glass: anti-reflecting, Saphire glass. Strap material: Titanium. Strap colour: Silver. Water resistance: 10. Functions: Date, Minute, Second, Hour. Country of manufacture: Japan. Condition: new.",Brown,29,,EW2601-81Z,Eco-Drive Titanium Ladies 29mm,EUR,305.63,23
APW45350,APW45350,8430622808593,,Festina,Apparel & Accessories > Jewelry > Watches,https://b2b.timeshop24.com/media/catalog/product/f/2/f20030_1.jpg,https://b2b.timeshop24.com/media/catalog/product/f/2/f20030_1-_1_.jpg,https://b2b.timeshop24.com/media/catalog/product/f/2/f20030_1_3.jpg,INSTOCK,4,0.500000 KG,en,Festina F20030/1 Mens Watch Swiss Made Rivé Automatic 40mm 10ATM,"Festina Festina F20030/1 Mens Watch Swiss Made Rivé Automatic 40mm 10ATM . Manufacturer part number: F20030/1. Series: Swiss Made Rivé Automatic 40mm 10ATM. Gender: Mens. Case material: Stainless steel. Case colour: Silver. Case width: 40. Case thickness: 11. Dial colour: White. Display: Analog. Movement: Automatic. Movement type: 25 Jewels, Swiss Made. Glass: anti-reflecting, Saphire glass. Strap material: Stainless steel. Strap colour: Silver. Water resistance: 10. Functions: Date, Minute, Second, Hour. Country of manufacture: China. Condition: new.",White,40,,F20030/1,Swiss Made Rivé Automatic 40mm 10ATM,EUR,571.88,23
APW45351,APW45351,8430622808371,,Festina,Apparel & Accessories > Jewelry > Watches,https://b2b.timeshop24.com/media/catalog/product/f/2/f20030_2.jpg,https://b2b.timeshop24.com/media/catalog/product/f/2/f20030_2-_1_.jpg,https://b2b.timeshop24.com/media/catalog/product/f/2/f20030_2_3.jpg,INSTOCK,4,0.500000 KG,en,Festina F20030/2 Mens Watch Swiss Made Rivé Automatic 40mm 10ATM,"Festina Festina F20030/2 Mens Watch Swiss Made Rivé Automatic 40mm 10ATM . Manufacturer part number: F20030/2. Series: Swiss Made Rivé Automatic 40mm 10ATM. Gender: Mens. Case material: Stainless steel. Case colour: Silver. Case width: 40. Case thickness: 11. Dial colour: Blue. Display: Analog. Movement: Automatic. Movement type: 25 Jewels, Swiss Made. Glass: anti-reflecting, Saphire glass. Strap material: Stainless steel. Strap colour: Silver. Water resistance: 10. Functions: Date, Minute, Second, Hour. Country of manufacture: China. Condition: new.",Blue,40,,F20030/2,Swiss Made Rivé Automatic 40mm 10ATM,EUR,571.88,23
APW46713,APW46713,8056783296613,,Maserati,Apparel & Accessories > Jewelry > Watches,https://b2b.timeshop24.com/media/catalog/product/m/a/maserati_r8821124002_front.jpg,https://b2b.timeshop24.com/media/catalog/product/m/a/maserati_r8821124002_angle.jpg,https://b2b.timeshop24.com/media/catalog/product/m/a/maserati_r8821124002_side.jpg,INSTOCK,5,0.500000 KG,en,Maserati R8821124002 Mens Watch Sorpasso Automatic 42mm 10ATM,"Maserati Maserati R8821124002 Mens Watch Sorpasso Automatic 42mm 10ATM . Manufacturer part number: R8821124002. Series: Sorpasso Automatic 42mm 10ATM. Gender: Mens. Case material: Stainless steel. Case colour: Silver. Case width: 42. Case thickness: 14. Dial colour: Brown. Display: Analog. Movement: Automatic. Glass: Mineral glass, Sapphire coated. Strap material: Calf leather. Strap colour: Brown. Water resistance: 10. Functions: Minute, Second, Hour. Country of manufacture: China. Condition: new.",Brown,42,,R8821124002,Sorpasso Automatic 42mm 10ATM,EUR,380.63,23
APW41951,APW41951,8056783058624,,Maserati,Apparel & Accessories > Jewelry > Watches,https://b2b.timeshop24.com/media/catalog/product/r/8/r8873600001.jpg,https://b2b.timeshop24.com/media/catalog/product/r/8/r8873600001_2.jpg,https://b2b.timeshop24.com/media/catalog/product/r/8/r8873600001_3.jpg,INSTOCK,3,0.500000 KG,en,Maserati R8873600001 Mens Watch Competizione Chronograph 43mm 10ATM,"Maserati Maserati R8873600001 Mens Watch Competizione Chronograph 43mm 10ATM. Manufacturer part number: R8873600001. Series: Competizione Chronograph 43mm 10ATM. Gender: Mens. Case material: Stainless steel, Ceramic. Case colour: Black, Silver. Case width: 43. Case thickness: 11. Dial colour: Black. Display: Analog. Movement: Battery (quartz). Movement type: Japan. Glass: hardened, Mineral glass. Strap material: Stainless steel. Strap colour: Silver. Water resistance: 10. Functions: 24-hours, Chronograph, Date, Minute, Second, Hour. Country of manufacture: China. Condition: new.",Black,43,,R8873600001,Competizione Chronograph 43mm 10ATM,EUR,380.63,23
